jobid,channel,base_channel,m_a_GeV,g_agg_GeV_inv,sqrt_s_GeV,observable,n_generated,n_observable_values,observable_selected_fraction,n_analysis_selected,analysis_bin_acceptance_fraction,full_analysis_selected_fraction,analytic_region_probability,conditional_detector_efficiency,flat_detector_efficiency,detector_correction_factor,sigma_pb,luminosity_pb_inv,expected_selected_events_full_analysis,required_selected_events_full_shape,equivalent_background_events_full_shape,binned_sensitivity_denominator,full_analysis_strength_ratio,projection_required_events_gaussian,expected_selected_events_flat_model,flat_model_strength_ratio,projection_limit_method,delphes_root
0,invisible_lower,invisible,0.01,4.76470089365e-07,91.2,recoil_energy_GeV,10000,9840,0.984,9840,1.0,0.984,0.9999999968628872,0.9840000030869189,0.9826744374724365,1.0013489367016526,5.375616663878495e-08,150000000.0,7.9344101958846585,6.8620303262890054,17.375446567863467,0.057552477635282026,1.1562773433814884,10.70808136427202,7.923721597008775,0.7399758488431567,binned_delta_chi2_with_3_event_floor,/data/alice/ipardoza/Axions/results/alp_full_production/fccee_z_full_projection_fullbg_channelaware/cluster_4797476/job0_m0p01_g4p76470089365em07_s91p2_IDEA/delphes.root
1,invisible_lower,invisible,0.0105148957685,4.76470091614e-07,91.2,recoil_energy_GeV,10000,9837,0.9837,9837,1.0,0.9837,0.9999999961651355,0.9837000037723562,0.9826744374724365,1.0010436480901626,5.375616694144821e-08,150000000.0,7.93199121304539,6.848310107643566,17.30603370127418,0.05778331518714041,1.158240659136084,10.70808136427202,7.9237216360929015,0.739975852493122,binned_delta_chi2_with_3_event_floor,/data/alice/ipardoza/Axions/results/alp_full_production/fccee_z_full_projection_fullbg_channelaware/cluster_4797476/job1_m0p0105148957685_g4p76470091614em07_s91p2_IDEA/delphes.root
2,invisible_lower,invisible,0.0110563033023,4.76470094119e-07,91.2,recoil_energy_GeV,10000,9815,0.9815,9815,1.0,0.9815,0.9999999953121909,0.9815000046010848,0.9826744374724365,0.9988048606674124,5.375616728024216e-08,150000000.0,7.914251727833652,6.857587154040783,17.35295261079896,0.057627080672005504,1.154086933210938,10.708081378734471,7.923721679273029,0.739975855526183,binned_delta_chi2_with_3_event_floor,/data/alice/ipardoza/Axions/results/alp_full_production/fccee_z_full_projection_fullbg_channelaware/cluster_4797476/job2_m0p0110563033023_g4p76470094119em07_s91p2_IDEA/delphes.root
3,invisible_lower,invisible,0.011625587681,4.76470096913e-07,91.2,recoil_energy_GeV,10000,9828,0.9828,9828,1.0,0.9828,0.9999999942695356,0.9828000056319005,0.9826744374724365,1.0001277820554557,5.375616766032784e-08,150000000.0,7.92473423648553,6.831430194256555,17.2208260143912,0.05806922380867875,1.1600402860221213,10.708081378734471,7.92372172703639,0.7399758599866796,binned_delta_chi2_with_3_event_floor,/data/alice/ipardoza/Axions/results/alp_full_production/fccee_z_full_projection_fullbg_channelaware/cluster_4797476/job3_m0p011625587681_g4p76470096913em07_s91p2_IDEA/delphes.root
4,invisible_lower,invisible,0.0122241842713,4.76470100031e-07,91.2,recoil_energy_GeV,10000,9838,0.9838,9838,1.0,0.9838,0.9999999929949747,0.983800006891544,0.9826744374724365,1.0011454143673488,5.375616808707616e-08,150000000.0,7.932797724609828,6.871478123334571,17.423325313455937,0.05739432525131729,1.1544528822221183,10.708081394724594,7.923721779840323,0.7399758638129139,binned_delta_chi2_with_3_event_floor,/data/alice/ipardoza/Axions/results/alp_full_production/fccee_z_full_projection_fullbg_channelaware/cluster_4797476/job4_m0p0122241842713_g4p76470100031em07_s91p2_IDEA/delphes.root
5,invisible_lower,invisible,0.0128536023469,4.76470103514e-07,91.2,recoil_energy_GeV,10000,9831,0.9831,9831,1.0,0.9831,0.9999999914369277,0.9831000084183564,0.9826744374724365,1.000433074200052,5.375616856694503e-08,150000000.0,7.927153397724548,6.920768174108723,17.674181594005972,0.05657970609168915,1.1454152484663207,10.708081394724594,7.9237218382280235,0.73997586926559,binned_delta_chi2_with_3_event_floor,/data/alice/ipardoza/Axions/results/alp_full_production/fccee_z_full_projection_fullbg_channelaware/cluster_4797476/job5_m0p0128536023469_g4p76470103514em07_s91p2_IDEA/delphes.root
6,invisible_lower,invisible,0.0135154288928,4.76470107408e-07,91.2,recoil_energy_GeV,10000,9852,0.9852,9852,1.0,0.9852,0.9999999895323425,0.9852000103127363,0.9826744374724365,1.0025701012909176,5.375616910722546e-08,150000000.0,7.944086670665778,6.865142693430296,17.391211882346635,0.05750030571561686,1.1571626440143763,10.708081412403756,7.9237219027745835,0.7399758740717178,binned_delta_chi2_with_3_event_floor,/data/alice/ipardoza/Axions/results/alp_full_production/fccee_z_full_projection_fullbg_channelaware/cluster_4797476/job6_m0p0135154288928_g4p76470107408em07_s91p2_IDEA/delphes.root
7,invisible_lower,invisible,0.0142113326075,4.76470111767e-07,91.2,recoil_energy_GeV,10000,9832,0.9832,9832,1.0,0.9832,0.9999999872041423,0.9832000125808874,0.9826744374724365,1.0005348415389768,5.375616971668742e-08,150000000.0,7.92795990981706,6.815079736591075,17.138491445053237,0.05834819261695489,1.163296720836703,10.708081412403756,7.9237219741619755,0.7399758807384015,binned_delta_chi2_with_3_event_floor,/data/alice/ipardoza/Axions/results/alp_full_production/fccee_z_full_projection_fullbg_channelaware/cluster_4797476/job7_m0p0142113326075_g4p76470111767em07_s91p2_IDEA/delphes.root
8,invisible_lower,invisible,0.01494306811,4.76470116651e-07,91.2,recoil_energy_GeV,10000,9822,0.9822,9822,1.0,0.9822,0.9999999843581074,0.9822000153634671,0.9826744374724365,0.9995172133405752,5.375617040509399e-08,150000000.0,7.919896585782498,6.834233408053297,17.23496172536966,0.05802159679461379,1.1588566138888206,10.708081431950374,7.923722053082716,0.7399758867578471,binned_delta_chi2_with_3_event_floor,/data/alice/ipardoza/Axions/results/alp_full_production/fccee_z_full_projection_fullbg_channelaware/cluster_4797476/job8_m0p01494306811_g4p76470116651em07_s91p2_IDEA/delphes.root
9,invisible_lower,invisible,0.0157124803639,4.76470122131e-07,91.2,recoil_energy_GeV,10000,9843,0.9843,9843,1.0,0.9843,0.9999999808790618,0.9843000188207397,0.9826744374724365,1.001654242021889,5.375617118429154e-08,150000000.0,7.936829894504723,6.864388484639768,17.387390873821055,0.057512941835662544,1.1562326217790155,10.708081431950374,7.923722140370349,0.7399758949094132,binned_delta_chi2_with_3_event_floor,/data/alice/ipardoza/Axions/results/alp_full_production/fccee_z_full_projection_fullbg_channelaware/cluster_4797476/job9_m0p0157124803639_g4p76470122131em07_s91p2_IDEA/delphes.root
10,invisible_lower,invisible,0.0165215093291,4.76470128286e-07,91.2,recoil_energy_GeV,10000,9814,0.9814,9814,1.0,0.9814,0.9999999766262123,0.9814000229390358,0.9826744374724365,0.9987031162256763,5.375617206749064e-08,150000000.0,7.913446090055299,6.83872942213646,17.25764579675088,0.05794533111742689,1.1571515118641864,10.708081453561704,7.923722236856527,0.7399759024265689,binned_delta_chi2_with_3_event_floor,/data/alice/ipardoza/Axions/results/alp_full_production/fccee_z_full_projection_fullbg_channelaware/cluster_4797476/job10_m0p0165215093291_g4p76470128286em07_s91p2_IDEA/delphes.root
11,invisible_lower,invisible,0.0173721948535,4.7647013521e-07,91.2,recoil_energy_GeV,10000,9835,0.9835,9835,1.0,0.9835,0.9999999714274503,0.9835000281011035,0.9826744374724365,1.0008401466418424,5.3756173070799005e-08,150000000.0,7.930379432269624,6.839870483318016,17.263405250393003,0.05792599927394018,1.1594341518032083,10.708081453561704,7.9237223435517965,0.7399759123905638,binned_delta_chi2_with_3_event_floor,/data/alice/ipardoza/Axions/results/alp_full_production/fccee_z_full_projection_fullbg_channelaware/cluster_4797476/job11_m0p0173721948535_g4p7647013521em07_s91p2_IDEA/delphes.root
12,invisible_lower,invisible,0.0182666818155,4.76470143011e-07,91.2,recoil_energy_GeV,10000,9835,0.9835,9835,1.0,0.9835,0.9999999650723876,0.983500034351308,0.9826744374724365,1.0008401530022446,5.3756174212944365e-08,150000000.0,7.930379600764619,6.834840461393432,17.23802366520324,0.05801129058771423,1.1602874486331225,10.708081477455844,7.923722461549595,0.7399759217588816,binned_delta_chi2_with_3_event_floor,/data/alice/ipardoza/Axions/results/alp_full_production/fccee_z_full_projection_fullbg_channelaware/cluster_4797476/job12_m0p0182666818155_g4p76470143011em07_s91p2_IDEA/delphes.root
13,invisible_lower,invisible,0.0192072255327,4.76470151812e-07,91.2,recoil_energy_GeV,10000,9824,0.9824,9824,1.0,0.9824,0.9999999573038414,0.9824000419447081,0.9826744374724365,0.999720766596479,5.375617551544312e-08,150000000.0,7.921510023955699,6.868829392527298,17.40989565448226,0.05743859813097417,1.1532547354537046,10.708081477455844,7.923722591983615,0.739975933939777,binned_delta_chi2_with_3_event_floor,/data/alice/ipardoza/Axions/results/alp_full_production/fccee_z_full_projection_fullbg_channelaware/cluster_4797476/job13_m0p0192072255327_g4p76470151812em07_s91p2_IDEA/delphes.root
14,invisible_lower,invisible,0.020196197448,4.7647016176e-07,91.2,recoil_energy_GeV,10000,9825,0.9825,9825,1.0,0.9825,0.9999999478074267,0.9825000512792059,0.9826744374724365,0.9998225391985578,5.375617700456829e-08,150000000.0,7.922316586048251,6.860022505660717,17.36527999194522,0.057586171974413555,1.154852856460887,10.708081503873933,7.923722736235429,0.7399759455854732,binned_delta_chi2_with_3_event_floor,/data/alice/ipardoza/Axions/results/alp_full_production/fccee_z_full_projection_fullbg_channelaware/cluster_4797476/job14_m0p020196197448_g4p7647016176em07_s91p2_IDEA/delphes.root
15,invisible_lower,invisible,0.0212360911087,4.76470173024e-07,91.2,recoil_energy_GeV,10000,9835,0.9835,9835,1.0,0.9835,0.9999999361988338,0.983500062748451,0.9826744374724365,1.0008401819000585,5.375617871082848e-08,150000000.0,7.930380264314971,6.885590758610112,17.49496682474427,0.05715929672902464,1.1517356378460917,10.708081503873933,7.923722895756877,0.7399759604827681,binned_delta_chi2_with_3_event_floor,/data/alice/ipardoza/Axions/results/alp_full_production/fccee_z_full_projection_fullbg_channelaware/cluster_4797476/job15_m0p0212360911087_g4p76470173024em07_s91p2_IDEA/delphes.root
16,invisible_lower,invisible,0.0223295284539,4.76470185801e-07,91.2,recoil_energy_GeV,10000,9830,0.983,9830,1.0,0.983,0.9999999220082746,0.9830000766658721,0.9826744374724365,1.0003313805478375,5.3756180670244915e-08,150000000.0,7.926348839827613,6.842984066272766,17.279125804894083,0.05787329818021021,1.1583175940587764,10.70808153308256,7.923723072135056,0.7399759749358237,binned_delta_chi2_with_3_event_floor,/data/alice/ipardoza/Axions/results/alp_full_production/fccee_z_full_projection_fullbg_channelaware/cluster_4797476/job16_m0p0223295284539_g4p76470185801em07_s91p2_IDEA/delphes.root
17,invisible_lower,invisible,0.0234792664253,4.76470200324e-07,91.2,recoil_energy_GeV,10000,9830,0.983,9830,1.0,0.983,0.9999999046614721,0.9830000937177817,0.9826744374724365,1.0003313979003898,5.375618292607145e-08,150000000.0,7.926349172449236,6.7939758019075995,17.032511880777125,0.058711246291781476,1.1666731533285255,10.70808153308256,7.923723267195216,0.7399759931519868,binned_delta_chi2_with_3_event_floor,/data/alice/ipardoza/Axions/results/alp_full_production/fccee_z_full_projection_fullbg_channelaware/cluster_4797476/job17_m0p0234792664253_g4p76470200324em07_s91p2_IDEA/delphes.root
18,invisible_lower,invisible,0.0246882039184,4.76470216864e-07,91.2,recoil_energy_GeV,10000,9834,0.9834,9834,1.0,0.9834,0.9999998834564191,0.9834001146089708,0.9826744374724365,1.0007384715719285,5.37561855291518e-08,150000000.0,7.9295749274051825,6.85591548616508,17.34449341455283,0.05765518635216833,1.1566033658680153,10.7080815653765,7.92372348286926,0.7399760110615724,binned_delta_chi2_with_3_event_floor,/data/alice/ipardoza/Axions/results/alp_full_production/fccee_z_full_projection_fullbg_channelaware/cluster_4797476/job18_m0p0246882039184_g4p76470216864em07_s91p2_IDEA/delphes.root
19,invisible_lower,invisible,0.0259593890915,4.76470235742e-07,91.2,recoil_energy_GeV,10000,9827,0.9827,9827,1.0,0.9827,0.9999998575349686,0.9827001400004064,0.9826744374724365,1.0000261556900125,5.3756188540523324e-08,150000000.0,7.9239309718158415,6.804433221634657,17.084985781433726,0.05853092374748718,1.1645247610957146,10.7080815653765,7.92372372135444,0.7399760333330856,binned_delta_chi2_with_3_event_floor,/data/alice/ipardoza/Axions/results/alp_full_production/fccee_z_full_projection_fullbg_channelaware/cluster_4797476/job19_m0p0259593890915_g4p76470235742em07_s91p2_IDEA/delphes.root
20,invisible_lower,invisible,0.0272960270512,4.76470257338e-07,91.2,recoil_energy_GeV,10000,9812,0.9812,9812,1.0,0.9812,0.9999998258481058,0.9812001708778684,0.9826744374724365,0.9984997405668146,5.375619203333267e-08,150000000.0,7.911836343465901,6.756883779995967,16.847040006041542,0.059357608199504974,1.170929766009772,10.70808160108166,7.923723985120536,0.7399760554981326,binned_delta_chi2_with_3_event_floor,/data/alice/ipardoza/Axions/results/alp_full_production/fccee_z_full_projection_fullbg_channelaware/cluster_4797476/job20_m0p0272960270512_g4p76470257338em07_s91p2_IDEA/delphes.root
21,invisible_lower,invisible,0.0287014879339,4.76470282099e-07,91.2,recoil_energy_GeV,10000,9827,0.9827,9827,1.0,0.9827,0.9999997871134954,0.9827002092036127,0.9826744374724365,1.0000262261133428,5.3756196094513926e-08,150000000.0,7.923932085311825,6.848943146011909,17.309233290517895,0.05777263401653995,1.1569569080049782,10.70808160108166,7.923724276820845,0.7399760827392688,binned_delta_chi2_with_3_event_floor,/data/alice/ipardoza/Axions/results/alp_full_production/fccee_z_full_projection_fullbg_channelaware/cluster_4797476/job21_m0p0287014879339_g4p76470282099em07_s91p2_IDEA/delphes.root
22,invisible_lower,invisible,0.0301793154027,4.76470310555e-07,91.2,recoil_energy_GeV,10000,9831,0.9831,9831,1.0,0.9831,0.9999997397635862,0.9831002558384849,0.9826744374724365,1.0004333259824523,5.37562008282584e-08,150000000.0,7.927158155139125,6.8385192271186535,17.256584951908305,0.05794889329417498,1.1591922010986522,10.708081640558357,7.923724599392413,0.7399761101353765,binned_delta_chi2_with_3_event_floor,/data/alice/ipardoza/Axions/results/alp_full_production/fccee_z_full_projection_fullbg_channelaware/cluster_4797476/job22_m0p0301793154027_g4p76470310555em07_s91p2_IDEA/delphes.root
23,invisible_lower,invisible,0.0317332355826,4.76470343337e-07,91.2,recoil_energy_GeV,10000,9824,0.9824,9824,1.0,0.9824,0.9999996818821741,0.9824003125190516,0.9826744374724365,0.9997210419413269,5.375620635992055e-08,150000000.0,7.921514569197893,6.817036216445963,17.148333127799223,0.058314705723724033,1.1620173808212135,10.708081640558357,7.9237249561291145,0.7399761434500927,binned_delta_chi2_with_3_event_floor,/data/alice/ipardoza/Axions/results/alp_full_production/fccee_z_full_projection_fullbg_channelaware/cluster_4797476/job23_m0p0317332355826_g4p76470343337em07_s91p2_IDEA/delphes.root
24,invisible_lower,invisible,0.033367166455,4.76470381196e-07,91.2,recoil_energy_GeV,10000,9836,0.9836,9836,1.0,0.9836,0.9999996111268546,0.9836003824957745,0.9826744374724365,1.0009422703878608,5.375621284013372e-08,150000000.0,7.93119164243333,6.898491925872981,17.560587030012808,0.05694570450810667,1.1496993440968135,10.708081684204982,7.923725350673848,0.7399761772794268,binned_delta_chi2_with_3_event_floor,/data/alice/ipardoza/Axions/results/alp_full_production/fccee_z_full_projection_fullbg_channelaware/cluster_4797476/job24_m0p033367166455_g4p76470381196em07_s91p2_IDEA/delphes.root
25,invisible_lower,invisible,0.0350852277366,4.76470425027e-07,91.2,recoil_energy_GeV,10000,9829,0.9829,9829,1.0,0.9829,0.9999995246342277,0.9829004672372397,0.9826744374724365,1.0002300149023766,5.375622045003539e-08,150000000.0,7.925548362050967,6.884225864741485,17.48803164456666,0.057181964232703636,1.1512621052488645,10.708081684204982,7.923725787037603,0.739976218030307,binned_delta_chi2_with_3_event_floor,/data/alice/ipardoza/Axions/results/alp_full_production/fccee_z_full_projection_fullbg_channelaware/cluster_4797476/job25_m0p0350852277366_g4p76470425027em07_s91p2_IDEA/delphes.root
26,invisible_lower,invisible,0.0368917512666,4.76470475901e-07,91.2,recoil_energy_GeV,10000,9824,0.9824,9824,1.0,0.9824,0.9999994189040179,0.9824005708690247,0.9826744374724365,0.9997213048462762,5.375622940827777e-08,150000000.0,7.921517965603813,6.8127221504455155,17.126635829952388,0.058388583136165156,1.162753711464042,10.708081732462002,7.923726269714617,0.739976259771487,binned_delta_chi2_with_3_event_floor,/data/alice/ipardoza/Axions/results/alp_full_production/fccee_z_full_projection_fullbg_channelaware/cluster_4797476/job26_m0p0368917512666_g4p76470475901em07_s91p2_IDEA/delphes.root
27,invisible_lower,invisible,0.0387912919287,4.76470535096e-07,91.2,recoil_energy_GeV,10000,9847,0.9847,9847,1.0,0.9847,0.9999992896574207,0.9847006994748347,0.9826744374724365,1.0020619870886334,5.375623997779055e-08,150000000.0,7.9400654259195536,6.8322946588008,17.2251846142723,0.05805453017736764,1.1621374402656675,10.708081732462002,7.923726803556762,0.7399763096256213,binned_delta_chi2_with_3_event_floor,/data/alice/ipardoza/Axions/results/alp_full_production/fccee_z_full_projection_fullbg_channelaware/cluster_4797476/job27_m0p0387912919287_g4p76470535096em07_s91p2_IDEA/delphes.root
28,invisible_lower,invisible,0.0407886391358,4.76470604148e-07,91.2,recoil_energy_GeV,10000,9819,0.9819,9819,1.0,0.9819,0.9999991316639417,0.981900852619916,0.9826744374724365,0.9992127760497054,5.3756252477032163e-08,150000000.0,7.917489646079683,6.85302971660754,17.329895312437646,0.05770375307935653,1.1553269099202277,10.70808178581642,7.923727394059893,0.7399763610841492,binned_delta_chi2_with_3_event_floor,/data/alice/ipardoza/Axions/results/alp_full_production/fccee_z_full_projection_fullbg_channelaware/cluster_4797476/job28_m0p0407886391358_g4p76470604148em07_s91p2_IDEA/delphes.root
29,invisible_lower,invisible,0.0428888289054,4.764706849e-07,91.2,recoil_energy_GeV,10000,9825,0.9825,9825,1.0,0.9825,0.9999989385297218,0.9825010428956554,0.9826744374724365,0.9998235482982267,5.375626729076217e-08,150000000.0,7.922329891976075,6.897261314712409,17.55432237764884,0.05696602685577068,1.1486196521331027,10.70808178581642,7.9237280472744045,0.7399764220861592,binned_delta_chi2_with_3_event_floor,/data/alice/ipardoza/Axions/results/alp_full_production/fccee_z_full_projection_fullbg_channelaware/cluster_4797476/job29_m0p0428888289054_g4p764706849em07_s91p2_IDEA/delphes.root
30,invisible_lower,invisible,0.0450971565575,4.76470779568e-07,91.2,recoil_energy_GeV,10000,9835,0.9835,9835,1.0,0.9835,0.9999987024387793,0.9835012761531164,0.9826744374724365,1.000841416698298,5.375628488462021e-08,150000000.0,7.930395927603597,6.84371297523317,17.28280711711249,0.05786097091888821,1.158785582665878,10.708081844806667,7.923728769903816,0.739976485494156,binned_delta_chi2_with_3_event_floor,/data/alice/ipardoza/Axions/results/alp_full_production/fccee_z_full_projection_fullbg_channelaware/cluster_4797476/job30_m0p0450971565575_g4p76470779568em07_s91p2_IDEA/delphes.root
31,invisible_lower,invisible,0.047419190066,4.76470890819e-07,91.2,recoil_energy_GeV,10000,9822,0.9822,9822,1.0,0.9822,0.9999984138367006,0.9822015579320638,0.9826744374724365,0.9995187831062452,5.375630582237922e-08,150000000.0,7.91991653681113,6.863760175497312,17.38420802462837,0.05752347179597084,1.1538743100442455,10.708081844806667,7.923729569341443,0.7399765601515632,binned_delta_chi2_with_3_event_floor,/data/alice/ipardoza/Axions/results/alp_full_production/fccee_z_full_projection_fullbg_channelaware/cluster_4797476/job31_m0p047419190066_g4p76470890819em07_s91p2_IDEA/delphes.root
32,invisible_lower,invisible,0.0498607840973,4.7647102187e-07,91.2,recoil_energy_GeV,10000,9819,0.9819,9819,1.0,0.9819,0.9999980610439745,0.981901903864613,0.9826744374724365,0.9992138458289292,5.375633078790066e-08,150000000.0,7.917501180095948,6.888575421640488,17.510137025693517,0.05710977581344161,1.1493669874359052,10.708081910028053,7.923730453842677,0.739976638245749,binned_delta_chi2_with_3_event_floor,/data/alice/ipardoza/Axions/results/alp_full_production/fccee_z_full_projection_fullbg_channelaware/cluster_4797476/job32_m0p0498607840973_g4p7647102187em07_s91p2_IDEA/delphes.root
33,invisible_lower,invisible,0.0524280947721,4.76471176602e-07,91.2,recoil_energy_GeV,10000,9821,0.9821,9821,1.0,0.9821,0.9999976297833219,0.9821023277953169,0.9826744374724365,0.9994178034399763,5.375636061043389e-08,150000000.0,7.9191182633260695,6.815913099535618,17.142683166207096,0.058333925343220044,1.1618572812886383,10.708081910028053,7.923731432508626,0.739976729640824,binned_delta_chi2_with_3_event_floor,/data/alice/ipardoza/Axions/results/alp_full_production/fccee_z_full_projection_fullbg_channelaware/cluster_4797476/job33_m0p0524280947721_g4p76471176602em07_s91p2_IDEA/delphes.root
34,invisible_lower,invisible,0.0551275951872,4.76471359704e-07,91.2,recoil_energy_GeV,10000,9819,0.9819,9819,1.0,0.9819,0.999997102601892,0.9819028449634453,0.9826744374724365,0.9992148035203033,5.3756396296640456e-08,150000000.0,7.917510828550689,6.8379443908740605,17.2536839456406,0.05795863672654471,1.1578787974815095,10.708081982138772,7.923732515427862,0.7399768257886666,binned_delta_chi2_with_3_event_floor,/data/alice/ipardoza/Axions/results/alp_full_production/fccee_z_full_projection_fullbg_channelaware/cluster_4797476/job34_m0p0551275951872_g4p76471359704em07_s91p2_IDEA/delphes.root
35,invisible_lower,invisible,0.0579660917364,4.76471576849e-07,91.2,recoil_energy_GeV,10000,9830,0.983,9830,1.0,0.983,0.9999964581649383,0.983003481636197,0.9826744374724365,1.0003348455512966,5.375643906978927e-08,150000000.0,7.926386940840428,6.837129041799431,17.249569569821844,0.057972461049086224,1.1593151002974664,10.708081982138772,7.923733713856685,0.7399769377068257,binned_delta_chi2_with_3_event_floor,/data/alice/ipardoza/Axions/results/alp_full_production/fccee_z_full_projection_fullbg_channelaware/cluster_4797476/job35_m0p0579660917364_g4p76471576849em07_s91p2_IDEA/delphes.root
36,invisible_lower,invisible,0.0609507412719,4.76471834903e-07,91.2,recoil_energy_GeV,10000,9820,0.982,9820,1.0,0.982,0.9999956703923856,0.9820042516930855,0.9826744374724365,0.9993179981550402,5.3756490416343864e-08,150000000.0,7.91833103832745,6.896680393925983,17.551365481905187,0.05697562397814365,1.1481365796363785,10.70808206186654,7.923735040243869,0.7399770560651338,binned_delta_chi2_with_3_event_floor,/data/alice/ipardoza/Axions/results/alp_full_production/fccee_z_full_projection_fullbg_channelaware/cluster_4797476/job36_m0p0609507412719_g4p76471834903em07_s91p2_IDEA/delphes.root
37,invisible_lower,invisible,0.0640890691489,4.76472142183e-07,91.2,recoil_energy_GeV,10000,9834,0.9834,9834,1.0,0.9834,0.9999947074033421,0.9834052047671002,0.9826744374724365,1.000743651474789,5.3756552143546156e-08,150000000.0,7.929629006694494,6.854783924078112,17.338768503985136,0.057674222928240856,1.156802182901912,10.70808206186654,7.923736508354219,0.73997719316815,binned_delta_chi2_with_3_event_floor,/data/alice/ipardoza/Axions/results/alp_full_production/fccee_z_full_projection_fullbg_channelaware/cluster_4797476/job37_m0p0640890691489_g4p76472142183em07_s91p2_IDEA/delphes.root
38,invisible_lower,invisible,0.0673889882004,4.76472508777e-07,91.2,recoil_energy_GeV,10000,9832,0.9832,9832,1.0,0.9832,0.9999935302258329,0.9832063611231161,0.9826744374724365,1.0005413020125442,5.375662645092359e-08,150000000.0,7.928027268982212,6.785826926985222,16.991677890405054,0.058852339742426776,1.168321466828869,10.708082150015947,7.92373813358363,0.7399773388525814,binned_delta_chi2_with_3_event_floor,/data/alice/ipardoza/Axions/results/alp_full_production/fccee_z_full_projection_fullbg_channelaware/cluster_4797476/job38_m0p0673889882004_g4p76472508777em07_s91p2_IDEA/delphes.root
39,invisible_lower,invisible,0.0708588186875,4.76472946923e-07,91.2,recoil_energy_GeV,10000,9823,0.9823,9823,1.0,0.9823,0.9999920912195279,0.9823077688564998,0.9826744374724365,0.9996268666386806,5.3756716015036686e-08,150000000.0,7.9207833212355805,6.793018421206681,17.027711908063953,0.05872779651189788,1.1660182307923976,10.708082150015947,7.923739932950983,0.7399775068908284,binned_delta_chi2_with_3_event_floor,/data/alice/ipardoza/Axions/results/alp_full_production/fccee_z_full_projection_fullbg_channelaware/cluster_4797476/job39_m0p0708588186875_g4p76472946923em07_s91p2_IDEA/delphes.root
40,invisible_lower,invisible,0.0745073092782,4.76473471482e-07,91.2,recoil_energy_GeV,10000,9831,0.9831,9831,1.0,0.9831,0.9999903321476145,0.9831095045575688,0.9826744374724365,1.0004427377659801,5.375682409535675e-08,150000000.0,7.927250065221783,6.850338090773417,17.31628485531409,0.0577491077535096,1.157205667833948,10.708082247476565,7.923741925423518,0.7399776862276907,binned_delta_chi2_with_3_event_floor,/data/alice/ipardoza/Axions/results/alp_full_production/fccee_z_full_projection_fullbg_channelaware/cluster_4797476/job40_m0p0745073092782_g4p76473471482em07_s91p2_IDEA/delphes.root
41,invisible_lower,invisible,0.0783436591055,4.76474100508e-07,91.2,recoil_energy_GeV,10000,9836,0.9836,9836,1.0,0.9836,0.9999881818197626,0.983611624499462,0.9826744374724365,1.0009537105996529,5.3756954661943094e-08,150000000.0,7.9313010908230845,6.799004203419977,17.057733637683583,0.05862443518233988,1.166538636177567,10.708082247476565,7.923744132055406,0.7399778922993137,binned_delta_chi2_with_3_event_floor,/data/alice/ipardoza/Axions/results/alp_full_production/fccee_z_full_projection_fullbg_channelaware/cluster_4797476/job41_m0p0783436591055_g4p76474100508em07_s91p2_IDEA/delphes.root
42,invisible_lower,invisible,0.0823775409621,4.76474855949e-07,91.2,recoil_energy_GeV,10000,9839,0.9839,9839,1.0,0.9839,0.999985553210754,0.9839142144012916,0.9826744374724365,1.0012616354731319,5.3757112552583105e-08,150000000.0,7.933743456072977,6.856829103065582,17.34911636481445,0.057639823203220246,1.1570571960916924,10.708082355231925,7.923746576312196,0.7399781131157145,binned_delta_chi2_with_3_event_floor,/data/alice/ipardoza/Axions/results/alp_full_production/fccee_z_full_projection_fullbg_channelaware/cluster_4797476/job42_m0p0823775409621_g4p76474855949em07_s91p2_IDEA/delphes.root
43,invisible_lower,invisible,0.0866191256886,4.76475764498e-07,91.2,recoil_energy_GeV,10000,9823,0.9823,9823,1.0,0.9823,0.9999823399381157,0.9823173477851519,0.9826744374724365,0.9996366144537115,5.375730366367404e-08,150000000.0,7.920869908324051,6.886849117721902,17.501361907847578,0.05713841044288112,1.1501442492679719,10.708082355231925,7.923749284286375,0.7399783660063899,binned_delta_chi2_with_3_event_floor,/data/alice/ipardoza/Axions/results/alp_full_production/fccee_z_full_projection_fullbg_channelaware/cluster_4797476/job43_m0p0866191256886_g4p76475764498em07_s91p2_IDEA/delphes.root
44,invisible_lower,invisible,0.0910791078178,4.76476858638e-07,91.2,recoil_energy_GeV,10000,9821,0.9821,9821,1.0,0.9821,0.9999784119561248,0.9821212020756012,0.9826744374724365,0.9994370104932633,5.375753518476561e-08,150000000.0,7.919291295743745,6.814998661571882,17.138083674253334,0.05834958091039707,1.162038569486257,10.708082474369457,7.923752285134257,0.7399786380148183,binned_delta_chi2_with_3_event_floor,/data/alice/ipardoza/Axions/results/alp_full_production/fccee_z_full_projection_fullbg_channelaware/cluster_4797476/job44_m0p0910791078178_g4p76476858638em07_s91p2_IDEA/delphes.root
45,invisible_lower,invisible,0.0957687325396,4.76477177909e-07,91.2,recoil_energy_GeV,10000,9806,0.9806,9806,1.0,0.9806,0.9999736104025724,0.9806258783221561,0.9826744374724365,0.9979153226418003,5.3757590236812345e-08,150000000.0,7.907203947932728,6.860404734636827,17.367215174548853,0.057579755300404795,1.1525856350735137,10.708082474369457,7.923722352513675,0.7399758426851547,binned_delta_chi2_with_3_event_floor,/data/alice/ipardoza/Axions/results/alp_full_production/fccee_z_full_projection_fullbg_channelaware/cluster_4797476/job45_m0p0957687325396_g4p76477177909em07_s91p2_IDEA/delphes.root
46,invisible_lower,invisible,0.100699824054,4.76478770467e-07,91.2,recoil_energy_GeV,10000,9819,0.9819,9819,1.0,0.9819,0.9999677407450965,0.9819316763842463,0.9826744374724365,0.9992441432687506,5.37579308068092e-08,150000000.0,7.917736838880893,6.858993906322562,17.360072843900383,0.05760344492744217,1.15435834278587,10.70808260609145,7.9237260405452155,0.7399761779982615,binned_delta_chi2_with_3_event_floor,/data/alice/ipardoza/Axions/results/alp_full_production/fccee_z_full_projection_fullbg_channelaware/cluster_4797476/job46_m0p100699824054_g4p76478770467em07_s91p2_IDEA/delphes.root
47,invisible_lower,invisible,0.105884815384,4.76480694976e-07,91.2,recoil_energy_GeV,10000,9821,0.9821,9821,1.0,0.9821,0.9999605655102093,0.9821387301397267,0.9826744374724365,0.9994548475952141,5.375834429737863e-08,150000000.0,7.919410490168333,6.806364882642483,17.094687422756024,0.05849770605742839,1.1635301114056236,10.70808260609145,7.9237301307039605,0.7399765599675548,binned_delta_chi2_with_3_event_floor,/data/alice/ipardoza/Axions/results/alp_full_production/fccee_z_full_projection_fullbg_channelaware/cluster_4797476/job47_m0p105884815384_g4p76480694976em07_s91p2_IDEA/delphes.root
48,invisible_lower,invisible,0.111336779723,4.76483022933e-07,91.2,recoil_energy_GeV,10000,9817,0.9817,9817,1.0,0.9817,0.9999517942865329,0.9817473258302861,0.9826744374724365,0.9990565424246355,5.375884663288459e-08,150000000.0,7.91625896092542,6.880409699023993,17.468648570635953,0.05724541288677345,1.1505505205668736,10.708082751727192,7.923734668423522,0.7399769736693005,binned_delta_chi2_with_3_event_floor,/data/alice/ipardoza/Axions/results/alp_full_production/fccee_z_full_projection_fullbg_channelaware/cluster_4797476/job48_m0p111336779723_g4p76483022933em07_s91p2_IDEA/delphes.root
49,invisible_lower,invisible,0.1170694634,4.76485841493e-07,91.2,recoil_energy_GeV,10000,9818,0.9818,9818,1.0,0.9818,0.9999410720570656,0.9818578588638768,0.9826744374724365,0.9991690242694619,5.375945724924008e-08,150000000.0,7.917155269095588,6.838964707331336,17.2588333092707,0.057941344126827124,1.1576540613827757,10.708082751727192,7.923739704485116,0.7399774439739956,binned_delta_chi2_with_3_event_floor,/data/alice/ipardoza/Axions/results/alp_full_production/fccee_z_full_projection_fullbg_channelaware/cluster_4797476/job49_m0p1170694634_g4p76485841493em07_s91p2_IDEA/delphes.root
50,invisible_lower,invisible,0.123097320533,4.76489256935e-07,91.2,recoil_energy_GeV,10000,9822,0.9822,9822,1.0,0.9822,0.9999279648235749,0.9822707580473531,0.9826744374724365,0.999589203290846,5.3760199873928434e-08,150000000.0,7.920490247425875,6.809892429543328,17.112411402934143,0.05843711774183603,1.1630859561106202,10.708082912746368,7.923745295917613,0.7399779550161665,binned_delta_chi2_with_3_event_floor,/data/alice/ipardoza/Axions/results/alp_full_production/fccee_z_full_projection_fullbg_channelaware/cluster_4797476/job50_m0p123097320533_g4p76489256935em07_s91p2_IDEA/delphes.root
51,invisible_lower,invisible,0.129435549479,4.76493398893e-07,91.2,recoil_energy_GeV,10000,9830,0.983,9830,1.0,0.983,0.9999119420306003,0.9830865686069756,0.9826744374724365,1.000419397430953,5.376110347853281e-08,150000000.0,7.927074707909663,6.849728419909207,17.313202740410286,0.057759388311552924,1.1572830661240634,10.708082912746368,7.923751506884166,0.7399785350421715,binned_delta_chi2_with_3_event_floor,/data/alice/ipardoza/Axions/results/alp_full_production/fccee_z_full_projection_fullbg_channelaware/cluster_4797476/job51_m0p129435549479_g4p76493398893em07_s91p2_IDEA/delphes.root
52,invisible_lower,invisible,0.136100131152,4.76498425526e-07,91.2,recoil_energy_GeV,10000,9823,0.9823,9823,1.0,0.9823,0.9998923550758287,0.982405750992571,0.9826744374724365,0.9997265763007364,5.376220344307838e-08,150000000.0,7.921591866320384,6.884945617840907,17.491688620157458,0.05717000923785013,1.150567093194349,10.708083090773917,7.923758409656823,0.739979167371603,binned_delta_chi2_with_3_event_floor,/data/alice/ipardoza/Axions/results/alp_full_production/fccee_z_full_projection_fullbg_channelaware/cluster_4797476/job52_m0p136100131152_g4p76498425526em07_s91p2_IDEA/delphes.root
53,invisible_lower,invisible,0.143107869314,4.76504529838e-07,91.2,recoil_energy_GeV,10000,9814,0.9814,9814,1.0,0.9814,0.9998684110342185,0.9815291584068392,0.9826744374724365,0.9988345284847918,5.376354297987142e-08,150000000.0,7.914531162066872,6.726325273741403,16.69500062294183,0.05989817087073518,1.1766500786044427,10.708083090773917,7.923766085732967,0.7399798842203683,binned_delta_chi2_with_3_event_floor,/data/alice/ipardoza/Axions/results/alp_full_production/fccee_z_full_projection_fullbg_channelaware/cluster_4797476/job53_m0p143107869314_g4p76504529838em07_s91p2_IDEA/delphes.root
54,invisible_lower,invisible,0.15047643295,4.76511947417e-07,91.2,recoil_energy_GeV,10000,9832,0.9832,9832,1.0,0.9832,0.9998391405280627,0.9833581824779586,0.9826744374724365,1.0006958001342547,5.376517487765414e-08,150000000.0,7.929287990956433,6.8598085817764005,17.364196966277916,0.05758976369261687,1.1559051388141042,10.708083287606398,7.923774627506809,0.7399806683123052,binned_delta_chi2_with_3_event_floor,/data/alice/ipardoza/Axions/results/alp_full_production/fccee_z_full_projection_fullbg_channelaware/cluster_4797476/job54_m0p15047643295_g4p76511947417em07_s91p2_IDEA/delphes.root
55,invisible_lower,invisible,0.158224400809,4.76520965888e-07,91.2,recoil_energy_GeV,10000,9817,0.9817,9817,1.0,0.9817,0.9998033584362552,0.9818930809908762,0.9826744374724365,0.9992048673988406,5.376716363283301e-08,150000000.0,7.917483680752824,6.844563955412305,17.287105439014514,0.05784658417962464,1.1567550149768289,10.708083287606398,7.923784139846966,0.7399815566449697,binned_delta_chi2_with_3_event_floor,/data/alice/ipardoza/Axions/results/alp_full_production/fccee_z_full_projection_fullbg_channelaware/cluster_4797476/job55_m0p158224400809_g4p76520965888em07_s91p2_IDEA/delphes.root
56,invisible_lower,invisible,0.166371308255,4.76531936486e-07,91.2,recoil_energy_GeV,10000,9839,0.9839,9839,1.0,0.9839,0.9997596158427972,0.9841365708401539,0.9826744374724365,1.0014879122850475,5.3769588059694725e-08,150000000.0,7.9355846537900465,6.861186456263436,17.37117327956192,0.05756663547744075,1.1565907302440113,10.708083505230151,7.92379474224886,0.7399825317367612,binned_delta_chi2_with_3_event_floor,/data/alice/ipardoza/Axions/results/alp_full_production/fccee_z_full_projection_fullbg_channelaware/cluster_4797476/job56_m0p166371308255_g4p76531936486em07_s91p2_IDEA/delphes.root
57,invisible_lower,invisible,0.174937696518,4.76545288222e-07,91.2,recoil_energy_GeV,10000,9822,0.9822,9822,1.0,0.9822,0.9997061412654452,0.9824887128898842,0.9826744374724365,0.9998110009017532,5.3772544486807e-08,150000000.0,7.922308979241275,6.83192269386135,17.22330911250839,0.05806085192268613,1.1596016720680495,10.708083505230151,7.923806571537977,0.7399836364432301,binned_delta_chi2_with_3_event_floor,/data/alice/ipardoza/Axions/results/alp_full_production/fccee_z_full_projection_fullbg_channelaware/cluster_4797476/job57_m0p174937696518_g4p76545288222em07_s91p2_IDEA/delphes.root
58,invisible_lower,invisible,0.183945164487,4.76561545225e-07,91.2,recoil_energy_GeV,10000,9804,0.9804,9804,1.0,0.9804,0.9996407687642259,0.9807523168667764,0.9826744374724365,0.9980439904281991,5.377615067187126e-08,150000000.0,7.908320717805387,6.890031583354312,17.51754067144647,0.05708563883228178,1.1477916497380316,10.70808374584132,7.923819785150367,0.7399848538005437,binned_delta_chi2_with_3_event_floor,/data/alice/ipardoza/Axions/results/alp_full_production/fccee_z_full_projection_fullbg_channelaware/cluster_4797476/job58_m0p183945164487_g4p76561545225em07_s91p2_IDEA/delphes.root
59,invisible_lower,invisible,0.193416423171,4.76581347983e-07,91.2,recoil_energy_GeV,10000,9824,0.9824,9824,1.0,0.9824,0.9995608499878968,0.9828316105136525,0.9826744374724365,1.0001599441638274,5.3780550599259696e-08,150000000.0,7.925101936306909,6.853495141433547,17.33224931869123,0.05769591595486641,1.1563591675136453,10.70808374584132,7.923834565213071,0.7399862340720335,binned_delta_chi2_with_3_event_floor,/data/alice/ipardoza/Axions/results/alp_full_production/fccee_z_full_projection_fullbg_channelaware/cluster_4797476/job59_m0p193416423171_g4p76581347983em07_s91p2_IDEA/delphes.root
60,invisible_lower,invisible,0.203375352957,4.76605479385e-07,91.2,recoil_energy_GeV,10000,9825,0.9825,9825,1.0,0.9825,0.9994631465503919,0.9830277418342642,0.9826744374724365,1.0003595334816446,5.378592036542418e-08,150000000.0,7.926700013854389,6.765776842802447,16.891415603912122,0.059201669264972424,1.1715875645953284,10.70808401186802,7.923851124071718,0.7399877620767196,binned_delta_chi2_with_3_event_floor,/data/alice/ipardoza/Axions/results/alp_full_production/fccee_z_full_projection_fullbg_channelaware/cluster_4797476/job60_m0p203375352957_g4p76605479385em07_s91p2_IDEA/delphes.root
61,invisible_lower,invisible,0.213847063824,4.76634896651e-07,91.2,recoil_energy_GeV,10000,9824,0.9824,9824,1.0,0.9824,0.999343698309047,0.9830451742101173,0.9826744374724365,1.00037727320824,5.3792475399956827e-08,150000000.0,7.926859174937638,6.774363893875741,16.934319618689035,0.05905167863351186,1.1701259777473414,10.70808401186802,7.923869711190021,0.7399894978791547,binned_delta_chi2_with_3_event_floor,/data/alice/ipardoza/Axions/results/alp_full_production/fccee_z_full_projection_fullbg_channelaware/cluster_4797476/job61_m0p213847063824_g4p76634896651em07_s91p2_IDEA/delphes.root
62,invisible_lower,invisible,0.224857958652,4.7667077053e-07,91.2,recoil_energy_GeV,10000,9813,0.9813,9813,1.0,0.9813,0.9991976621052823,0.9820879663913821,0.9826744374724365,0.9994031888296973,5.3800479337474585e-08,150000000.0,7.919161556079571,6.804400825908583,17.084823099492766,0.05853148107981809,1.1638293743552557,10.708084305994824,7.923890622515344,0.7399914304073256,binned_delta_chi2_with_3_event_floor,/data/alice/ipardoza/Axions/results/alp_full_production/fccee_z_full_projection_fullbg_channelaware/cluster_4797476/job62_m0p224857958652_g4p7667077053em07_s91p2_IDEA/delphes.root
63,invisible_lower,invisible,0.236435799795,4.76714344069e-07,91.2,recoil_energy_GeV,10000,9844,0.9844,9844,1.0,0.9844,0.9990191150578148,0.9853665311929805,0.9826744374724365,1.0027395581058038,5.3810212172391075e-08,150000000.0,7.945615929375267,6.851812894426426,17.323741675360974,0.057724250265303215,1.159637026258932,10.708084305994824,7.923907923194635,0.7399930460725368,binned_delta_chi2_with_3_event_floor,/data/alice/ipardoza/Axions/results/alp_full_production/fccee_z_full_projection_fullbg_channelaware/cluster_4797476/job63_m0p236435799795_g4p76714344069em07_s91p2_IDEA/delphes.root
64,invisible_lower,invisible,0.24860977908,4.7676746468e-07,91.2,recoil_energy_GeV,10000,9825,0.9825,9825,1.0,0.9825,0.9988008111030774,0.9836796176756457,0.9826744374724365,1.0010229025655686,5.382209042599865e-08,150000000.0,7.932030576531551,6.807882902685963,17.102313511691456,0.05847162135791637,1.1651244138470815,10.708084631189871,7.92392517314257,0.7399946345270967,binned_delta_chi2_with_3_event_floor,/data/alice/ipardoza/Axions/results/alp_full_production/fccee_z_full_projection_fullbg_channelaware/cluster_4797476/job64_m0p24860977908_g4p7676746468em07_s91p2_IDEA/delphes.root
65,invisible_lower,invisible,0.261410591406,4.76832312752e-07,91.2,recoil_energy_GeV,10000,9821,0.9821,9821,1.0,0.9821,0.9985338853442332,0.9835419853192385,0.9826744374724365,1.000882843608951,5.383660599176153e-08,150000000.0,7.93093961167635,6.8831351934552165,17.48249080862796,0.05720008727283184,1.1522277841088218,10.708084631189871,7.923944008350892,0.739996393497909,binned_delta_chi2_with_3_event_floor,/data/alice/ipardoza/Axions/results/alp_full_production/fccee_z_full_projection_fullbg_channelaware/cluster_4797476/job65_m0p261410591406_g4p76832312752em07_s91p2_IDEA/delphes.root
66,invisible_lower,invisible,0.274870512143,4.76912505876e-07,91.2,recoil_energy_GeV,10000,9817,0.9817,9817,1.0,0.9817,0.99820748296229,0.9834628739575241,0.9826744374724365,1.0008023374324415,5.385457565992511e-08,150000000.0,7.930355538802273,6.806683562496041,17.096288236145313,0.05849222861637183,1.1650836220002234,10.708084990734816,7.923997818737714,0.740001393862111,binned_delta_chi2_with_3_event_floor,/data/alice/ipardoza/Axions/results/alp_full_production/fccee_z_full_projection_fullbg_channelaware/cluster_4797476/job66_m0p274870512143_g4p76912505876em07_s91p2_IDEA/delphes.root
67,invisible_lower,invisible,0.289023478503,4.77009253937e-07,91.2,recoil_energy_GeV,10000,9804,0.9804,9804,1.0,0.9804,0.9978083410805777,0.9825534219710719,0.9826744374724365,0.9998768508706953,5.38762730255463e-08,150000000.0,7.92304471113684,6.8407865784686654,17.26802989378488,0.05791048580243195,1.1582066799269217,10.708084990734816,7.9240205473678405,0.740003516429325,binned_delta_chi2_with_3_event_floor,/data/alice/ipardoza/Axions/results/alp_full_production/fccee_z_full_projection_fullbg_channelaware/cluster_4797476/job67_m0p289023478503_g4p77009253937em07_s91p2_IDEA/delphes.root
68,invisible_lower,invisible,0.303905175113,4.7712749645e-07,91.2,recoil_energy_GeV,10000,9787,0.9787,9787,1.0,0.9787,0.9973201999944793,0.9813297675164081,0.9826744374724365,0.9986316221275816,5.390281481182493e-08,150000000.0,7.913202728449958,6.8333444433295885,17.230478332539988,0.058036694089419846,1.1580277847949667,10.708085388257912,7.924045817406526,0.7400058488603145,binned_delta_chi2_with_3_event_floor,/data/alice/ipardoza/Axions/results/alp_full_production/fccee_z_full_projection_fullbg_channelaware/cluster_4797476/job68_m0p303905175113_g4p7712749645em07_s91p2_IDEA/delphes.root
69,invisible_lower,invisible,0.319553123983,4.77272283154e-07,91.2,recoil_energy_GeV,10000,9778,0.9778,9778,1.0,0.9778,0.9967231516076553,0.9810146362336086,0.9826744374724365,0.9983109347556682,5.393534413714246e-08,150000000.0,7.910696924594684,6.811967764869573,17.122843110561686,0.05840151624020788,1.1612939458391798,10.708085388257912,7.92408121476781,0.740009154527014,binned_delta_chi2_with_3_event_floor,/data/alice/ipardoza/Axions/results/alp_full_production/fccee_z_full_projection_fullbg_channelaware/cluster_4797476/job69_m0p319553123983_g4p77272283154em07_s91p2_IDEA/delphes.root
70,invisible_lower,invisible,0.33600677912,4.77449363716e-07,91.2,recoil_energy_GeV,10000,9772,0.9772,9772,1.0,0.9772,0.9959928100006145,0.9811315806580944,0.9826744374724365,0.9984299410308153,5.39751644286553e-08,150000000.0,7.911679601952295,6.879656442223989,17.464823897798535,0.057257949227077595,1.150010857140227,10.70808582777066,7.9241209391056415,0.7400128339049167,binned_delta_chi2_with_3_event_floor,/data/alice/ipardoza/Axions/results/alp_full_production/fccee_z_full_projection_fullbg_channelaware/cluster_4797476/job70_m0p33600677912_g4p77449363716em07_s91p2_IDEA/delphes.root
71,invisible_lower,invisible,0.353307625997,4.77666024549e-07,91.2,recoil_energy_GeV,10000,9764,0.9764,9764,1.0,0.9764,0.9950992814548967,0.9812086273165054,0.9826744374724365,0.9985083461011752,5.402392973073877e-08,150000000.0,7.912344748364002,6.779581334111151,16.96041441543481,0.05896082345074959,1.1670845673837416,10.70808582777066,7.92416485977201,0.7400169355405475,binned_delta_chi2_with_3_event_floor,/data/alice/ipardoza/Axions/results/alp_full_production/fccee_z_full_projection_fullbg_channelaware/cluster_4797476/job71_m0p353307625997_g4p77666024549em07_s91p2_IDEA/delphes.root
72,invisible_lower,invisible,0.371499286159,4.77931263617e-07,91.2,recoil_energy_GeV,10000,9759,0.9759,9759,1.0,0.9759,0.994005899682083,0.9817849172848231,0.9826744374724365,0.9990947966552367,5.408368613963613e-08,150000000.0,7.917040395550636,6.823035670198769,17.178529799558955,0.05821219927829179,1.1603398806971204,10.708086313708243,7.924213420043077,0.7400214368741764,binned_delta_chi2_with_3_event_floor,/data/alice/ipardoza/Axions/results/alp_full_production/fccee_z_full_projection_fullbg_channelaware/cluster_4797476/job72_m0p371499286159_g4p77931263617em07_s91p2_IDEA/delphes.root
73,invisible_lower,invisible,0.390627627205,4.78256187186e-07,91.2,recoil_energy_GeV,10000,9766,0.9766,9766,1.0,0.9766,0.992667657374232,0.9838136588264258,0.9826744374724365,1.0011593069999047,5.415696440449989e-08,150000000.0,7.933453715615189,6.818790672704611,17.15716097349203,0.058284701154521376,1.1634693153688582,10.708086313708243,7.924267057346492,0.7400264459207833,binned_delta_chi2_with_3_event_floor,/data/alice/ipardoza/Axions/results/alp_full_production/fccee_z_full_projection_fullbg_channelaware/cluster_4797476/job73_m0p390627627205_g4p78256187186em07_s91p2_IDEA/delphes.root
74,invisible_lower,invisible,0.410740878438,4.7865454317e-07,91.2,recoil_energy_GeV,10000,9734,0.9734,9734,1.0,0.9734,0.991029256325599,0.9822111645916869,0.9826744374724365,0.9995285591411727,5.424690498678187e-08,150000000.0,7.920590597120022,6.860342600250847,17.366900587755186,0.057580798309231185,1.1545473832211246,10.708086850974308,7.924326448386477,0.7400319551634434,binned_delta_chi2_with_3_event_floor,/data/alice/ipardoza/Axions/results/alp_full_production/fccee_z_full_projection_fullbg_channelaware/cluster_4797476/job74_m0p410740878438_g4p7865454317em07_s91p2_IDEA/delphes.root
75,invisible_lower,invisible,0.431889752465,4.79143124228e-07,91.2,recoil_energy_GeV,10000,9690,0.969,9690,1.0,0.969,0.9890226871794435,0.9797550779784987,0.9826744374724365,0.9970291691911242,5.435735589996628e-08,150000000.0,7.900841680060098,6.833096220279805,17.229226551882718,0.0580409107157933,1.1562608553076352,10.708086850974308,7.924383683247643,0.7400373001762326,binned_delta_chi2_with_3_event_floor,/data/alice/ipardoza/Axions/results/alp_full_production/fccee_z_full_projection_fullbg_channelaware/cluster_4797476/job75_m0p431889752465_g4p79143124228em07_s91p2_IDEA/delphes.root
76,invisible_lower,invisible,0.454127573068,4.79743932797e-07,91.2,recoil_energy_GeV,10000,9693,0.9693,9693,1.0,0.9693,0.986564121843079,0.9825007605072579,0.9826744374724365,0.9998232609310308,5.44933739646661e-08,150000000.0,7.923064107592627,6.86322585543106,17.38150152865587,0.05753242884979518,1.1544227560751026,10.70808744499041,7.9244646701005,0.7400448222719568,binned_delta_chi2_with_3_event_floor,/data/alice/ipardoza/Axions/results/alp_full_production/fccee_z_full_projection_fullbg_channelaware/cluster_4797476/job76_m0p454127573068_g4p79743932797em07_s91p2_IDEA/delphes.root
77,invisible_lower,invisible,0.477510409643,4.80482740386e-07,91.2,recoil_energy_GeV,10000,9634,0.9634,9634,1.0,0.9634,0.9835501873864432,0.9795128020462407,0.9826744374724365,0.9967826216846263,5.4660913729965474e-08,150000000.0,7.899048643117312,6.8191490383626965,17.158964430775974,0.05827857526217726,1.1583628101804773,10.70808744499041,7.924544902044355,0.7400523149212527,binned_delta_chi2_with_3_event_floor,/data/alice/ipardoza/Axions/results/alp_full_production/fccee_z_full_projection_fullbg_channelaware/cluster_4797476/job77_m0p477510409643_g4p80482740386em07_s91p2_IDEA/delphes.root
78,invisible_lower,invisible,0.502097218579,4.81393264095e-07,91.2,recoil_energy_GeV,10000,9597,0.9597,9597,1.0,0.9597,0.9798529601944729,0.9794326689685429,0.9826744374724365,0.9967010757782283,5.486780024410128e-08,150000000.0,7.8984941841396,6.823571908804644,17.181230108718765,0.05820305028640185,1.1575307316609287,10.708088101750734,7.924636960958853,0.7400608666698589,binned_delta_chi2_with_3_event_floor,/data/alice/ipardoza/Axions/results/alp_full_production/fccee_z_full_projection_fullbg_channelaware/cluster_4797476/job78_m0p502097218579_g4p81393264095em07_s91p2_IDEA/delphes.root
79,invisible_lower,invisible,0.527949991904,4.82517375405e-07,91.2,recoil_energy_GeV,10000,9555,0.9555,9555,1.0,0.9555,0.9753138159590642,0.9796846762192326,0.9826744374724365,0.9969575261763255,5.512381580197377e-08,150000000.0,7.90062089981789,6.871130244957329,17.421561196740726,0.05740013703175367,1.1498284296991892,10.708088101750734,7.924731688539916,0.7400697130278795,binned_delta_chi2_with_3_event_floor,/data/alice/ipardoza/Axions/results/alp_full_production/fccee_z_full_projection_fullbg_channelaware/cluster_4797476/job79_m0p527949991904_g4p82517375405em07_s91p2_IDEA/delphes.root
80,invisible_lower,invisible,0.555133913587,4.8390917568e-07,91.2,recoil_energy_GeV,10000,9516,0.9516,9516,1.0,0.9516,0.9697352304384708,0.9812987814928918,0.9826744374724365,0.998600089788554,5.544169012134607e-08,150000000.0,7.913746847920937,6.865948599841334,17.395295267772394,0.0574868080481889,1.1526079365207913,10.708088827882548,7.924840913640028,0.740079863084878,binned_delta_chi2_with_3_event_floor,/data/alice/ipardoza/Axions/results/alp_full_production/fccee_z_full_projection_fullbg_channelaware/cluster_4797476/job80_m0p555133913587_g4p8390917568em07_s91p2_IDEA/delphes.root
81,invisible_lower,invisible,0.583717523896,4.85637678916e-07,91.2,recoil_energy_GeV,10000,9447,0.9447,9447,1.0,0.9447,0.9628702431400129,0.9811290843501841,0.9826744374724365,0.9984274007104252,5.583781263177868e-08,150000000.0,7.912497238986197,6.761547785351818,16.870305702433978,0.05927574862236931,1.1702198209894767,10.708088827882548,7.924960025492195,0.7400909866246693,binned_delta_chi2_with_3_event_floor,/data/alice/ipardoza/Axions/results/alp_full_production/fccee_z_full_projection_fullbg_channelaware/cluster_4797476/job81_m0p583717523896_g4p85637678916em07_s91p2_IDEA/delphes.root
82,invisible_lower,invisible,0.613772892204,4.87793081041e-07,91.2,recoil_energy_GeV,10000,9349,0.9349,9349,1.0,0.9349,0.9544081639461739,0.9795599360073431,0.9826744374724365,0.9968305866660129,5.633383031753666e-08,150000000.0,7.899974694579754,6.790672930700928,17.015955295850304,0.05876837254290806,1.1633566769006978,10.708089630713074,7.925092588703473,0.74010331086253,binned_delta_chi2_with_3_event_floor,/data/alice/ipardoza/Axions/results/alp_full_production/fccee_z_full_projection_fullbg_channelaware/cluster_4797476/job82_m0p613772892204_g4p87793081041em07_s91p2_IDEA/delphes.root
83,invisible_lower,invisible,0.645375798708,4.90494514574e-07,91.2,recoil_energy_GeV,10000,9239,0.9239,9239,1.0,0.9239,0.9439551782766107,0.9787540989888677,0.9826744374724365,0.9960105419108566,5.69587022230063e-08,150000000.0,7.893621747575329,6.834682868711451,17.237228751239037,0.058013965842863134,1.154936066413791,10.708089630713074,7.9252391570387735,0.7401169984893949,binned_delta_chi2_with_3_event_floor,/data/alice/ipardoza/Axions/results/alp_full_production/fccee_z_full_projection_fullbg_channelaware/cluster_4797476/job83_m0p645375798708_g4p90494514574em07_s91p2_IDEA/delphes.root
84,invisible_lower,invisible,0.678605925496,4.93902529471e-07,91.2,recoil_energy_GeV,10000,9092,0.9092,9092,1.0,0.9092,0.9310070144218918,0.9765769601258774,0.9826744374724365,0.9937950178471695,5.775204729942556e-08,150000000.0,7.876224210695658,6.871733759064444,17.424621717884115,0.05739005507210693,1.146177149297468,10.708090518343385,7.92540118359388,0.7401320683661903,binned_delta_chi2_with_3_event_floor,/data/alice/ipardoza/Axions/results/alp_full_production/fccee_z_full_projection_fullbg_channelaware/cluster_4797476/job84_m0p678605925496_g4p93902529471em07_s91p2_IDEA/delphes.root
85,invisible_lower,invisible,0.713547057451,4.98238907826e-07,91.2,recoil_energy_GeV,10000,8963,0.8963,8963,1.0,0.8963,0.9149090717742134,0.9796601953698784,0.9826744374724365,0.9969326137043809,5.876957382247419e-08,150000000.0,7.901275352562542,6.847462570657778,17.30175042677462,0.05779762020220165,1.15389829021052,10.708090518343385,7.925586187017347,0.7401493453422441,binned_delta_chi2_with_3_event_floor,/data/alice/ipardoza/Axions/results/alp_full_production/fccee_z_full_projection_fullbg_channelaware/cluster_4797476/job85_m0p713547057451_g4p98238907826em07_s91p2_IDEA/delphes.root
86,invisible_lower,invisible,0.750287293505,5.03818650024e-07,91.2,recoil_energy_GeV,10000,8718,0.8718,8718,1.0,0.8718,0.8947959017712853,0.974300394396349,0.9826744374724365,0.9914783139188736,6.009209127208229e-08,150000000.0,7.858242775650201,6.878764042329257,17.460293265698134,0.05727280663518775,1.1423916749133434,10.708091499730148,7.925783817288002,0.7401677336701631,binned_delta_chi2_with_3_event_floor,/data/alice/ipardoza/Axions/results/alp_full_production/fccee_z_full_projection_fullbg_channelaware/cluster_4797476/job86_m0p750287293505_g5p03818650024em07_s91p2_IDEA/delphes.root
87,invisible_lower,invisible,0.788919268767,5.11109332982e-07,91.2,recoil_energy_GeV,10000,8459,0.8459,8459,1.0,0.8459,0.8694923571736161,0.9728665157560376,0.9826744374724365,0.9900191545211797,6.184251541307055e-08,150000000.0,7.846887568187458,6.895494395709924,17.54532950600257,0.05699522483506976,1.1379731630366416,10.708091499730148,7.925995706600833,0.7401875214458686,binned_delta_chi2_with_3_event_floor,/data/alice/ipardoza/Axions/results/alp_full_production/fccee_z_full_projection_fullbg_channelaware/cluster_4797476/job87_m0p788919268767_g5p11109332982em07_s91p2_IDEA/delphes.root
88,invisible_lower,invisible,0.829540388089,5.20843590254e-07,91.2,recoil_energy_GeV,10000,8112,0.8112,8112,1.0,0.8112,0.8373400480864174,0.9687820400491348,0.9826744374724365,0.985862665300387,6.421904928349026e-08,150000000.0,7.814173916815095,6.8456160678585185,17.292420423809123,0.05782880449882811,1.1414858559632262,10.70809258477594,7.926229678688724,0.7402092964677682,binned_delta_chi2_with_3_event_floor,/data/alice/ipardoza/Axions/results/alp_full_production/fccee_z_full_projection_fullbg_channelaware/cluster_4797476/job88_m0p829540388089_g5p20843590254em07_s91p2_IDEA/delphes.root
89,invisible_lower,invisible,0.872253071655,5.34262266463e-07,91.2,recoil_energy_GeV,10000,7690,0.769,7690,1.0,0.769,0.7958554580271686,0.9662558599601238,0.9826744374724365,0.9832919460543378,6.756889882168844e-08,150000000.0,7.794072479081763,6.884191523273295,17.487857169412507,0.057182534733247393,1.1321696168289979,10.70809258477594,7.926509019378313,0.740235383344341,binned_delta_chi2_with_3_event_floor,/data/alice/ipardoza/Axions/results/alp_full_production/fccee_z_full_projection_fullbg_channelaware/cluster_4797476/job89_m0p872253071655_g5p34262266463em07_s91p2_IDEA/delphes.root
90,invisible_lower,invisible,0.917165013225,5.53725335747e-07,91.2,recoil_energy_GeV,10000,7130,0.713,7130,1.0,0.713,0.7409408973754414,0.962289978223076,0.9826744374724365,0.9792561417372452,7.257951085603879e-08,150000000.0,7.762378686053348,6.8199294663985555,17.162892223856563,0.05826523798885083,1.1381904643293148,10.708093784429147,7.9268113369016335,0.7402635330321974,binned_delta_chi2_with_3_event_floor,/data/alice/ipardoza/Axions/results/alp_full_production/fccee_z_full_projection_fullbg_channelaware/cluster_4797476/job90_m0p917165013225_g5p53725335747em07_s91p2_IDEA/delphes.root
91,invisible_lower,invisible,0.964389451662,5.84728686638e-07,91.2,recoil_energy_GeV,10000,6375,0.6375,6375,1.0,0.6375,0.6645001832600176,0.9593676812434339,0.9826744374724365,0.9762823216517663,8.093197299670426e-08,150000000.0,7.739119917809844,6.756924720003941,16.847244159335915,0.059356888909682534,1.1453612758031926,10.708093784429147,7.927133111164066,0.7402935826627769,binned_delta_chi2_with_3_event_floor,/data/alice/ipardoza/Axions/results/alp_full_production/fccee_z_full_projection_fullbg_channelaware/cluster_4797476/job91_m0p964389451662_g5p84728686638em07_s91p2_IDEA/delphes.root
92,invisible_lower,invisible,1.01404545645,6.4756893371e-07,91.2,recoil_energy_GeV,10000,5162,0.5162,5162,1.0,0.5162,0.5418350592826582,0.9526884448625441,0.9826744374724365,0.9694853234535944,9.92585547597789e-08,150000000.0,7.68558989504968,6.815259746416524,17.13939683067359,0.05834511038395156,1.1277031516063312,10.708095110794384,7.927494835787022,0.7403272714486487,binned_delta_chi2_with_3_event_floor,/data/alice/ipardoza/Axions/results/alp_full_production/fccee_z_full_projection_fullbg_channelaware/cluster_4797476/job92_m1p01404545645_g6p4756893371em07_s91p2_IDEA/delphes.root
93,invisible_upper,invisible,0.01,0.0405328194685,91.2,recoil_energy_GeV,10000,203,0.0203,203,1.0,0.0203,1.3818368639317324e-10,146905908.57621592,0.9826744374724365,149496011.06351823,389.0188401792323,150000000.0,1184562368.3457623,6.516326059399544,15.668821148490624,0.06382101056123995,181783777.78335348,10.708095110794384,7.923705521764476,0.7399733976752708,binned_delta_chi2_with_3_event_floor,/data/alice/ipardoza/Axions/results/alp_full_production/fccee_z_full_projection_fullbg_channelaware/cluster_4797476/job93_m0p01_g0p0405328194685_s91p2_IDEA/delphes.root
94,invisible_upper,invisible,0.0105148957685,0.0364903164994,91.2,recoil_energy_GeV,10000,187,0.0187,187,1.0,0.0187,1.7049637380879003e-10,109679752.02200994,0.9826744374724365,111613519.02479543,315.2915015292251,150000000.0,884392661.7894765,5.725352128693461,12.095814390234226,0.08267322626968945,154469566.57167163,10.708096577254564,7.923705564672725,0.7399733003439416,binned_delta_chi2_with_3_event_floor,/data/alice/ipardoza/Axions/results/alp_full_production/fccee_z_full_projection_fullbg_channelaware/cluster_4797476/job94_m0p0105148957685_g0p0364903164994_s91p2_IDEA/delphes.root
95,invisible_upper,invisible,0.0110563033023,0.0328494878026,91.2,recoil_energy_GeV,10000,190,0.019,190,1.0,0.019,2.1038424156000255e-10,90310946.5762012,0.9826744374724365,91903221.58831406,255.51370955968707,150000000.0,728214072.2451082,6.891355095933857,17.52427123920795,0.05706371388287171,105670664.49308065,10.708096577254564,7.923705607483341,0.7399733043419086,binned_delta_chi2_with_3_event_floor,/data/alice/ipardoza/Axions/results/alp_full_production/fccee_z_full_projection_fullbg_channelaware/cluster_4797476/job95_m0p0110563033023_g0p0328494878026_s91p2_IDEA/delphes.root
96,invisible_upper,invisible,0.011625587681,0.0295705449231,91.2,recoil_energy_GeV,10000,179,0.0179,179,1.0,0.0179,2.596281388857306e-10,68944761.06027274,0.9826744374724365,70160328.21369345,207.0502007535613,150000000.0,555929789.0233121,6.543403466885679,15.799309568432298,0.06329390507025974,84960340.87409039,10.708098198605857,7.923705649296111,0.7399731962046948,binned_delta_chi2_with_3_event_floor,/data/alice/ipardoza/Axions/results/alp_full_production/fccee_z_full_projection_fullbg_channelaware/cluster_4797476/job96_m0p011625587681_g0p0295705449231_s91p2_IDEA/delphes.root
97,invisible_upper,invisible,0.0122241842713,0.0266176304413,91.2,recoil_energy_GeV,10000,173,0.0173,173,1.0,0.0173,3.2042887054230316e-10,53990141.30880584,0.9826744374724365,54942043.11213726,167.76284414719905,150000000.0,435344580.5619815,6.4542794831947585,15.37185374435011,0.06505396269253133,67450531.3405631,10.708098198605857,7.923705707001811,0.7399732015936723,binned_delta_chi2_with_3_event_floor,/data/alice/ipardoza/Axions/results/alp_full_production/fccee_z_full_projection_fullbg_channelaware/cluster_4797476/job97_m0p0122241842713_g0p0266176304413_s91p2_IDEA/delphes.root
98,invisible_upper,invisible,0.0128536023469,0.0239584304627,91.2,recoil_energy_GeV,10000,182,0.0182,182,1.0,0.0182,3.9550656709041457e-10,46016935.02560578,0.9826744374724365,46828260.98943531,135.91698214404724,150000000.0,371053361.253249,6.59319611016903,16.040677102268646,0.062341508006452495,56278223.04283564,10.70809999120689,7.92370575830182,0.7399730825084267,binned_delta_chi2_with_3_event_floor,/data/alice/ipardoza/Axions/results/alp_full_production/fccee_z_full_projection_fullbg_channelaware/cluster_4797476/job98_m0p0128536023469_g0p0239584304627_s91p2_IDEA/delphes.root
99,invisible_upper,invisible,0.0135154288928,0.021563825231,91.2,recoil_energy_GeV,10000,174,0.0174,174,1.0,0.0174,4.882236644151733e-10,35639403.14290761,0.9826744374724365,36267762.530362226,110.10539510107449,150000000.0,287375081.2138044,6.552447401180272,15.843013632927713,0.06311930439304966,43857670.82419318,10.70809999120689,7.923705824786491,0.7399730887172473,binned_delta_chi2_with_3_event_floor,/data/alice/ipardoza/Axions/results/alp_full_production/fccee_z_full_projection_fullbg_channelaware/cluster_4797476/job99_m0p0135154288928_g0p021563825231_s91p2_IDEA/delphes.root
100,invisible_upper,invisible,0.0142113326075,0.0194075741257,91.2,recoil_energy_GeV,10000,202,0.0202,202,1.0,0.0202,6.027371111868681e-10,33513781.75507322,0.9826744374724365,34104664.24798321,89.18657725550244,150000000.0,270235329.0841724,6.494110337448949,15.562165710317823,0.0642584084127181,41612371.06272015,10.708101973143693,7.923705893106772,0.7399729581376525,binned_delta_chi2_with_3_event_floor,/data/alice/ipardoza/Axions/results/alp_full_production/fccee_z_full_projection_fullbg_channelaware/cluster_4797476/job100_m0p0142113326075_g0p0194075741257_s91p2_IDEA/delphes.root
101,invisible_upper,invisible,0.01494306811,0.0174660316584,91.2,recoil_energy_GeV,10000,168,0.0168,168,1.0,0.0168,7.441867978959092e-10,22574977.206663437,0.9826744374724365,22972997.307968188,72.23463334053719,150000000.0,182031276.0181537,6.6035751389656285,16.09121941548521,0.06214569413164926,27565564.438578755,10.708101973143693,7.923705974362176,0.7399729657258697,binned_delta_chi2_with_3_event_floor,/data/alice/ipardoza/Axions/results/alp_full_production/fccee_z_full_projection_fullbg_channelaware/cluster_4797476/job101_m0p01494306811_g0p0174660316584_s91p2_IDEA/delphes.root
102,invisible_upper,invisible,0.0157124803639,0.0157178914316,91.2,recoil_energy_GeV,10000,167,0.0167,167,1.0,0.0167,9.189288498706451e-10,18173333.008698996,0.9826744374724365,18493747.588919804,58.4986107281504,150000000.0,146539019.87401676,6.545635519369017,15.810090166946605,0.06325074616529713,22387286.832637873,10.708104164412015,7.92370606170774,0.7399728224573946,binned_delta_chi2_with_3_event_floor,/data/alice/ipardoza/Axions/results/alp_full_production/fccee_z_full_projection_fullbg_channelaware/cluster_4797476/job102_m0p0157124803639_g0p0157178914316_s91p2_IDEA/delphes.root
103,invisible_upper,invisible,0.0165215093291,0.0141439553035,91.2,recoil_energy_GeV,10000,177,0.0177,177,1.0,0.0177,1.1348245301359648e-09,15597124.956295526,0.9826744374724365,15872118.334952634,47.36949222674746,150000000.0,125766001.86201452,6.45123445369252,15.357352758859568,0.06511538907140788,19494873.851628397,10.708104164412015,7.923706162463526,0.7399728318666966,binned_delta_chi2_with_3_event_floor,/data/alice/ipardoza/Axions/results/alp_full_production/fccee_z_full_projection_fullbg_channelaware/cluster_4797476/job103_m0p0165215093291_g0p0141439553035_s91p2_IDEA/delphes.root
104,invisible_upper,invisible,0.0173721948535,0.0127269252879,91.2,recoil_energy_GeV,10000,219,0.0219,219,1.0,0.0219,1.4015980552789993e-09,15625021.679728737,0.9826744374724365,15900506.90635474,38.35340827957961,150000000.0,125990946.19841903,6.624242566481914,16.1920994758638,0.06175851386601324,19019675.82466291,10.708106587118928,7.923706265494336,0.7399726740697535,binned_delta_chi2_with_3_event_floor,/data/alice/ipardoza/Axions/results/alp_full_production/fccee_z_full_projection_fullbg_channelaware/cluster_4797476/job104_m0p0173721948535_g0p0127269252879_s91p2_IDEA/delphes.root
105,invisible_upper,invisible,0.0182666818155,0.0114512159502,91.2,recoil_energy_GeV,10000,159,0.0159,159,1.0,0.0159,1.731279861999772e-09,9183957.111147923,0.9826744374724365,9345879.734869493,31.04989807848324,150000000.0,74054006.91718253,6.449632374428888,15.349726112649895,0.065147742224266,11481895.80708311,10.708106587118928,7.923706383775398,0.7399726851156898,binned_delta_chi2_with_3_event_floor,/data/alice/ipardoza/Axions/results/alp_full_production/fccee_z_full_projection_fullbg_channelaware/cluster_4797476/job105_m0p0182666818155_g0p0114512159502_s91p2_IDEA/delphes.root
106,invisible_upper,invisible,0.0192072255327,0.0103027852871,91.2,recoil_energy_GeV,10000,195,0.0195,195,1.0,0.0195,2.138755806855563e-09,9117450.406210352,0.9826744374724365,9278200.448219242,25.134269186739377,150000000.0,73517737.37121268,6.840858246528719,17.26839171553505,0.05790927241361897,10746858.759793486,10.708109265705614,7.923706518468557,0.7399725125933726,binned_delta_chi2_with_3_event_floor,/data/alice/ipardoza/Axions/results/alp_full_production/fccee_z_full_projection_fullbg_channelaware/cluster_4797476/job106_m0p0192072255327_g0p0103027852871_s91p2_IDEA/delphes.root
107,invisible_upper,invisible,0.020196197448,0.0092689822714,91.2,recoil_energy_GeV,10000,182,0.0182,182,1.0,0.0182,2.6424477618375425e-09,6887553.37488444,0.9826744374724365,7008988.035345767,20.34328393733293,150000000.0,55537165.148918904,6.463054522138139,15.413680352815588,0.06487743206750307,8593021.296460584,10.708109265705614,7.923706656203351,0.739972525456035,binned_delta_chi2_with_3_event_floor,/data/alice/ipardoza/Axions/results/alp_full_production/fccee_z_full_projection_fullbg_channelaware/cluster_4797476/job107_m0p020196197448_g0p0092689822714_s91p2_IDEA/delphes.root
108,invisible_upper,invisible,0.0212360911087,0.00833840942085,91.2,recoil_energy_GeV,10000,193,0.0193,193,1.0,0.0193,3.265157222533327e-09,5910894.540332662,0.9826744374724365,6015109.699542235,16.463546015088387,150000000.0,47661965.71368088,6.793874973524246,17.032006330582682,0.058712988980305816,7015431.679184519,10.708112227193723,7.9237068140765725,0.739972335548928,binned_delta_chi2_with_3_event_floor,/data/alice/ipardoza/Axions/results/alp_full_production/fccee_z_full_projection_fullbg_channelaware/cluster_4797476/job108_m0p0212360911087_g0p00833840942085_s91p2_IDEA/delphes.root
109,invisible_upper,invisible,0.0223295284539,0.00750079891765,91.2,recoil_energy_GeV,10000,224,0.0224,224,1.0,0.0224,4.035111130731709e-09,5551272.139545283,0.9826744374724365,5649146.78540317,13.322078534347005,150000000.0,44762183.87540594,6.639036736148115,16.2645050863189,0.061483580022435674,6742270.852590038,10.708112227193723,7.923706990773711,0.7399723520501689,binned_delta_chi2_with_3_event_floor,/data/alice/ipardoza/Axions/results/alp_full_production/fccee_z_full_projection_fullbg_channelaware/cluster_4797476/job109_m0p0223295284539_g0p00750079891765_s91p2_IDEA/delphes.root
110,invisible_upper,invisible,0.0234792664253,0.00674690094089,91.2,recoil_energy_GeV,10000,175,0.0175,175,1.0,0.0175,4.9872587090096595e-09,3508941.6894266247,0.9826744374724365,3570807.9457648946,10.778680601363423,150000000.0,28294036.578578986,6.29105493548419,14.604196384236154,0.06847346979525727,4497502.703241192,10.708115501457652,7.923707185690767,0.7399721439885614,binned_delta_chi2_with_3_event_floor,/data/alice/ipardoza/Axions/results/alp_full_production/fccee_z_full_projection_fullbg_channelaware/cluster_4797476/job110_m0p0234792664253_g0p00674690094089_s91p2_IDEA/delphes.root
111,invisible_upper,invisible,0.0246882039184,0.0060683830125,91.2,recoil_energy_GeV,10000,182,0.0182,182,1.0,0.0182,6.164879866670082e-09,2952206.7572470973,0.9826744374724365,3004257.2032712563,8.719727118803155,150000000.0,23804855.034332614,6.800537760089967,17.065429456239656,0.05859799793285416,3500437.152784472,10.708115501457652,7.923707400422352,0.7399721640417243,binned_delta_chi2_with_3_event_floor,/data/alice/ipardoza/Axions/results/alp_full_production/fccee_z_full_projection_fullbg_channelaware/cluster_4797476/job111_m0p0246882039184_g0p0060683830125_s91p2_IDEA/delphes.root
112,invisible_upper,invisible,0.0259593890915,0.00545773927242,91.2,recoil_energy_GeV,10000,161,0.0161,161,1.0,0.0161,7.621580465465468e-09,2112422.75443414,0.9826744374724365,2149666.943476783,7.053139692066882,150000000.0,17033332.35634152,5.768546568749501,12.279014581487688,0.0814397599549754,2952794.4610203584,10.708119121525527,7.923707627374362,0.7399719350755144,binned_delta_chi2_with_3_event_floor,/data/alice/ipardoza/Axions/results/alp_full_production/fccee_z_full_projection_fullbg_channelaware/cluster_4797476/job112_m0p0259593890915_g0p00545773927242_s91p2_IDEA/delphes.root
113,invisible_upper,invisible,0.0272960270512,0.00490820870383,91.2,recoil_energy_GeV,10000,156,0.0156,156,1.0,0.0156,9.423768139861358e-09,1655388.775325865,0.9826744374724365,1684574.9845531092,5.704307744127178,150000000.0,13348080.121257594,6.293643183659527,14.61621569122658,0.06841716222074176,2120882.8863882567,10.708119121525527,7.923707904755944,0.739971960979371,binned_delta_chi2_with_3_event_floor,/data/alice/ipardoza/Axions/results/alp_full_production/fccee_z_full_projection_fullbg_channelaware/cluster_4797476/job113_m0p0272960270512_g0p00490820870383_s91p2_IDEA/delphes.root
114,invisible_upper,invisible,0.0287014879339,0.00441370143189,91.2,recoil_energy_GeV,10000,181,0.0181,181,1.0,0.0181,1.1653724834615052e-08,1553151.4821971413,0.9826744374724365,1580535.1426379262,4.612780571801547,150000000.0,12523699.252441201,6.433533567158926,15.273193416885851,0.06547419211586836,1946628.4152725292,10.70812312391191,7.923708188822076,0.7399717109273742,binned_delta_chi2_with_3_event_floor,/data/alice/ipardoza/Axions/results/alp_full_production/fccee_z_full_projection_fullbg_channelaware/cluster_4797476/job114_m0p0287014879339_g0p00441370143189_s91p2_IDEA/delphes.root
115,invisible_upper,invisible,0.0301793154027,0.00396873229272,91.2,recoil_energy_GeV,10000,177,0.0177,177,1.0,0.0177,1.4413421395222582e-08,1228022.0993099373,0.9826744374724365,1249673.393833838,3.729584822762019,150000000.0,9902047.70443316,6.743505981740597,16.780395913568714,0.05959334959381947,1468382.7272111794,10.70812312391191,7.923708509192907,0.7399717408458601,binned_delta_chi2_with_3_event_floor,/data/alice/ipardoza/Axions/results/alp_full_production/fccee_z_full_projection_fullbg_channelaware/cluster_4797476/job115_m0p0301793154027_g0p00396873229272_s91p2_IDEA/delphes.root
116,invisible_upper,invisible,0.0317332355826,0.00356836096596,91.2,recoil_energy_GeV,10000,171,0.0171,171,1.0,0.0171,1.782925379252707e-08,959097.9072364359,0.9826744374724365,976007.7912511467,3.0150493422256885,150000000.0,7733601.562808892,6.750422547539444,16.81483563480772,0.05947129200180465,1145647.0329591176,10.70812754898556,7.923708839347655,0.739971465888853,binned_delta_chi2_with_3_event_floor,/data/alice/ipardoza/Axions/results/alp_full_production/fccee_z_full_projection_fullbg_channelaware/cluster_4797476/job116_m0p0317332355826_g0p00356836096596_s91p2_IDEA/delphes.root
117,invisible_upper,invisible,0.033367166455,0.00320813801552,91.2,recoil_energy_GeV,10000,159,0.0159,159,1.0,0.0159,2.2057926199239855e-08,720829.3225927983,0.9826744374724365,733538.2860338393,2.4370415535976413,150000000.0,5812344.105330375,6.928987350010953,17.716186603915798,0.05644555582740197,838844.6697512281,10.70812754898556,7.923709254164605,0.739971504627367,binned_delta_chi2_with_3_event_floor,/data/alice/ipardoza/Axions/results/alp_full_production/fccee_z_full_projection_fullbg_channelaware/cluster_4797476/job117_m0p033367166455_g0p00320813801552_s91p2_IDEA/delphes.root
118,invisible_upper,invisible,0.0350852277366,0.00288405626543,91.2,recoil_energy_GeV,10000,170,0.017,170,1.0,0.017,2.729375894650471e-08,622853.0131492589,0.9826744374724365,633834.5533351981,1.969537646403532,150000000.0,5022320.998329007,7.047217977024672,18.32593402793347,0.05456747789639213,712667.1850796683,10.708132441375914,7.923709699797629,0.7399712081614385,binned_delta_chi2_with_3_event_floor,/data/alice/ipardoza/Axions/results/alp_full_production/fccee_z_full_projection_fullbg_channelaware/cluster_4797476/job118_m0p0350852277366_g0p00288405626543_s91p2_IDEA/delphes.root
119,invisible_upper,invisible,0.0368917512666,0.00259250697507,91.2,recoil_energy_GeV,10000,169,0.0169,169,1.0,0.0169,3.377777095902482e-08,500329.0483703342,0.9826744374724365,509150.36485251825,1.591463473929469,150000000.0,4034359.9064112036,6.445623275733627,15.330649229770886,0.06522880962262712,625906.8725905365,10.708132441375914,7.923710135373871,0.7399712488385821,binned_delta_chi2_with_3_event_floor,/data/alice/ipardoza/Axions/results/alp_full_production/fccee_z_full_projection_fullbg_channelaware/cluster_4797476/job119_m0p0368917512666_g0p00259250697507_s91p2_IDEA/delphes.root
120,invisible_upper,invisible,0.0387912919287,0.00233024034604,91.2,recoil_energy_GeV,10000,169,0.0169,169,1.0,0.0169,4.180897033921616e-08,404219.47402392887,0.9826744374724365,411346.27971358725,1.2857549966441022,150000000.0,3259388.916492799,6.765494415650092,16.89000541999726,0.05920661214329925,481766.55189502606,10.70813785042238,7.923710696404622,0.739970927446743,binned_delta_chi2_with_3_event_floor,/data/alice/ipardoza/Axions/results/alp_full_production/fccee_z_full_projection_fullbg_channelaware/cluster_4797476/job120_m0p0387912919287_g0p00233024034604_s91p2_IDEA/delphes.root
121,invisible_upper,invisible,0.0407886391358,0.00209432993798,91.2,recoil_energy_GeV,10000,181,0.0181,181,1.0,0.0181,5.1758390751210146e-08,349701.7534220152,0.9826744374724365,355867.35554197634,1.0385967585671876,150000000.0,2819790.1995099145,6.5697080599941104,15.926591879539329,0.06278807214773213,429210.8833086325,10.70813785042238,7.9237113368138266,0.7399709872525854,binned_delta_chi2_with_3_event_floor,/data/alice/ipardoza/Axions/results/alp_full_production/fccee_z_full_projection_fullbg_channelaware/cluster_4797476/job121_m0p0407886391358_g0p00209432993798_s91p2_IDEA/delphes.root
122,invisible_upper,invisible,0.0428888289054,0.00188214059817,91.2,recoil_energy_GeV,10000,153,0.0153,153,1.0,0.0153,6.408655114242221e-08,238739.63768151874,0.9826744374724365,242948.86340545033,0.8388047067379705,150000000.0,1925056.8019636422,6.880558165959527,17.469402463155838,0.057242942459484115,279782.0693512274,10.708143830670886,7.923711907846921,0.7399706273230442,binned_delta_chi2_with_3_event_floor,/data/alice/ipardoza/Axions/results/alp_full_production/fccee_z_full_projection_fullbg_channelaware/cluster_4797476/job122_m0p0428888289054_g0p00188214059817_s91p2_IDEA/delphes.root
123,invisible_upper,invisible,0.0450971565575,0.00169129956045,91.2,recoil_energy_GeV,10000,135,0.0135,135,1.0,0.0135,7.936518342483746e-08,170099.7769731753,0.9826744374724365,173098.81125095053,0.6773260439632061,150000000.0,1371585.2390254922,6.924681344904198,17.69417406954399,0.05651577723095,198071.9647171675,10.708143830670886,7.923712642006722,0.7399706958839276,binned_delta_chi2_with_3_event_floor,/data/alice/ipardoza/Axions/results/alp_full_production/fccee_z_full_projection_fullbg_channelaware/cluster_4797476/job123_m0p0450971565575_g0p00169129956045_s91p2_IDEA/delphes.root
124,invisible_upper,invisible,0.047419190066,0.00151967041244,91.2,recoil_energy_GeV,10000,147,0.0147,147,1.0,0.0147,9.830426435371915e-08,149535.73068922368,0.9826744374724365,152172.1996492028,0.5468339695859529,150000000.0,1205768.902937026,6.638034162606629,16.25959318964306,0.0615021537338938,181645.48018287745,10.708150442422692,7.9237134359406145,0.739970313131676,binned_delta_chi2_with_3_event_floor,/data/alice/ipardoza/Axions/results/alp_full_production/fccee_z_full_projection_fullbg_channelaware/cluster_4797476/job124_m0p047419190066_g0p00151967041244_s91p2_IDEA/delphes.root
125,invisible_upper,invisible,0.0498607840973,0.00136532962985,91.2,recoil_energy_GeV,10000,139,0.0139,139,1.0,0.0139,1.217856807892057e-07,114134.9287529048,0.9826744374724365,116147.2451104705,0.44139932290072387,150000000.0,920317.5882480092,6.15524610832283,13.980462971964334,0.07152838943927295,149517.5939437417,10.708150442422692,7.923714310853198,0.7399703948369704,binned_delta_chi2_with_3_event_floor,/data/alice/ipardoza/Axions/results/alp_full_production/fccee_z_full_projection_fullbg_channelaware/cluster_4797476/job125_m0p0498607840973_g0p00136532962985_s91p2_IDEA/delphes.root
126,invisible_upper,invisible,0.0524280947721,0.00122654543786,91.2,recoil_energy_GeV,10000,135,0.0135,135,1.0,0.0135,1.5090515295238384e-07,89460.16577883028,0.9826744374724365,91037.44064914642,0.35622457250445067,150000000.0,721354.7593215127,6.5792378042482405,15.972830289612254,0.06260631221070061,109641.08317466971,10.708157752340934,7.923715277778694,0.7399699799945955,binned_delta_chi2_with_3_event_floor,/data/alice/ipardoza/Axions/results/alp_full_production/fccee_z_full_projection_fullbg_channelaware/cluster_4797476/job126_m0p0524280947721_g0p00122654543786_s91p2_IDEA/delphes.root
127,invisible_upper,invisible,0.0551275951872,0.00110175876432,91.2,recoil_energy_GeV,10000,152,0.0152,152,1.0,0.0152,1.8702446845879052e-07,81272.7881290528,0.9826744374724365,82705.71109806899,0.2874283312414429,150000000.0,655336.5952304899,6.323133533150184,14.753512058320418,0.06778047125640421,103641.1127164669,10.708157752340934,7.923716349568882,0.7399700800855927,binned_delta_chi2_with_3_event_floor,/data/alice/ipardoza/Axions/results/alp_full_production/fccee_z_full_projection_fullbg_channelaware/cluster_4797476/job127_m0p0551275951872_g0p00110175876432_s91p2_IDEA/delphes.root
128,invisible_upper,invisible,0.0579660917364,0.000989566079368,91.2,recoil_energy_GeV,10000,163,0.0163,163,1.0,0.0163,2.3183658561871502e-07,70308.14380094192,0.9826744374724365,71547.74879642071,0.23187081861983683,150000000.0,566924.1515255009,7.210200604262642,19.183392160040356,0.05212842398556774,78628.06912616795,10.70816583412087,7.923717532170101,0.7399696320467595,binned_delta_chi2_with_3_event_floor,/data/alice/ipardoza/Axions/results/alp_full_production/fccee_z_full_projection_fullbg_channelaware/cluster_4797476/job128_m0p0579660917364_g0p000989566079368_s91p2_IDEA/delphes.root
129,invisible_upper,invisible,0.0609507412719,0.000888703934882,91.2,recoil_energy_GeV,10000,148,0.0148,148,1.0,0.0148,2.8744680985463424e-07,51487.78658383637,0.9826744374724365,52395.56929583871,0.18701250426707136,150000000.0,415167.75947289844,6.474626541616841,15.468925776165777,0.06464573005714339,64122.27126990755,10.70816583412087,7.923718838300156,0.7399697540219021,binned_delta_chi2_with_3_event_floor,/data/alice/ipardoza/Axions/results/alp_full_production/fccee_z_full_projection_fullbg_channelaware/cluster_4797476/job129_m0p0609507412719_g0p000888703934882_s91p2_IDEA/delphes.root
130,invisible_upper,invisible,0.0640890691489,0.00079803503603,91.2,recoil_energy_GeV,10000,152,0.0152,152,1.0,0.0152,3.564740520854659e-07,42639.84969193704,0.9826744374724365,43391.634162797745,0.15079963672011742,150000000.0,343823.17172186775,6.612363494504325,16.134077853672856,0.06198061079594666,51997.016196648365,10.708174769230585,7.92372028285231,0.739969271478528,binned_delta_chi2_with_3_event_floor,/data/alice/ipardoza/Axions/results/alp_full_production/fccee_z_full_projection_fullbg_channelaware/cluster_4797476/job130_m0p0640890691489_g0p00079803503603_s91p2_IDEA/delphes.root
131,invisible_upper,invisible,0.0673889882004,0.000716535693349,91.2,recoil_energy_GeV,10000,126,0.0126,126,1.0,0.0126,4.421771917260622e-07,28495.363930498606,0.9826744374724365,28997.766547985415,0.12157155409942745,150000000.0,229770.23724791792,6.816315617971313,17.144707971881786,0.058327036053343814,33708.86122733598,10.708174769230585,7.923721879328011,0.7399694205679606,binned_delta_chi2_with_3_event_floor,/data/alice/ipardoza/Axions/results/alp_full_production/fccee_z_full_projection_fullbg_channelaware/cluster_4797476/job131_m0p0673889882004_g0p000716535693349_s91p2_IDEA/delphes.root
132,invisible_upper,invisible,0.0708588186875,0.000643284518935,91.2,recoil_energy_GeV,10000,152,0.0152,152,1.0,0.0152,5.486128395302764e-07,27706.241824406214,0.9826744374724365,28194.73140633452,0.09798564031813756,150000000.0,223407.25992535363,7.080224152315593,18.497997803333234,0.054059904787090295,31553.698741626435,10.708184647729448,7.923723645587226,0.7399689028772365,binned_delta_chi2_with_3_event_floor,/data/alice/ipardoza/Axions/results/alp_full_production/fccee_z_full_projection_fullbg_channelaware/cluster_4797476/job132_m0p0708588186875_g0p000643284518935_s91p2_IDEA/delphes.root
133,invisible_upper,invisible,0.0745073092782,0.000577452243722,91.2,recoil_energy_GeV,10000,160,0.016,160,1.0,0.016,6.808323937151541e-07,23500.644428346724,0.9826744374724365,23914.984996244908,0.07895657449688873,150000000.0,189495.77879253295,6.603429264248937,16.090508504774633,0.062148439852181436,28696.571313100285,10.708184647729448,7.923725598083681,0.7399690852140675,binned_delta_chi2_with_3_event_floor,/data/alice/ipardoza/Axions/results/alp_full_production/fccee_z_full_projection_fullbg_channelaware/cluster_4797476/job133_m0p0745073092782_g0p000577452243722_s91p2_IDEA/delphes.root
134,invisible_upper,invisible,0.0783436591055,0.000518292544954,91.2,recoil_energy_GeV,10000,146,0.0146,146,1.0,0.0146,8.451282973405217e-07,17275.483551957466,0.9826744374724365,17580.0681214342,0.06360715694224277,150000000.0,139299.67370351165,7.0720691378911615,18.45541029192348,0.05418465285692528,19697.159485780958,10.708195569172451,7.923727754710627,0.7399685319085918,binned_delta_chi2_with_3_event_floor,/data/alice/ipardoza/Axions/results/alp_full_production/fccee_z_full_projection_fullbg_channelaware/cluster_4797476/job134_m0p0783436591055_g0p000518292544954_s91p2_IDEA/delphes.root
135,invisible_upper,invisible,0.0823775409621,0.000465133783922,91.2,recoil_energy_GeV,10000,138,0.0138,138,1.0,0.0138,1.0493419376060583e-06,13151.099279881033,0.9826744374724365,13382.966706356308,0.05122851040729998,150000000.0,106043.01654311096,6.560759606866955,15.883234914795956,0.06295946671848658,16163.222385426048,10.708195569172451,7.923730131731202,0.7399687538900228,binned_delta_chi2_with_3_event_floor,/data/alice/ipardoza/Axions/results/alp_full_production/fccee_z_full_projection_fullbg_channelaware/cluster_4797476/job135_m0p0823775409621_g0p000465133783922_s91p2_IDEA/delphes.root
136,invisible_upper,invisible,0.0866191256886,0.000417371563853,91.2,recoil_energy_GeV,10000,137,0.0137,137,1.0,0.0137,1.3032488264964756e-06,10512.190551385123,0.9826744374724365,10697.531298792926,0.04124787309937352,150000000.0,84764.3792192126,6.331030417847774,14.790386033842719,0.06761148746975525,13388.717732306859,10.708207643609368,7.923732761480878,0.7399681650934125,binned_delta_chi2_with_3_event_floor,/data/alice/ipardoza/Axions/results/alp_full_production/fccee_z_full_projection_fullbg_channelaware/cluster_4797476/job136_m0p0866191256886_g0p000417371563853_s91p2_IDEA/delphes.root
137,invisible_upper,invisible,0.0910791078178,0.000374462026804,91.2,recoil_energy_GeV,10000,139,0.0139,139,1.0,0.0139,1.6190407305542933e-06,8585.330645289701,0.9826744374724365,8736.698867808409,0.0332025385367666,150000000.0,69227.29284915836,6.605547506647985,16.10083315962488,0.062108587182161584,10480.174849925204,10.708207643609368,7.9237357148975365,0.7399684409020965,binned_delta_chi2_with_3_event_floor,/data/alice/ipardoza/Axions/results/alp_full_production/fccee_z_full_projection_fullbg_channelaware/cluster_4797476/job137_m0p0910791078178_g0p000374462026804_s91p2_IDEA/delphes.root
138,invisible_upper,invisible,0.0957687325396,0.000335915816743,91.2,recoil_energy_GeV,10000,129,0.0129,129,1.0,0.0129,2.011929454909876e-06,6411.755625188087,0.9826744374724365,6524.801481231095,0.026718771844203022,150000000.0,51700.823518532845,6.959843933149698,17.87432751800762,0.05594616071527965,7428.445812165716,10.708220992688595,7.923738931713516,0.7399678188490619,binned_delta_chi2_with_3_event_floor,/data/alice/ipardoza/Axions/results/alp_full_production/fccee_z_full_projection_fullbg_channelaware/cluster_4797476/job138_m0p0957687325396_g0p000335915816743_s91p2_IDEA/delphes.root
139,invisible_upper,invisible,0.100699824054,0.000301292641646,91.2,recoil_energy_GeV,10000,143,0.0143,143,1.0,0.0143,2.5009036028393154e-06,5717.933303692707,0.9826744374724365,5818.746357542339,0.02149475421952748,150000000.0,46106.24780088645,6.5466845853214055,15.815158324606974,0.06323047670310636,7042.686599605423,10.708220992688595,7.923742498437468,0.7399681519318358,binned_delta_chi2_with_3_event_floor,/data/alice/ipardoza/Axions/results/alp_full_production/fccee_z_full_projection_fullbg_channelaware/cluster_4797476/job139_m0p100699824054_g0p000301292641646_s91p2_IDEA/delphes.root
140,invisible_upper,invisible,0.105884815384,0.000270196377036,91.2,recoil_energy_GeV,10000,128,0.0128,128,1.0,0.0128,3.1096774410066364e-06,4116.182543954302,0.9826744374724365,4188.75508204085,0.01728678809054216,150000000.0,33190.63313384095,7.422104886854823,20.327542786521864,0.04919433748101851,4471.862583432952,10.708235750876543,7.923746431522029,0.7399674993962863,binned_delta_chi2_with_3_event_floor,/data/alice/ipardoza/Axions/results/alp_full_production/fccee_z_full_projection_fullbg_channelaware/cluster_4797476/job140_m0p105884815384_g0p000270196377036_s91p2_IDEA/delphes.root
141,invisible_upper,invisible,0.111336779723,0.000242270655769,91.2,recoil_energy_GeV,10000,118,0.0118,118,1.0,0.0118,3.867881693281629e-06,3050.7654927750696,0.9826744374724365,3104.5536308261217,0.013898140877411137,150000000.0,24599.70935301771,6.825337478765911,17.190122398172175,0.05817294239314607,3604.174801546309,10.708235750876543,7.923750811955448,0.7399679084677262,binned_delta_chi2_with_3_event_floor,/data/alice/ipardoza/Axions/results/alp_full_production/fccee_z_full_projection_fullbg_channelaware/cluster_4797476/job141_m0p111336779723_g0p000242270655769_s91p2_IDEA/delphes.root
142,invisible_upper,invisible,0.1170694634,0.000217194896911,91.2,recoil_energy_GeV,10000,117,0.0117,117,1.0,0.0117,4.812558772259194e-06,2431.1391410826523,0.9826744374724365,2474.0026283128427,0.01117002406988455,150000000.0,19603.392242647384,6.459808182984374,15.398199911790364,0.06494265600710267,3034.6709511103145,10.708252066804544,7.923755625116699,0.7399672304764144,binned_delta_chi2_with_3_event_floor,/data/alice/ipardoza/Axions/results/alp_full_production/fccee_z_full_projection_fullbg_channelaware/cluster_4797476/job142_m0p1170694634_g0p000217194896911_s91p2_IDEA/delphes.root
143,invisible_upper,invisible,0.123097320533,0.00019468072931,91.2,recoil_energy_GeV,10000,115,0.0115,115,1.0,0.0115,5.990042034716729e-06,1919.85297153993,0.9826744374724365,1953.7019569553836,0.008974299868929374,150000000.0,15480.66727390317,6.4294367296444594,15.25374784520341,0.06555765901915399,2407.7797052618685,10.708252066804544,7.9237609497141435,0.7399677277188599,binned_delta_chi2_with_3_event_floor,/data/alice/ipardoza/Axions/results/alp_full_production/fccee_z_full_projection_fullbg_channelaware/cluster_4797476/job143_m0p123097320533_g0p00019468072931_s91p2_IDEA/delphes.root
144,invisible_upper,invisible,0.129435549479,0.000174468771492,91.2,recoil_energy_GeV,10000,105,0.0105,105,1.0,0.0105,7.458319218538128e-06,1407.8238933380032,0.9826744374724365,1432.6452786938319,0.007207585506854281,150000000.0,11351.947173295493,6.728247654127627,16.704544832204398,0.059863947808510024,1687.2070941579166,10.70827010475647,7.923766854308322,0.7399670326571881,binned_delta_chi2_with_3_event_floor,/data/alice/ipardoza/Axions/results/alp_full_production/fccee_z_full_projection_fullbg_channelaware/cluster_4797476/job144_m0p129435549479_g0p000174468771492_s91p2_IDEA/delphes.root
145,invisible_upper,invisible,0.136100131152,0.000156325732109,91.2,recoil_energy_GeV,10000,111,0.0111,111,1.0,0.0111,9.290007510089648e-06,1194.8321880197152,0.9826744374724365,1215.898310220601,0.005786488076553641,150000000.0,9634.502647461813,6.4848117098999545,15.517632071164417,0.06444282190826306,1485.702758763747,10.70827010475647,7.9237733669634105,0.7399676408464684,binned_delta_chi2_with_3_event_floor,/data/alice/ipardoza/Axions/results/alp_full_production/fccee_z_full_projection_fullbg_channelaware/cluster_4797476/job145_m0p136100131152_g0p000156325732109_s91p2_IDEA/delphes.root
146,invisible_upper,invisible,0.143107869314,0.000140041799075,91.2,recoil_energy_GeV,10000,100,0.01,100,1.0,0.01,1.1576102050469292e-05,863.8486388943506,0.9826744374724365,879.0791801975424,0.004643753691233777,150000000.0,6965.630536850666,7.157424935015469,18.903591033350995,0.0529000018163603,973.203435606218,10.708290046311562,7.923780580590458,0.7399669364876589,binned_delta_chi2_with_3_event_floor,/data/alice/ipardoza/Axions/results/alp_full_production/fccee_z_full_projection_fullbg_channelaware/cluster_4797476/job146_m0p143107869314_g0p000140041799075_s91p2_IDEA/delphes.root
147,invisible_upper,invisible,0.15047643295,0.000125428289052,91.2,recoil_energy_GeV,10000,73,0.0073,73,1.0,0.0073,1.4430702993082604e-05,505.8658613859127,0.9826744374724365,514.7847975847056,0.0037251560550162393,150000000.0,4079.0458802427815,6.360238433571349,14.927170823571265,0.0669919311448433,641.3353717546637,10.708290046311562,7.923788541116722,0.7399676798861128,binned_delta_chi2_with_3_event_floor,/data/alice/ipardoza/Axions/results/alp_full_production/fccee_z_full_projection_fullbg_channelaware/cluster_4797476/job147_m0p15047643295_g0p000125428289052_s91p2_IDEA/delphes.root
148,invisible_upper,invisible,0.158224400809,0.000112315531085,91.2,recoil_energy_GeV,10000,102,0.0102,102,1.0,0.0102,1.799698324077501e-05,566.7616546361107,0.9826744374724365,576.7542463950662,0.0029869828567440078,150000000.0,4570.083770818333,7.014674105192811,18.157067454635634,0.05507497300973526,651.5033631334632,10.708312092158442,7.923797352829384,0.7399669793553998,binned_delta_chi2_with_3_event_floor,/data/alice/ipardoza/Axions/results/alp_full_production/fccee_z_full_projection_fullbg_channelaware/cluster_4797476/job148_m0p158224400809_g0p000112315531085_s91p2_IDEA/delphes.root
149,invisible_upper,invisible,0.166371308255,0.000100550961414,91.2,recoil_energy_GeV,10000,106,0.0106,106,1.0,0.0106,2.2454729880803883e-05,472.0609001429911,0.9826744374724365,480.38382005457646,0.0023940054826072374,150000000.0,3806.4687173455077,6.086317436196311,13.669099606696397,0.07315770817194915,625.4140960029171,10.708312092158442,7.923807085994391,0.7399678882909,binned_delta_chi2_with_3_event_floor,/data/alice/ipardoza/Axions/results/alp_full_production/fccee_z_full_projection_fullbg_channelaware/cluster_4797476/job149_m0p166371308255_g0p000100550961414_s91p2_IDEA/delphes.root
150,invisible_upper,invisible,0.174937696518,8.99974082431e-05,91.2,recoil_energy_GeV,10000,90,0.009,90,1.0,0.009,2.8029886084704202e-05,321.0858571741133,0.9826744374724365,326.7469315676786,0.001917839385779046,150000000.0,2589.0831708017117,6.233083227103748,14.336282847233239,0.06975308806724542,415.377603100729,10.708336464097885,7.923817856160767,0.7399672099141781,binned_delta_chi2_with_3_event_floor,/data/alice/ipardoza/Axions/results/alp_full_production/fccee_z_full_projection_fullbg_channelaware/cluster_4797476/job150_m0p174937696518_g8p99974082431em05_s91p2_IDEA/delphes.root
151,invisible_upper,invisible,0.183945164487,8.05315477773e-05,91.2,recoil_energy_GeV,10000,99,0.0099,99,1.0,0.0099,3.5006638123498923e-05,282.803506154292,0.9826744374724365,287.78962326698814,0.0015356201904289464,150000000.0,2280.3959827869853,7.059212011394582,18.388366871519384,0.05438220843574959,323.03831916453265,10.708336464097885,7.923829764603489,0.7399683219863251,binned_delta_chi2_with_3_event_floor,/data/alice/ipardoza/Axions/results/alp_full_production/fccee_z_full_projection_fullbg_channelaware/cluster_4797476/job151_m0p183945164487_g8p05315477773em05_s91p2_IDEA/delphes.root
152,invisible_upper,invisible,0.193416423171,7.20425143535e-05,91.2,recoil_energy_GeV,10000,78,0.0078,78,1.0,0.0078,4.374274721409595e-05,178.31527502887326,0.9826744374724365,181.45915699967,0.0012289349204310674,150000000.0,1437.8538569043487,6.693531798329775,16.532608094188866,0.06048652422550894,214.81243388776218,10.70836340725362,7.923842922443223,0.7399676889071376,binned_delta_chi2_with_3_event_floor,/data/alice/ipardoza/Axions/results/alp_full_production/fccee_z_full_projection_fullbg_channelaware/cluster_4797476/job152_m0p193416423171_g7p20425143535em05_s91p2_IDEA/delphes.root
153,invisible_upper,invisible,0.203375352957,6.44306492101e-05,91.2,recoil_energy_GeV,10000,88,0.0088,88,1.0,0.0088,5.468902785477501e-05,160.90979023010107,0.9826744374724365,163.74679557553313,0.000982959348171878,150000000.0,1297.5063395868792,6.383571127854043,15.03689311600433,0.06650309956221358,203.25712890161847,10.70836340725362,7.9238578991817015,0.7399690875091377,binned_delta_chi2_with_3_event_floor,/data/alice/ipardoza/Axions/results/alp_full_production/fccee_z_full_projection_fullbg_channelaware/cluster_4797476/job153_m0p203375352957_g6p44306492101em05_s91p2_IDEA/delphes.root
154,invisible_upper,invisible,0.213847063824,5.76063754591e-05,91.2,recoil_energy_GeV,10000,83,0.0083,83,1.0,0.0083,6.841410658726901e-05,121.32000860688757,0.9826744374724365,123.45900532320556,0.000785761886549018,150000000.0,978.2735487535274,7.7603597727408395,22.22257704884659,0.04499928148755829,126.06033449503543,10.708393192512382,7.92387356590544,0.7399684923267519,binned_delta_chi2_with_3_event_floor,/data/alice/ipardoza/Axions/results/alp_full_production/fccee_z_full_projection_fullbg_channelaware/cluster_4797476/job154_m0p213847063824_g5p76063754591em05_s91p2_IDEA/delphes.root
155,invisible_upper,invisible,0.224857958652,5.14891826593e-05,91.2,recoil_energy_GeV,10000,83,0.0083,83,1.0,0.0083,8.563602439555656e-05,96.92182768389546,0.9826744374724365,98.6306593394153,0.0006277418706270878,150000000.0,781.5386289307243,6.927681874824173,17.709511497700138,0.05646683140468702,112.81387382565975,10.708393192512382,7.923891355539197,0.7399701536062209,binned_delta_chi2_with_3_event_floor,/data/alice/ipardoza/Axions/results/alp_full_production/fccee_z_full_projection_fullbg_channelaware/cluster_4797476/job155_m0p224857958652_g5p14891826593em05_s91p2_IDEA/delphes.root
156,invisible_upper,invisible,0.236435799795,4.60067166599e-05,91.2,recoil_energy_GeV,10000,75,0.0075,75,1.0,0.0075,0.00010726250298437681,69.92191857663813,0.9826744374724365,71.15471402358465,0.0005011765537029302,150000000.0,563.8236229157965,7.458828048565791,20.529194043568918,0.04871111831656467,75.59144938650388,10.70842611921646,7.923911024769405,0.7399697151152592,binned_delta_chi2_with_3_event_floor,/data/alice/ipardoza/Axions/results/alp_full_production/fccee_z_full_projection_fullbg_channelaware/cluster_4797476/job156_m0p236435799795_g4p60067166599em05_s91p2_IDEA/delphes.root
157,invisible_upper,invisible,0.24860977908,4.10939577662e-05,91.2,recoil_energy_GeV,10000,59,0.0059,59,1.0,0.0059,0.000134442501312197,43.88493179176469,0.9826744374724365,44.65866834253093,0.0003998556899208448,150000000.0,353.87228557994763,7.877979457796255,22.901313777660434,0.04366561716539909,44.91916835728054,10.70842611921646,7.923932770806231,0.739971745855966,binned_delta_chi2_with_3_event_floor,/data/alice/ipardoza/Axions/results/alp_full_production/fccee_z_full_projection_fullbg_channelaware/cluster_4797476/job157_m0p24860977908_g4p10939577662em05_s91p2_IDEA/delphes.root
158,invisible_upper,invisible,0.261410591406,3.6692482232e-05,91.2,recoil_energy_GeV,10000,63,0.0063,63,1.0,0.0063,0.0001686322675027696,37.359398016139046,0.9826744374724365,38.0180826848739,0.0003187869263366933,150000000.0,301.2536453881752,7.208418849460751,19.17391229124024,0.05215419705747054,41.79191743425279,10.708462518134263,7.923956815108767,0.7399714759882596,binned_delta_chi2_with_3_event_floor,/data/alice/ipardoza/Axions/results/alp_full_production/fccee_z_full_projection_fullbg_channelaware/cluster_4797476/job158_m0p261410591406_g3p6692482232em05_s91p2_IDEA/delphes.root
159,invisible_upper,invisible,0.274870512143,3.27497975784e-05,91.2,recoil_energy_GeV,10000,64,0.0064,64,1.0,0.0064,0.0002116801823011922,30.234289910491803,0.9826744374724365,30.767351584170886,0.0002539583089342336,150000000.0,243.79997657686425,8.17731167840957,24.674696046440417,0.040527348264711875,29.814196421125242,10.708462518134263,7.923983184249565,0.7399739384464094,binned_delta_chi2_with_3_event_floor,/data/alice/ipardoza/Axions/results/alp_full_production/fccee_z_full_projection_fullbg_channelaware/cluster_4797476/job159_m0p274870512143_g3p27497975784em05_s91p2_IDEA/delphes.root
160,invisible_upper,invisible,0.289023478503,2.921874387e-05,91.2,recoil_energy_GeV,10000,70,0.007,70,1.0,0.007,0.00026593609569437786,26.322113144221763,0.9826744374724365,26.78619911180918,0.00020214686906321617,150000000.0,212.25421251637698,6.923772646569853,17.68953050235753,0.05653061283151224,30.65586109641123,10.70850275473682,7.924013841247111,0.7399740209005398,binned_delta_chi2_with_3_event_floor,/data/alice/ipardoza/Axions/results/alp_full_production/fccee_z_full_projection_fullbg_channelaware/cluster_4797476/job160_m0p289023478503_g2p921874387em05_s91p2_IDEA/delphes.root
161,invisible_upper,invisible,0.303905175113,2.60569574206e-05,91.2,recoil_energy_GeV,10000,68,0.0068,68,1.0,0.0068,0.00033439214745799854,20.335405755465942,0.9826744374724365,20.693939905235744,0.000160764428388249,150000000.0,163.97971695601396,7.634389529649602,21.506975457720838,0.046496542573633136,21.47908700743754,10.70850275473682,7.924045286056218,0.739976957334309,binned_delta_chi2_with_3_event_floor,/data/alice/ipardoza/Axions/results/alp_full_production/fccee_z_full_projection_fullbg_channelaware/cluster_4797476/job161_m0p303905175113_g2p60569574206em05_s91p2_IDEA/delphes.root
162,invisible_upper,invisible,0.319553123983,2.32263830951e-05,91.2,recoil_energy_GeV,10000,67,0.0067,67,1.0,0.0067,0.0004208659977326239,15.919556429114307,0.9826744374724365,16.200234606754837,0.00012773331868118115,150000000.0,128.37198527458705,6.788244517193338,17.003787315573952,0.05881042743248671,18.910925342987444,10.70854723281082,7.924081866139222,0.739977299802158,binned_delta_chi2_with_3_event_floor,/data/alice/ipardoza/Axions/results/alp_full_production/fccee_z_full_projection_fullbg_channelaware/cluster_4797476/job162_m0p319553123983_g2p32263830951em05_s91p2_IDEA/delphes.root
163,invisible_upper,invisible,0.33600677912,2.06928419593e-05,91.2,recoil_energy_GeV,10000,64,0.0064,64,1.0,0.0064,0.0005302377444298977,12.070057379414148,0.9826744374724365,12.282864923666752,0.00010138638025449835,150000000.0,97.33092504431842,7.725171538330716,22.021503799496294,0.045410159501590136,12.59919272489709,10.70854723281082,7.924122397273959,0.7399810847352452,binned_delta_chi2_with_3_event_floor,/data/alice/ipardoza/Axions/results/alp_full_production/fccee_z_full_projection_fullbg_channelaware/cluster_4797476/job163_m0p33600677912_g2p06928419593em05_s91p2_IDEA/delphes.root
164,invisible_upper,invisible,0.353307625997,1.84256378197e-05,91.2,recoil_energy_GeV,10000,68,0.0068,68,1.0,0.0068,0.0006687596646197344,10.168077352372276,0.9826744374724365,10.347351029630792,8.038639053493406e-05,150000000.0,81.99411834563274,7.271422555817957,19.510548334043598,0.051254325756448275,11.27621420928539,10.708596398441593,7.9241651424440365,0.7399816789805646,binned_delta_chi2_with_3_event_floor,/data/alice/ipardoza/Axions/results/alp_full_production/fccee_z_full_projection_fullbg_channelaware/cluster_4797476/job164_m0p353307625997_g1p84256378197em05_s91p2_IDEA/delphes.root
165,invisible_upper,invisible,0.371499286159,1.63972034928e-05,91.2,recoil_energy_GeV,10000,66,0.0066,66,1.0,0.0066,0.0008444623090726227,7.8156241303984695,0.9826744374724365,7.953421634230404,6.366122267521369e-05,150000000.0,63.024610448461544,7.924094584839435,23.170212173240465,0.04315886244472596,7.9535409091458495,10.708596398441593,7.92421341994652,0.7399861872747132,binned_delta_chi2_with_3_event_floor,/data/alice/ipardoza/Axions/results/alp_full_production/fccee_z_full_projection_fullbg_channelaware/cluster_4797476/job165_m0p371499286159_g1p63972034928em05_s91p2_IDEA/delphes.root
166,invisible_upper,invisible,0.390627627205,1.45827850793e-05,91.2,recoil_energy_GeV,10000,64,0.0064,64,1.0,0.0064,0.0010676874034480277,5.994263844765436,0.9826744374724365,6.099948890685957,5.035169204895046e-05,150000000.0,48.33762436699244,8.68972310835311,27.863943800681195,0.035888674164478926,5.562619632900302,3183.231451800625,7.924267109975202,0.002489378240307586,binned_delta_chi2_with_3_event_floor,/data/alice/ipardoza/Axions/results/alp_full_production/fccee_z_full_projection_fullbg_channelaware/cluster_4797476/job166_m0p390627627205_g1p45827850793em05_s91p2_IDEA/delphes.root
167,invisible_upper,invisible,0.410740878438,1.29601554215e-05,91.2,recoil_energy_GeV,10000,64,0.0064,64,1.0,0.0064,0.0013517938672657635,4.734449648706503,0.9826744374724365,4.817922872690277,3.9769580832951124e-05,150000000.0,38.17879759963308,7.603507927204293,21.33333313618396,0.04687500043318955,5.021208363975614,10.70865074440247,7.924327268924179,0.7399930633713413,binned_delta_chi2_with_3_event_floor,/data/alice/ipardoza/Axions/results/alp_full_production/fccee_z_full_projection_fullbg_channelaware/cluster_4797476/job167_m0p410740878438_g1p29601554215em05_s91p2_IDEA/delphes.root
168,invisible_upper,invisible,0.431889752465,1.15093576363e-05,91.2,recoil_energy_GeV,10000,61,0.0061,61,1.0,0.0061,0.0017140957002463582,3.558727788141163,0.9826744374724365,3.6214718246814916,3.136389369671689e-05,150000000.0,28.697962732495956,9.01786259369273,30.00806116558028,0.03332437888879724,3.1823464190470006,10.70865074440247,7.924392104036303,0.7399991178326989,binned_delta_chi2_with_3_event_floor,/data/alice/ipardoza/Axions/results/alp_full_production/fccee_z_full_projection_fullbg_channelaware/cluster_4797476/job168_m0p431889752465_g1p15093576363em05_s91p2_IDEA/delphes.root
169,invisible_upper,invisible,0.454127573068,1.02124725409e-05,91.2,recoil_energy_GeV,10000,68,0.0068,68,1.0,0.0068,0.0021771206813466807,3.1233913940837623,0.9826744374724365,3.17846000158254,2.4693720017873312e-05,150000000.0,25.187594418230777,7.915503739304033,23.11999979591739,0.043252595537504435,3.1820583057984106,3212.695537658011,7.924464805500145,0.0024666093355602933,binned_delta_chi2_with_3_event_floor,/data/alice/ipardoza/Axions/results/alp_full_production/fccee_z_full_projection_fullbg_channelaware/cluster_4797476/job169_m0p454127573068_g1p02124725409em05_s91p2_IDEA/delphes.root
170,invisible_upper,invisible,0.477510409643,9.05341141115e-06,91.2,recoil_energy_GeV,10000,69,0.0069,69,1.0,0.0069,0.002770305137479215,2.4907003588343053,0.9826744374724365,2.5346139716839517,1.9406437424480274e-05,150000000.0,20.08566273433708,8.031908053002187,23.80499888261306,0.04200798348830802,2.500733649064796,10.708710814990384,7.924545101829661,0.7400092540305261,binned_delta_chi2_with_3_event_floor,/data/alice/ipardoza/Axions/results/alp_full_production/fccee_z_full_projection_fullbg_channelaware/cluster_4797476/job170_m0p477510409643_g9p05341141115em06_s91p2_IDEA/delphes.root
171,invisible_upper,invisible,0.502097218579,8.0177269369e-06,91.2,recoil_energy_GeV,10000,80,0.008,80,1.0,0.008,0.003532307223059162,2.2648086632372775,0.9826744374724365,2.304739572815848,1.522018926797762e-05,150000000.0,18.264227121573146,8.014800979042018,23.703702853746453,0.04218750151274134,2.2788123085442114,10.708710814990384,7.924638140030098,0.7400179421165192,binned_delta_chi2_with_3_event_floor,/data/alice/ipardoza/Axions/results/alp_full_production/fccee_z_full_projection_fullbg_channelaware/cluster_4797476/job171_m0p502097218579_g8p0177269369em06_s91p2_IDEA/delphes.root
172,invisible_upper,invisible,0.527949991904,7.09244613333e-06,91.2,recoil_energy_GeV,10000,83,0.0083,83,1.0,0.0083,0.004514172990807323,1.838653506833289,0.9826744374724365,1.8710708620471896,1.1909826949243813e-05,150000000.0,14.827734551808547,7.181388944630708,19.030386411093783,0.05254754046491925,2.0647446707220563,3346.409574491876,7.92473168845413,0.0023681296362706686,binned_delta_chi2_with_3_event_floor,/data/alice/ipardoza/Axions/results/alp_full_production/fccee_z_full_projection_fullbg_channelaware/cluster_4797476/job172_m0p527949991904_g7p09244613333em06_s91p2_IDEA/delphes.root
173,invisible_upper,invisible,0.555133913587,6.26591188787e-06,91.2,recoil_energy_GeV,10000,100,0.01,100,1.0,0.01,0.005783788792309021,1.7289704653976086,0.9826744374724365,1.7594539956129724,9.295597573288576e-06,150000000.0,13.943396359932866,7.37683319505393,20.0803202906456,0.04980000246638742,1.8901601800189451,10.708777211350776,7.9248428175441745,0.7400324669322872,binned_delta_chi2_with_3_event_floor,/data/alice/ipardoza/Axions/results/alp_full_production/fccee_z_full_projection_fullbg_channelaware/cluster_4797476/job173_m0p555133913587_g6p26591188787em06_s91p2_IDEA/delphes.root
174,invisible_upper,invisible,0.583717523896,5.52764980678e-06,91.2,recoil_energy_GeV,10000,104,0.0104,104,1.0,0.0104,0.00743209876088097,1.3993355490296562,0.9826744374724365,1.4240072761319862,7.2341030385479856e-06,150000000.0,11.285200740134856,7.320223165289714,19.773308926067955,0.050573224933620466,1.5416470898928147,10.708777211350776,7.92496002603913,0.7400434120189804,binned_delta_chi2_with_3_event_floor,/data/alice/ipardoza/Axions/results/alp_full_production/fccee_z_full_projection_fullbg_channelaware/cluster_4797476/job174_m0p583717523896_g5p52764980678em06_s91p2_IDEA/delphes.root
175,invisible_upper,invisible,0.613772892204,4.86823648727e-06,91.2,recoil_energy_GeV,10000,137,0.0137,137,1.0,0.0137,0.009582123507263715,1.4297457123793837,0.9826744374724365,1.4549536019852833,5.611013887848471e-06,150000000.0,11.530633539528607,7.439563286605756,20.423284832255437,0.04896371999966694,1.5499073124747045,3775.256966743683,7.925086768261932,0.002099217838169477,binned_delta_chi2_with_3_event_floor,/data/alice/ipardoza/Axions/results/alp_full_production/fccee_z_full_projection_fullbg_channelaware/cluster_4797476/job175_m0p613772892204_g4p86823648727em06_s91p2_IDEA/delphes.root
176,invisible_upper,invisible,0.645375798708,4.2791829878e-06,91.2,recoil_energy_GeV,10000,148,0.0148,148,1.0,0.0148,0.01240217117383254,1.193339439728639,0.9826744374724365,1.2143792432395613,4.335243467867794e-06,150000000.0,9.624240498666504,7.135051046966736,18.785591676317754,0.053232286596576035,1.3488677845911103,10.708850597338913,7.925234684506153,0.7400639884242598,binned_delta_chi2_with_3_event_floor,/data/alice/ipardoza/Axions/results/alp_full_production/fccee_z_full_projection_fullbg_channelaware/cluster_4797476/job176_m0p645375798708_g4p2791829878em06_s91p2_IDEA/delphes.root
177,invisible_upper,invisible,0.678605925496,3.75282601898e-06,91.2,recoil_energy_GeV,10000,188,0.0188,188,1.0,0.0188,0.01612570064993392,1.1658408157339222,0.9826744374724365,1.1863957901791085,3.3342775305018484e-06,150000000.0,9.402662636015213,7.35831833012725,19.97964894741206,0.050050929454870566,1.277827652212025,10.708850597338913,7.92540121420669,0.7400795390848114,binned_delta_chi2_with_3_event_floor,/data/alice/ipardoza/Axions/results/alp_full_production/fccee_z_full_projection_fullbg_channelaware/cluster_4797476/job177_m0p678605925496_g3p75282601898em06_s91p2_IDEA/delphes.root
178,invisible_upper,invisible,0.713547057451,3.28221927344e-06,91.2,recoil_energy_GeV,10000,243,0.0243,243,1.0,0.0243,0.021082273157649198,1.1526271298303203,0.9826744374724365,1.1729491333823883,2.5504243510907207e-06,150000000.0,9.296296759725676,7.400325331188784,20.20841882193151,0.04948432674577855,1.2562010916663746,4463.975323851239,7.9255753682329795,0.0017754523251699535,binned_delta_chi2_with_3_event_floor,/data/alice/ipardoza/Axions/results/alp_full_production/fccee_z_full_projection_fullbg_channelaware/cluster_4797476/job178_m0p713547057451_g3p28221927344em06_s91p2_IDEA/delphes.root
179,invisible_upper,invisible,0.750287293505,2.86101847964e-06,91.2,recoil_energy_GeV,10000,268,0.0268,268,1.0,0.0268,0.027747939488471658,0.9658374817753407,0.9826744374724365,0.9828661914312102,1.9378054115252715e-06,150000000.0,7.789977754331592,7.021515537791888,18.192502010130227,0.054967700398942644,1.1094439245207977,10.708931705968334,7.925776491495896,0.7401089771707741,binned_delta_chi2_with_3_event_floor,/data/alice/ipardoza/Axions/results/alp_full_production/fccee_z_full_projection_fullbg_channelaware/cluster_4797476/job179_m0p750287293505_g2p86101847964em06_s91p2_IDEA/delphes.root
180,invisible_upper,invisible,0.788919268767,2.48335598193e-06,91.2,recoil_energy_GeV,10000,360,0.036,360,1.0,0.036,0.03683117109421343,0.9774329441741803,0.9826744374724365,0.9946660937759426,1.4599483144822856e-06,150000000.0,7.883720898204341,6.87902151001429,17.46160034510675,0.05726851950773396,1.1460526597754401,10.708931705968334,7.925997425202492,0.740129607959415,binned_delta_chi2_with_3_event_floor,/data/alice/ipardoza/Axions/results/alp_full_production/fccee_z_full_projection_fullbg_channelaware/cluster_4797476/job180_m0p788919268767_g2p48335598193em06_s91p2_IDEA/delphes.root
181,invisible_upper,invisible,0.829540388089,2.14366142747e-06,91.2,recoil_energy_GeV,10000,484,0.0484,484,1.0,0.0484,0.049431600651810494,0.979130745551273,0.9826744374724365,0.9963938291401185,1.0878314512450524e-06,150000000.0,7.897656336039081,6.8788918110445625,17.460941899651637,0.05727067908174822,1.1481000941690662,4169.943829394226,7.926239710712287,0.001900802513175278,binned_delta_chi2_with_3_event_floor,/data/alice/ipardoza/Axions/results/alp_full_production/fccee_z_full_projection_fullbg_channelaware/cluster_4797476/job181_m0p829540388089_g2p14366142747em06_s91p2_IDEA/delphes.root
182,invisible_upper,invisible,0.872253071655,1.83636205548e-06,91.2,recoil_energy_GeV,10000,643,0.0643,643,1.0,0.0643,0.06736378763896965,0.9545187741611301,0.9826744374724365,0.9713479233430287,7.982785461129308e-07,150000000.0,7.6993965772592174,7.005556791354535,18.10989887708253,0.05521841987011129,1.0990413476857315,10.709021346501444,7.92650747711559,0.7401710409051635,binned_delta_chi2_with_3_event_floor,/data/alice/ipardoza/Axions/results/alp_full_production/fccee_z_full_projection_fullbg_channelaware/cluster_4797476/job182_m0p872253071655_g1p83636205548em06_s91p2_IDEA/delphes.root
183,invisible_upper,invisible,0.917165013225,1.55521800203e-06,91.2,recoil_energy_GeV,10000,898,0.0898,898,1.0,0.0898,0.09392674123991725,0.956064256191149,0.9826744374724365,0.9729206538131466,5.725425870438688e-07,150000000.0,7.712148647480913,7.164294715750971,18.939896226618927,0.052798599740718634,1.0764700439424224,10.709021346501444,7.926801242480421,0.7401984724841404,binned_delta_chi2_with_3_event_floor,/data/alice/ipardoza/Axions/results/alp_full_production/fccee_z_full_projection_fullbg_channelaware/cluster_4797476/job183_m0p917165013225_g1p55521800203em06_s91p2_IDEA/delphes.root
184,invisible_upper,invisible,0.964389451662,1.29126049441e-06,91.2,recoil_energy_GeV,10000,1258,0.1258,1258,1.0,0.1258,0.13626240706886547,0.9232186830254812,0.9826744374724365,0.9394959793602822,3.946744885199364e-07,150000000.0,7.4475075983712,7.160146744858601,18.917970999228494,0.052859791361387624,1.0401333748807509,3498.2798102164315,7.9271308893118695,0.0022660082438692728,binned_delta_chi2_with_3_event_floor,/data/alice/ipardoza/Axions/results/alp_full_production/fccee_z_full_projection_fullbg_channelaware/cluster_4797476/job184_m0p964389451662_g1p29126049441em06_s91p2_IDEA/delphes.root
185,invisible_upper,invisible,1.01404545645,1.02108773312e-06,91.2,recoil_energy_GeV,10000,1967,0.1967,1967,1.0,0.1967,0.21792793290088586,0.9025919595605931,0.9826744374724365,0.918505585514338,2.4678687196835044e-07,150000000.0,7.28144665742618,6.797628061673678,17.050829249023412,0.058648173962405674,1.0711746202297185,10.709120412241258,7.927493062928701,0.7402562262599114,binned_delta_chi2_with_3_event_floor,/data/alice/ipardoza/Axions/results/alp_full_production/fccee_z_full_projection_fullbg_channelaware/cluster_4797476/job185_m1p01404545645_g1p02108773312em06_s91p2_IDEA/delphes.root
186,resolved_prompt,resolved_prompt,0.613772892204,1.64234412574e-05,91.2,best_mgg_GeV,10000,8722,0.8722,8722,1.0,0.8722,0.34504087270702977,2.5278164675307178,0.9631192161667351,2.624614300181404,6.385962037094453e-05,150000000.0,8354.754133130673,4254.673134566956,6679794.64280657,1.4970520105388177e-07,1.9636653319505886,10.709120412241258,3183.2312018391513,297.2448790659315,binned_delta_chi2_with_3_event_floor,/data/alice/ipardoza/Axions/results/alp_full_production/fccee_z_full_projection_fullbg_channelaware/cluster_4797476/job186_m0p613772892204_g1p64234412574em05_s91p2_IDEA/delphes.root
187,resolved_prompt,resolved_prompt,0.645375798708,1.57508504264e-05,91.2,best_mgg_GeV,10000,8751,0.8751,8751,1.0,0.8751,0.3786155644686511,2.3113154400509526,0.9631192161667351,2.399822785438867,5.873538105107268e-05,150000000.0,7709.899793669055,4377.922905648089,7072401.833135869,1.4139468084445715e-07,1.7610862410853063,3264.2918287768557,3212.6954708695753,0.9841937055221519,binned_delta_chi2_with_3_event_floor,/data/alice/ipardoza/Axions/results/alp_full_production/fccee_z_full_projection_fullbg_channelaware/cluster_4797476/job187_m0p645375798708_g1p57508504264em05_s91p2_IDEA/delphes.root
188,resolved_prompt,resolved_prompt,0.678605925496,1.52543094844e-05,91.2,best_mgg_GeV,10000,8733,0.8733,8733,1.0,0.8733,0.4204726882800731,2.076948216475603,0.9631192161667351,2.1564809232464133,5.5089647093318464e-05,150000000.0,7216.468320989252,4537.798107658853,7598380.688513752,1.316069885142331e-07,1.5903017608494667,10.709229889087892,3346.4095337905533,312.4790081498164,binned_delta_chi2_with_3_event_floor,/data/alice/ipardoza/Axions/results/alp_full_production/fccee_z_full_projection_fullbg_channelaware/cluster_4797476/job188_m0p678605925496_g1p52543094844em05_s91p2_IDEA/delphes.root
189,resolved_prompt,resolved_prompt,0.713547057451,1.5139972114e-05,91.2,best_mgg_GeV,10000,8762,0.8762,8762,1.0,0.8762,0.4815571069722243,1.8195142119469088,0.9631192161667351,1.8891889824280224,5.4265950469064276e-05,150000000.0,7132.173870149118,4724.268533101468,8235687.517657823,1.2142277106263907e-07,1.5096884989022559,10.709229889087892,3775.2569681952673,352.5236648474643,binned_delta_chi2_with_3_event_floor,/data/alice/ipardoza/Axions/results/alp_full_production/fccee_z_full_projection_fullbg_channelaware/cluster_4797476/job189_m0p713547057451_g1p5139972114em05_s91p2_IDEA/delphes.root
190,resolved_prompt,resolved_prompt,0.750287293505,1.52829745106e-05,91.2,best_mgg_GeV,10000,8744,0.8744,8744,1.0,0.8744,0.558812178324906,1.564747573363736,0.9631192161667351,1.6246665491646124,5.529484130814251e-05,150000000.0,7252.471385975971,4823.575162930232,8585563.598685393,1.1647458999117054e-07,1.5035468798562746,3226.841291282597,4463.975324478196,1.3833885591267694,binned_delta_chi2_with_3_event_floor,/data/alice/ipardoza/Axions/results/alp_full_production/fccee_z_full_projection_fullbg_channelaware/cluster_4797476/job190_m0p750287293505_g1p52829745106em05_s91p2_IDEA/delphes.root
191,resolved_prompt,resolved_prompt,0.788919268767,1.43958782417e-05,91.2,best_mgg_GeV,10000,8739,0.8739,8739,1.0,0.8739,0.5883327779143459,1.4853838385445681,0.9631192161667351,1.5422637339295062,4.906093863313755e-05,150000000.0,6431.153140724836,4791.043917786153,8470148.273858188,1.1806168766683184e-07,1.34232815459069,10.709350864927462,4169.943829476569,389.3740976526324,binned_delta_chi2_with_3_event_floor,/data/alice/ipardoza/Axions/results/alp_full_production/fccee_z_full_projection_fullbg_channelaware/cluster_4797476/job191_m0p788919268767_g1p43958782417em05_s91p2_IDEA/delphes.root
192,resolved_prompt,resolved_prompt,0.829540388089,1.31223495336e-05,91.2,best_mgg_GeV,10000,8744,0.8744,8744,1.0,0.8744,0.5940333196023803,1.4719713038744777,0.9631192161667351,1.5283375922380622,4.076359024291182e-05,150000000.0,5346.552496260314,4686.21867747439,8103559.222549748,1.2340256577841785e-07,1.1409097321813004,10.709350864927462,3498.2797802093887,326.6565662411962,binned_delta_chi2_with_3_event_floor,/data/alice/ipardoza/Axions/results/alp_full_production/fccee_z_full_projection_fullbg_channelaware/cluster_4797476/job192_m0p829540388089_g1p31223495336em05_s91p2_IDEA/delphes.root
193,resolved_prompt,resolved_prompt,0.872253071655,1.23661456864e-05,91.2,best_mgg_GeV,10000,8754,0.8754,8754,1.0,0.8754,0.6241818146279615,1.402475976525806,0.9631192161667351,1.4561810760123068,3.6199831927205005e-05,150000000.0,4753.399930361289,4485.024207581417,7422672.377339969,1.347223680588157e-07,1.0598381882368024,3224.920477148698,3264.2917894375355,1.0122084598884893,binned_delta_chi2_with_3_event_floor,/data/alice/ipardoza/Axions/results/alp_full_production/fccee_z_full_projection_fullbg_channelaware/cluster_4797476/job193_m0p872253071655_g1p23661456864em05_s91p2_IDEA/delphes.root
194,resolved_prompt,resolved_prompt,0.917165013225,1.18804309575e-05,91.2,best_mgg_GeV,10000,8722,0.8722,8722,1.0,0.8722,0.668523475644391,1.3046662260577833,0.9631192161667351,1.3546258907079263,3.3411012452216324e-05,150000000.0,4371.162759123461,4459.799235665548,7339412.9972114405,1.3625067840983238e-07,0.9801254559099319,3245.1618836314246,3226.8412918337885,0.9943544906372638,binned_delta_chi2_with_3_event_floor,/data/alice/ipardoza/Axions/results/alp_full_production/fccee_z_full_projection_fullbg_channelaware/cluster_4797476/job194_m0p917165013225_g1p18804309575em05_s91p2_IDEA/delphes.root
195,resolved_prompt,resolved_prompt,0.964389451662,1.14753250872e-05,91.2,best_mgg_GeV,10000,8718,0.8718,8718,1.0,0.8718,0.7161539306756164,1.21733605396475,0.9631192161667351,1.2639515789227123,3.11703243686233e-05,150000000.0,4076.1433176848686,4565.388109189691,7691058.519383993,1.3002111445123863e-07,0.8928361007205456,3508.5394868257176,3224.920468202615,0.9191632245588032,binned_delta_chi2_with_3_event_floor,/data/alice/ipardoza/Axions/results/alp_full_production/fccee_z_full_projection_fullbg_channelaware/cluster_4797476/job195_m0p964389451662_g1p14753250872em05_s91p2_IDEA/delphes.root
196,resolved_prompt,resolved_prompt,1.01404545645,1.11354650489e-05,91.2,best_mgg_GeV,10000,8718,0.8718,8718,1.0,0.8718,0.765336463615429,1.139106839208523,0.9631192161667351,1.1827267279976283,2.9350307385101664e-05,150000000.0,3838.139696749745,4614.381511790698,7857017.245887752,1.2727476199996704e-07,0.8317777121251255,4656.408138948644,3245.1618838848476,0.6969238492520896,binned_delta_chi2_with_3_event_floor,/data/alice/ipardoza/Axions/results/alp_full_production/fccee_z_full_projection_fullbg_channelaware/cluster_4797476/job196_m1p01404545645_g1p11354650489em05_s91p2_IDEA/delphes.root
197,resolved_prompt,resolved_prompt,1.06625822792,1.11229993073e-05,91.2,best_mgg_GeV,10000,8712,0.8712,8712,1.0,0.8712,0.829339445983128,1.0504745725283198,0.9631192161667351,1.0907004604365216,2.928348357681229e-05,150000000.0,3826.7656338178303,4981.714182481808,9157740.293704942,1.0919724385363966e-07,0.7681624223394122,5133.967771791742,3508.5394868965923,0.6833972558561895,binned_delta_chi2_with_3_event_floor,/data/alice/ipardoza/Axions/results/alp_full_production/fccee_z_full_projection_fullbg_channelaware/cluster_4797476/job197_m1p06625822792_g1p11229993073em05_s91p2_IDEA/delphes.root
198,resolved_prompt,resolved_prompt,1.12115941289,1.21410890866e-05,91.2,best_mgg_GeV,10000,8737,0.8737,8737,1.0,0.8737,0.9238561123263249,0.9457100389799568,0.9631192161667351,0.9819241721122877,3.4887945572198666e-05,150000000.0,4572.239706964497,5356.69155798989,10588245.183557251,9.444435623316738e-08,0.8535566510535171,4413.128191160501,4656.408139061108,1.05512641767078,binned_delta_chi2_with_3_event_floor,/data/alice/ipardoza/Axions/results/alp_full_production/fccee_z_full_projection_fullbg_channelaware/cluster_4797476/job198_m1p12115941289_g1p21410890866em05_s91p2_IDEA/delphes.root
199,resolved_prompt,resolved_prompt,1.17888743664,1.24800709541e-05,91.2,best_mgg_GeV,10000,8734,0.8734,8734,1.0,0.8734,0.9640696641346402,0.9059511283180699,0.9631192161667351,0.9406427710203964,3.686153457961773e-05,150000000.0,4829.229645275719,5680.115070579538,11905427.016614314,8.399530723295145e-08,0.8501992627383509,4213.414280101059,5133.967744244754,1.2184815930612962,binned_delta_chi2_with_3_event_floor,/data/alice/ipardoza/Axions/results/alp_full_production/fccee_z_full_projection_fullbg_channelaware/cluster_4797476/job199_m1p17888743664_g1p24800709541em05_s91p2_IDEA/delphes.root
200,resolved_prompt,resolved_prompt,1.23958785192,1.15410140067e-05,91.2,best_mgg_GeV,10000,8745,0.8745,8745,1.0,0.8745,0.9691053633336691,0.9023786608628066,0.9631192161667351,0.9369335028474677,3.1521308590132646e-05,150000000.0,4134.807654310651,5711.574047014327,12037667.193552628,8.307257410601946e-08,0.7239348768439907,4249.279128957976,4413.1281907887915,1.0385592607259468,binned_delta_chi2_with_3_event_floor,/data/alice/ipardoza/Axions/results/alp_full_production/fccee_z_full_projection_fullbg_channelaware/cluster_4797476/job200_m1p23958785192_g1p15410140067em05_s91p2_IDEA/delphes.root
201,resolved_prompt,resolved_prompt,1.30341370589,1.12040636095e-05,91.2,best_mgg_GeV,10000,8725,0.8725,8725,1.0,0.8725,0.9817950802610429,0.8886783174427976,0.9631192161667351,0.9227085313278077,2.9705851402430854e-05,150000000.0,3887.753302293138,5686.212193526531,11930999.671516534,8.381527344999845e-08,0.6837158322580981,4800.768707309241,4213.414280128671,0.8776540877117628,binned_delta_chi2_with_3_event_floor,/data/alice/ipardoza/Axions/results/alp_full_production/fccee_z_full_projection_fullbg_channelaware/cluster_4797476/job201_m1p30341370589_g1p12040636095em05_s91p2_IDEA/delphes.root
202,resolved_prompt,resolved_prompt,1.37052592607,1.11914495615e-05,91.2,best_mgg_GeV,10000,8751,0.8751,8751,1.0,0.8751,0.9924497201634277,0.8817575159937537,0.9631192161667351,0.9155227111999642,2.9637081848109827e-05,150000000.0,3890.311548792137,5843.92492997691,12602014.238821266,7.935239407359496e-08,0.6657018348809467,6186.066436452555,4249.279128961371,0.6869113309100106,binned_delta_chi2_with_3_event_floor,/data/alice/ipardoza/Axions/results/alp_full_production/fccee_z_full_projection_fullbg_channelaware/cluster_4797476/job202_m1p37052592607_g1p11914495615em05_s91p2_IDEA/delphes.root
203,resolved_prompt,resolved_prompt,1.44109372607,1.18582263363e-05,91.2,best_mgg_GeV,10000,8741,0.8741,8741,1.0,0.8741,0.9987764914995182,0.875170778887342,0.9631192161667351,0.9086837477613285,3.3271404906611916e-05,150000000.0,4362.380254330421,6289.081640978426,14595036.120624313,6.851644571039433e-08,0.6936434448403411,5510.736337973517,4800.768435748702,0.871166417937191,binned_delta_chi2_with_3_event_floor,/data/alice/ipardoza/Axions/results/alp_full_production/fccee_z_full_projection_fullbg_channelaware/cluster_4797476/job203_m1p44109372607_g1p18582263363em05_s91p2_IDEA/delphes.root
204,resolved_prompt,resolved_prompt,1.51529503223,1.34532950578e-05,91.2,best_mgg_GeV,10000,8729,0.8729,8729,1.0,0.8729,0.9999738462083467,0.8729228302418316,0.9631192161667351,0.9063497182790207,4.282078567310912e-05,150000000.0,5606.739572108542,6687.761709534706,16504116.857386928,6.059094277149518e-08,0.8383581556315088,4824.338936138212,6186.0664366450455,1.2822619883330313,binned_delta_chi2_with_3_event_floor,/data/alice/ipardoza/Axions/results/alp_full_production/fccee_z_full_projection_fullbg_channelaware/cluster_4797476/job204_m1p51529503223_g1p34532950578em05_s91p2_IDEA/delphes.root
205,resolved_prompt,resolved_prompt,1.59331693225,1.26981874539e-05,91.2,best_mgg_GeV,10000,8710,0.871,8710,1.0,0.871,0.999989782580796,0.8710088994630563,0.9631192161667351,0.9043624972303193,3.814545163321143e-05,150000000.0,4983.7032558790725,6664.73301482686,16390651.719159825,6.101038672129502e-08,0.7477723780970604,4950.88753948412,5510.7363155173425,1.1130804874011657,binned_delta_chi2_with_3_event_floor,/data/alice/ipardoza/Axions/results/alp_full_production/fccee_z_full_projection_fullbg_channelaware/cluster_4797476/job205_m1p59331693225_g1p26981874539em05_s91p2_IDEA/delphes.root
206,resolved_prompt,resolved_prompt,1.67535614689,1.18816185226e-05,91.2,best_mgg_GeV,10000,8750,0.875,8750,1.0,0.875,0.9999954443983623,0.8750039861695924,0.9631192161667351,0.9085105680397013,3.3394003104069863e-05,150000000.0,4382.96290740917,6426.051207239114,15237687.866442535,6.562675445021206e-08,0.682061621680146,6178.190043998129,4824.338936272712,0.7808660630242945,binned_delta_chi2_with_3_event_floor,/data/alice/ipardoza/Axions/results/alp_full_production/fccee_z_full_projection_fullbg_channelaware/cluster_4797476/job206_m1p67535614689_g1p18816185226em05_s91p2_IDEA/delphes.root
207,resolved_prompt,resolved_prompt,1.76161952598,1.20370624119e-05,91.2,best_mgg_GeV,10000,8722,0.8722,8722,1.0,0.8722,0.9999998012512951,0.8722001733486549,0.9631192161667351,0.9055993886406474,3.426982126526931e-05,150000000.0,4483.520716135184,6562.042084746154,15889445.137261864,6.293485967328903e-08,0.6832508323220582,6435.7911477971575,4950.887525294364,0.7692741127854893,binned_delta_chi2_with_3_event_floor,/data/alice/ipardoza/Axions/results/alp_full_production/fccee_z_full_projection_fullbg_channelaware/cluster_4797476/job207_m1p76161952598_g1p20370624119em05_s91p2_IDEA/delphes.root
208,resolved_prompt,resolved_prompt,1.85232456995,1.34473049971e-05,91.2,best_mgg_GeV,10000,8698,0.8698,8698,1.0,0.8698,0.9999999999403947,0.8698000000518448,0.9631192161667351,0.9031073053590336,4.2765145724869266e-05,150000000.0,5579.5685627236935,7115.412161364529,18682321.116639942,5.3526539542740294e-08,0.7841525460773441,5346.010577597711,6178.19004410059,1.1556636400964302,binned_delta_chi2_with_3_event_floor,/data/alice/ipardoza/Axions/results/alp_full_production/fccee_z_full_projection_fullbg_channelaware/cluster_4797476/job208_m1p85232456995_g1p34473049971em05_s91p2_IDEA/delphes.root
209,resolved_prompt,resolved_prompt,1.94769997825,1.37256839079e-05,91.2,best_mgg_GeV,10000,8730,0.873,8730,1.0,0.873,0.999999999999905,0.8730000000000829,0.9631192161667351,0.9064298431036073,4.45482486478357e-05,150000000.0,5833.593160434085,7213.400579426837,19200423.586448498,5.2082184306902055e-08,0.8087160966870374,5583.646460506503,6435.791147895039,1.1526143700923421,binned_delta_chi2_with_3_event_floor,/data/alice/ipardoza/Axions/results/alp_full_production/fccee_z_full_projection_fullbg_channelaware/cluster_4797476/job209_m1p94769997825_g1p37256839079em05_s91p2_IDEA/delphes.root
210,resolved_prompt,resolved_prompt,2.04798622597,1.25106342845e-05,91.2,best_mgg_GeV,10000,8711,0.8711,8711,1.0,0.8711,0.9999999999999405,0.8711000000000518,0.9631192161667351,0.9044570862858239,3.7004837942860715e-05,150000000.0,4835.237149803896,6859.453219223772,17362397.958199028,5.759573086664396e-08,0.704901250183183,7011.051030614377,5346.0105770854425,0.7625120047966578,binned_delta_chi2_with_3_event_floor,/data/alice/ipardoza/Axions/results/alp_full_production/fccee_z_full_projection_fullbg_channelaware/cluster_4797476/job210_m2p04798622597_g1p25106342845em05_s91p2_IDEA/delphes.root
211,resolved_prompt,resolved_prompt,2.15343617015,1.27866888282e-05,91.2,best_mgg_GeV,10000,8701,0.8701,8701,1.0,0.8701,1.0,0.8701,0.9631192161667351,0.9034187932237958,3.864974253655289e-05,150000000.0,5044.3711471582,7013.482028022259,18150896.73704473,5.509369671852458e-08,0.7192391920309331,6244.384122981031,5583.646460527641,0.8941868966674077,binned_delta_chi2_with_3_event_floor,/data/alice/ipardoza/Axions/results/alp_full_production/fccee_z_full_projection_fullbg_channelaware/cluster_4797476/job211_m2p15343617015_g1p27866888282em05_s91p2_IDEA/delphes.root
212,resolved_prompt,resolved_prompt,2.26431568734,1.43294358404e-05,91.2,best_mgg_GeV,10000,8715,0.8715,8715,1.0,0.8715,1.0,0.8715,0.9631192161667351,0.9048724035105599,4.8530170949111574e-05,150000000.0,6344.1065973226105,7580.758567503411,21205867.327961758,4.715676018030227e-08,0.8368696273375621,5921.76254575193,7011.0510307419,1.183946667326502,binned_delta_chi2_with_3_event_floor,/data/alice/ipardoza/Axions/results/alp_full_production/fccee_z_full_projection_fullbg_channelaware/cluster_4797476/job212_m2p26431568734_g1p43294358404em05_s91p2_IDEA/delphes.root
213,resolved_prompt,resolved_prompt,2.38090434394,1.35246108864e-05,91.2,best_mgg_GeV,10000,8694,0.8694,8694,1.0,0.8694,1.0,0.8694,0.9631192161667351,0.9026919880804138,4.322333807596096e-05,150000000.0,5636.7555184860685,7405.837359147556,20238533.944703188,4.941069361705021e-08,0.7611233200420815,7434.789424243517,6244.384123174397,0.8398871530661755,binned_delta_chi2_with_3_event_floor,/data/alice/ipardoza/Axions/results/alp_full_production/fccee_z_full_projection_fullbg_channelaware/cluster_4797476/job213_m2p38090434394_g1p35246108864em05_s91p2_IDEA/delphes.root
214,resolved_prompt,resolved_prompt,2.50349610114,1.31720205075e-05,91.2,best_mgg_GeV,10000,8718,0.8718,8718,1.0,0.8718,1.0,0.8718,0.9631192161667351,0.9051838914291521,4.099016608361914e-05,150000000.0,5360.2840187548745,7285.807758228868,19587820.918770466,5.1052131022993356e-08,0.7357158185653151,7209.591500291737,5921.762494349933,0.8213728189884695,binned_delta_chi2_with_3_event_floor,/data/alice/ipardoza/Axions/results/alp_full_production/fccee_z_full_projection_fullbg_channelaware/cluster_4797476/job214_m2p50349610114_g1p31720205075em05_s91p2_IDEA/delphes.root
215,resolved_prompt,resolved_prompt,2.63240005605,1.47609100785e-05,91.2,best_mgg_GeV,10000,8692,0.8692,8692,1.0,0.8692,1.0,0.8692,0.9631192161667351,0.9024843294680189,5.14632683079103e-05,150000000.0,6709.780921985344,8125.210162646708,24361269.441762857,4.104876399772855e-08,0.8257978301695643,7236.57290208801,7434.789395113942,1.02739093431488,binned_delta_chi2_with_3_event_floor,/data/alice/ipardoza/Axions/results/alp_full_production/fccee_z_full_projection_fullbg_channelaware/cluster_4797476/job215_m2p63240005605_g1p47609100785em05_s91p2_IDEA/delphes.root
216,resolved_prompt,resolved_prompt,2.76794122105,1.45375595891e-05,91.2,best_mgg_GeV,10000,8727,0.8727,8727,1.0,0.8727,1.0,0.8727,0.9631192161667351,0.9061183551849289,4.990445886218031e-05,150000000.0,6532.743187353713,8153.0057239248545,24528229.64367212,4.0769350847054856e-08,0.8012680732191186,8298.51091326446,7209.591495385226,0.8687813477308696,binned_delta_chi2_with_3_event_floor,/data/alice/ipardoza/Axions/results/alp_full_production/fccee_z_full_projection_fullbg_channelaware/cluster_4797476/job216_m2p76794122105_g1p45375595891em05_s91p2_IDEA/delphes.root
217,resolved_prompt,resolved_prompt,2.91046134328,1.45668650419e-05,91.2,best_mgg_GeV,10000,8702,0.8702,8702,1.0,0.8702,1.0,0.8702,0.9631192161667351,0.9035226225299933,5.00912229120222e-05,150000000.0,6538.407326706258,8331.432692797496,25613568.52937821,3.904180703493236e-08,0.7847878711615465,7530.352688645836,7236.572902179003,0.9609872473954919,binned_delta_chi2_with_3_event_floor,/data/alice/ipardoza/Axions/results/alp_full_production/fccee_z_full_projection_fullbg_channelaware/cluster_4797476/job217_m2p91046134328_g1p45668650419em05_s91p2_IDEA/delphes.root
218,resolved_prompt,resolved_prompt,3.06031976629,1.56016261291e-05,91.2,best_mgg_GeV,10000,8706,0.8706,8706,1.0,0.8706,1.0,0.8706,0.9631192161667351,0.903937939754783,5.744190870614723e-05,150000000.0,7501.338857935766,8924.97481582714,29393053.67643863,3.402164371923005e-08,0.8404885182009967,8608.626215128208,8298.51091322785,0.963976214769857,binned_delta_chi2_with_3_event_floor,/data/alice/ipardoza/Axions/results/alp_full_production/fccee_z_full_projection_fullbg_channelaware/cluster_4797476/job218_m3p06031976629_g1p56016261291em05_s91p2_IDEA/delphes.root
219,resolved_prompt,resolved_prompt,3.2178943361,1.48646612158e-05,91.2,best_mgg_GeV,10000,8705,0.8705,8705,1.0,0.8705,1.0,0.8705,0.9631192161667351,0.9038341104485856,5.2124753005892555e-05,150000000.0,6806.189623744421,8434.747651261952,26252755.697590046,3.809123931670908e-08,0.8069227326233195,8496.135789074968,7530.352688687986,0.8863267814494131,binned_delta_chi2_with_3_event_floor,/data/alice/ipardoza/Axions/results/alp_full_production/fccee_z_full_projection_fullbg_channelaware/cluster_4797476/job219_m3p2178943361_g1p48646612158em05_s91p2_IDEA/delphes.root
220,resolved_prompt,resolved_prompt,3.38358235383,1.58964467999e-05,91.2,best_mgg_GeV,10000,8723,0.8723,8723,1.0,0.8723,1.0,0.8723,0.9631192161667351,0.9057030379601392,5.958851193853839e-05,150000000.0,7796.858844598054,9160.652841866162,30965889.479406122,3.229359843401399e-08,0.8511248029141247,9075.390343895891,8608.626136618084,0.9485681398165146,binned_delta_chi2_with_3_event_floor,/data/alice/ipardoza/Axions/results/alp_full_production/fccee_z_full_projection_fullbg_channelaware/cluster_4797476/job220_m3p38358235383_g1p58964467999em05_s91p2_IDEA/delphes.root
221,resolved_prompt,resolved_prompt,3.55780157748,1.57956940872e-05,91.2,best_mgg_GeV,10000,8672,0.8672,8672,1.0,0.8672,1.0,0.8672,0.9631192161667351,0.9004077433440705,5.880985895701323e-05,150000000.0,7649.98645312828,8986.356498061908,29798746.5351511,3.3558458535173054e-08,0.8512890018082586,8908.56033226184,8496.135789233223,0.9537046921560327,binned_delta_chi2_with_3_event_floor,/data/alice/ipardoza/Axions/results/alp_full_production/fccee_z_full_projection_fullbg_channelaware/cluster_4797476/job221_m3p55780157748_g1p57956940872em05_s91p2_IDEA/delphes.root
222,resolved_prompt,resolved_prompt,3.74099127524,1.6329223627e-05,91.2,best_mgg_GeV,10000,8716,0.8716,8716,1.0,0.8716,1.0,0.8716,0.9631192161667351,0.9049762328167572,6.281943161590942e-05,150000000.0,8213.012489463998,9450.25412596478,32954724.370964706,3.034466283933075e-08,0.8690784797943757,9471.481637889086,9075.390260693175,0.9581806318864186,binned_delta_chi2_with_3_event_floor,/data/alice/ipardoza/Axions/results/alp_full_production/fccee_z_full_projection_fullbg_channelaware/cluster_4797476/job222_m3p74099127524_g1p6329223627em05_s91p2_IDEA/delphes.root
223,resolved_prompt,resolved_prompt,3.93361333302,1.61827615012e-05,91.2,best_mgg_GeV,10000,8678,0.8678,8678,1.0,0.8678,1.0,0.8678,0.9631192161667351,0.9010307191812551,6.166464247639867e-05,150000000.0,8026.886511152815,9126.568142201444,30735884.15285842,3.253526057772445e-08,0.8795076512973504,9616.098226477783,8908.560319060658,0.9264215182963782,binned_delta_chi2_with_3_event_floor,/data/alice/ipardoza/Axions/results/alp_full_production/fccee_z_full_projection_fullbg_channelaware/cluster_4797476/job223_m3p93361333302_g1p61827615012em05_s91p2_IDEA/delphes.root
224,resolved_prompt,resolved_prompt,4.13615341905,1.66911436839e-05,91.2,best_mgg_GeV,10000,8712,0.8712,8712,1.0,0.8712,1.0,0.8712,0.9631192161667351,0.9045609155919675,6.55611573279073e-05,150000000.0,8567.532039610925,9660.065114112977,34434264.94793452,2.904084061361627e-08,0.8869021003899961,10231.15386405809,9471.481568495712,0.9257491084919467,binned_delta_chi2_with_3_event_floor,/data/alice/ipardoza/Axions/results/alp_full_production/fccee_z_full_projection_fullbg_channelaware/cluster_4797476/job224_m4p13615341905_g1p66911436839em05_s91p2_IDEA/delphes.root
225,resolved_prompt,resolved_prompt,4.3491222084,1.68235802997e-05,91.2,best_mgg_GeV,10000,8709,0.8709,8709,1.0,0.8709,1.0,0.8709,0.9631192161667351,0.9042494276733752,6.656218714517406e-05,150000000.0,8695.351317709814,9532.461807582395,33530563.879342068,2.9823536627610744e-08,0.9121831792489618,10310.733075849424,9616.098226440537,0.9326299260878053,binned_delta_chi2_with_3_event_floor,/data/alice/ipardoza/Axions/results/alp_full_production/fccee_z_full_projection_fullbg_channelaware/cluster_4797476/job225_m4p3491222084_g1p68235802997em05_s91p2_IDEA/delphes.root
226,resolved_prompt,resolved_prompt,4.5730566706,1.73595374942e-05,91.2,best_mgg_GeV,10000,8733,0.8733,8733,1.0,0.8733,1.0,0.8733,0.9631192161667351,0.9067413310221134,7.081957377997949e-05,150000000.0,9277.010067308413,10247.215812878087,38747391.85081133,2.5808188686616364e-08,0.9053200631970317,10219.900932714225,10231.153858235417,1.0011010797066702,binned_delta_chi2_with_3_event_floor,/data/alice/ipardoza/Axions/results/alp_full_production/fccee_z_full_projection_fullbg_channelaware/cluster_4797476/job226_m4p5730566706_g1p73595374942em05_s91p2_IDEA/delphes.root
227,resolved_prompt,resolved_prompt,4.8085214235,1.74338814747e-05,91.2,best_mgg_GeV,10000,8695,0.8695,8695,1.0,0.8695,1.0,0.8695,0.9631192161667351,0.9027958173866113,7.137041710489173e-05,150000000.0,9308.486650905505,9925.799052565446,36354792.18889635,2.7506690034262522e-08,0.9378072839888503,10501.020550329658,10310.73302693344,0.9818791399860421,binned_delta_chi2_with_3_event_floor,/data/alice/ipardoza/Axions/results/alp_full_production/fccee_z_full_projection_fullbg_channelaware/cluster_4797476/job227_m4p8085214235_g1p74338814747em05_s91p2_IDEA/delphes.root
228,resolved_prompt,resolved_prompt,5.05611015689,1.73645892574e-05,91.2,best_mgg_GeV,10000,8725,0.8725,8725,1.0,0.8725,1.0,0.8725,0.9631192161667351,0.9059106965725341,7.07416815432459e-05,150000000.0,9258.317571972308,9690.382410448436,34650742.16263042,2.8859410725074287e-08,0.9554130249792553,11015.0906679106,10219.900931737167,0.9278090612100002,binned_delta_chi2_with_3_event_floor,/data/alice/ipardoza/Axions/results/alp_full_production/fccee_z_full_projection_fullbg_channelaware/cluster_4797476/job228_m5p05611015689_g1p73645892574em05_s91p2_IDEA/delphes.root
229,resolved_prompt,resolved_prompt,5.3164471294,1.76103955047e-05,91.2,best_mgg_GeV,10000,8719,0.8719,8719,1.0,0.8719,1.0,0.8719,0.9631192161667351,0.9052877207353495,7.268757796322992e-05,150000000.0,9506.444883921025,9979.121861891019,36746447.65109641,2.721351488162592e-08,0.9526334095813495,11569.206012792733,10501.020466950667,0.9076699347681326,binned_delta_chi2_with_3_event_floor,/data/alice/ipardoza/Axions/results/alp_full_production/fccee_z_full_projection_fullbg_channelaware/cluster_4797476/job229_m5p3164471294_g1p76103955047em05_s91p2_IDEA/delphes.root
230,resolved_prompt,resolved_prompt,5.59018874247,1.80460465925e-05,91.2,best_mgg_GeV,10000,8731,0.8731,8731,1.0,0.8731,1.0,0.8731,0.9631192161667351,0.9065336724097186,7.624594811669923e-05,150000000.0,9985.550595103514,10147.075764756217,37993781.02424464,2.632009694854742e-08,0.9840816040603809,11330.557017250769,11015.090667906738,0.9721579134314638,binned_delta_chi2_with_3_event_floor,/data/alice/ipardoza/Axions/results/alp_full_production/fccee_z_full_projection_fullbg_channelaware/cluster_4797476/job230_m5p59018874247_g1p80460465925em05_s91p2_IDEA/delphes.root
231,resolved_prompt,resolved_prompt,5.87802519536,1.8505438461e-05,91.2,best_mgg_GeV,10000,8721,0.8721,8721,1.0,0.8721,1.0,0.8721,0.9631192161667351,0.9054953793477443,8.008150871334096e-05,150000000.0,10475.862562335698,10488.74273839008,40595470.19635816,2.4633290245513905e-08,0.998772000002704,11484.393401112531,11569.205985216378,1.0073850295040947,binned_delta_chi2_with_3_event_floor,/data/alice/ipardoza/Axions/results/alp_full_production/fccee_z_full_projection_fullbg_channelaware/cluster_4797476/job231_m5p87802519536_g1p8505438461em05_s91p2_IDEA/delphes.root
232,resolved_prompt,resolved_prompt,6.18068222541,1.83256901051e-05,91.2,best_mgg_GeV,10000,8759,0.8759,8759,1.0,0.8759,1.0,0.8759,0.9631192161667351,0.9094408929832465,7.84295915949568e-05,150000000.0,10304.471891703399,10067.055832806785,37396905.218025506,2.6740180615747707e-08,1.0235834650010498,12003.561577917684,11330.557017181793,0.9439329272093724,binned_delta_chi2_with_3_event_floor,/data/alice/ipardoza/Axions/results/alp_full_production/fccee_z_full_projection_fullbg_channelaware/cluster_4797476/job232_m6p18068222541_g1p83256901051em05_s91p2_IDEA/delphes.root
233,resolved_prompt,resolved_prompt,6.49892293787,1.84631721006e-05,91.2,best_mgg_GeV,10000,8734,0.8734,8734,1.0,0.8734,1.0,0.8734,0.9631192161667351,0.9068451603283109,7.949443993059531e-05,150000000.0,10414.566575307292,10225.7463847099,38585198.93889579,2.591667342660635e-08,1.0184651744228397,12527.099977442722,11484.393401335285,0.9167639295619084,binned_delta_chi2_with_3_event_floor,/data/alice/ipardoza/Axions/results/alp_full_production/fccee_z_full_projection_fullbg_channelaware/cluster_4797476/job233_m6p49892293787_g1p84631721006em05_s91p2_IDEA/delphes.root
234,resolved_prompt,resolved_prompt,6.83354972995,1.88911612139e-05,91.2,best_mgg_GeV,10000,8745,0.8745,8745,1.0,0.8745,1.0,0.8745,0.9631192161667351,0.9079872826964825,8.3088097506221e-05,150000000.0,10899.08119037854,10523.75672008718,40866957.750398554,2.4469646263068058e-08,1.035664495129858,12420.942811588724,12003.561501446524,0.9663969703046387,binned_delta_chi2_with_3_event_floor,/data/alice/ipardoza/Axions/results/alp_full_production/fccee_z_full_projection_fullbg_channelaware/cluster_4797476/job234_m6p83354972995_g1p88911612139em05_s91p2_IDEA/delphes.root
235,resolved_prompt,resolved_prompt,7.18540631396,1.93160134624e-05,91.2,best_mgg_GeV,10000,8783,0.8783,8783,1.0,0.8783,1.0,0.8783,0.9631192161667351,0.9119327963319847,8.671200636932943e-05,150000000.0,11423.873279127305,10836.18278411605,43329467.64973176,2.307898190865935e-08,1.0542340883980572,12261.75266325471,12527.099941001026,1.0216402405947635,binned_delta_chi2_with_3_event_floor,/data/alice/ipardoza/Axions/results/alp_full_production/fccee_z_full_projection_fullbg_channelaware/cluster_4797476/job235_m7p18540631396_g1p93160134624em05_s91p2_IDEA/delphes.root
236,resolved_prompt,resolved_prompt,7.55537984459,1.92530467842e-05,91.2,best_mgg_GeV,10000,8789,0.8789,8789,1.0,0.8789,1.0,0.8789,0.9631192161667351,0.9125557721691693,8.597719163026203e-05,150000000.0,11334.803058575593,10606.330107442069,41510789.05831442,2.4090122656912116e-08,1.0686828472953507,12629.032040553317,12420.94281167327,0.9835229471101311,binned_delta_chi2_with_3_event_floor,/data/alice/ipardoza/Axions/results/alp_full_production/fccee_z_full_projection_fullbg_channelaware/cluster_4797476/job236_m7p55537984459_g1p92530467842em05_s91p2_IDEA/delphes.root
237,resolved_prompt,resolved_prompt,7.94440315577,1.91502375071e-05,91.2,best_mgg_GeV,10000,8799,0.8799,8799,1.0,0.8799,1.0,0.8799,0.9631192161667351,0.9135940652311435,8.487528478650524e-05,150000000.0,11202.264462546895,10202.428205903172,38409424.83269691,2.6035276611294814e-08,1.0979998326344715,13168.541278280169,12261.752663326102,0.9311397826234786,binned_delta_chi2_with_3_event_floor,/data/alice/ipardoza/Axions/results/alp_full_production/fccee_z_full_projection_fullbg_channelaware/cluster_4797476/job237_m7p94440315577_g1p91502375071em05_s91p2_IDEA/delphes.root
238,resolved_prompt,resolved_prompt,8.35345711262,1.94584964083e-05,91.2,best_mgg_GeV,10000,8812,0.8812,8812,1.0,0.8812,1.0,0.8812,0.9631192161667351,0.91494384621171,8.741757564799744e-05,150000000.0,11554.855149152301,10454.208998228374,40328592.53824321,2.4796302996483447e-08,1.1052825853309847,13516.244887541923,12629.032040594335,0.9343595166905164,binned_delta_chi2_with_3_event_floor,/data/alice/ipardoza/Axions/results/alp_full_production/fccee_z_full_projection_fullbg_channelaware/cluster_4797476/job238_m8p35345711262_g1p94584964083em05_s91p2_IDEA/delphes.root
239,resolved_prompt,resolved_prompt,8.78357308462,1.9896447151e-05,91.2,best_mgg_GeV,10000,8844,0.8844,8844,1.0,0.8844,1.0,0.8844,0.9631192161667351,0.9182663840100276,9.115203363857074e-05,150000000.0,12092.228782492795,10818.701336499464,43189778.08427132,2.3153626722712333e-08,1.117715371409393,13614.707100673331,13168.54127849762,0.967229128112962,binned_delta_chi2_with_3_event_floor,/data/alice/ipardoza/Axions/results/alp_full_production/fccee_z_full_projection_fullbg_channelaware/cluster_4797476/job239_m8p78357308462_g1p9896447151em05_s91p2_IDEA/delphes.root
240,resolved_prompt,resolved_prompt,9.23583554602,2.01873497403e-05,91.2,best_mgg_GeV,10000,8862,0.8862,8862,1.0,0.8862,1.0,0.8862,0.9631192161667351,0.9201353115215812,9.355882193724727e-05,150000000.0,12436.77420011828,10774.585611053082,42838263.87081628,2.3343616422355847e-08,1.154269375089474,13677.60007280632,13516.244887452709,0.988202960717179,binned_delta_chi2_with_3_event_floor,/data/alice/ipardoza/Axions/results/alp_full_production/fccee_z_full_projection_fullbg_channelaware/cluster_4797476/job240_m9p23583554602_g2p01873497403em05_s91p2_IDEA/delphes.root
241,resolved_prompt,resolved_prompt,9.71138481019,2.02940556334e-05,91.2,best_mgg_GeV,10000,8859,0.8859,8859,1.0,0.8859,1.0,0.8859,0.9631192161667351,0.919823823602989,9.424037281705215e-05,150000000.0,12523.131941793976,10774.971263204603,42841330.52504981,2.3341945447172533e-08,1.1622427230557133,13999.138679721644,13614.707099823025,0.9725389119506699,binned_delta_chi2_with_3_event_floor,/data/alice/ipardoza/Axions/results/alp_full_production/fccee_z_full_projection_fullbg_channelaware/cluster_4797476/job241_m9p71138481019_g2p02940556334em05_s91p2_IDEA/delphes.root
242,resolved_prompt,resolved_prompt,10.2114199047,2.03778953531e-05,91.2,best_mgg_GeV,10000,8854,0.8854,8854,1.0,0.8854,1.0,0.8854,0.9631192161667351,0.9193046770720018,9.467571469525714e-05,150000000.0,12573.8816686771,10628.859524553374,41687326.49176715,2.3988105838293337e-08,1.1829944350690302,14454.534316910793,13677.600019098227,0.9462497870371647,binned_delta_chi2_with_3_event_floor,/data/alice/ipardoza/Axions/results/alp_full_production/fccee_z_full_projection_fullbg_channelaware/cluster_4797476/job242_m10p2114199047_g2p03778953531em05_s91p2_IDEA/delphes.root
243,resolved_prompt,resolved_prompt,10.7372015947,2.06575707487e-05,91.2,best_mgg_GeV,10000,8924,0.8924,8924,1.0,0.8924,1.0,0.8924,0.9631192161667351,0.9265727285058216,9.690139043351889e-05,150000000.0,12971.220123430838,10927.462706296034,44062524.42711832,2.269502287945511e-08,1.1870294570721582,15170.32241528003,13999.138679969621,0.9227977030909537,binned_delta_chi2_with_3_event_floor,/data/alice/ipardoza/Axions/results/alp_full_production/fccee_z_full_projection_fullbg_channelaware/cluster_4797476/job243_m10p7372015947_g2p06575707487em05_s91p2_IDEA/delphes.root
244,resolved_prompt,resolved_prompt,11.2900555614,2.10377149214e-05,91.2,best_mgg_GeV,10000,8934,0.8934,8934,1.0,0.8934,1.0,0.8934,0.9631192161667351,0.9276110215677958,0.00010005361739607355,150000000.0,13408.185267247816,10916.99879234263,43978178.09299279,2.273854996642832e-08,1.2281933452857525,15246.165935284962,14454.534234172917,0.948076670261083,binned_delta_chi2_with_3_event_floor,/data/alice/ipardoza/Axions/results/alp_full_production/fccee_z_full_projection_fullbg_channelaware/cluster_4797476/job244_m11p2900555614_g2p10377149214em05_s91p2_IDEA/delphes.root
245,resolved_prompt,resolved_prompt,11.871375745,2.16055716418e-05,91.2,best_mgg_GeV,10000,8911,0.8911,8911,1.0,0.8911,1.0,0.8911,0.9631192161667351,0.9252229475252551,0.00010500826935644379,150000000.0,14035.930323529059,11568.024348432518,49379773.92100649,2.0251206528399948e-08,1.2133385875377194,15156.713759144355,15170.32231104053,1.0008978563633535,binned_delta_chi2_with_3_event_floor,/data/alice/ipardoza/Axions/results/alp_full_production/fccee_z_full_projection_fullbg_channelaware/cluster_4797476/job245_m11p871375745_g2p16055716418em05_s91p2_IDEA/delphes.root
246,resolved_prompt,resolved_prompt,12.4826278588,2.17187984487e-05,91.2,best_mgg_GeV,10000,8969,0.8969,8969,1.0,0.8969,1.0,0.8969,0.9631192161667351,0.9312450472847058,0.00010553325461781396,150000000.0,14197.916410007601,11679.06737950601,50332330.20481232,1.986794563118377e-08,1.2156721036580005,15817.158971898964,15246.16582005502,0.9639003974823557,binned_delta_chi2_with_3_event_floor,/data/alice/ipardoza/Axions/results/alp_full_production/fccee_z_full_projection_fullbg_channelaware/cluster_4797476/job246_m12p4826278588_g2p17187984487em05_s91p2_IDEA/delphes.root
247,resolved_prompt,resolved_prompt,13.1253530852,2.1720660894e-05,91.2,best_mgg_GeV,10000,9025,0.9025,9025,1.0,0.9025,1.0,0.9025,0.9631192161667351,0.9370594884317616,0.00010491407083847292,150000000.0,14202.742339758272,10874.422806418044,43635819.69473981,2.291695233401442e-08,1.306068615556852,15737.48470258859,15156.713650621705,0.9630963230184201,binned_delta_chi2_with_3_event_floor,/data/alice/ipardoza/Axions/results/alp_full_production/fccee_z_full_projection_fullbg_channelaware/cluster_4797476/job247_m13p1253530852_g2p1720660894em05_s91p2_IDEA/delphes.root
248,resolved_prompt,resolved_prompt,13.8011719617,2.22634156092e-05,91.2,best_mgg_GeV,10000,9068,0.9068,9068,1.0,0.9068,1.0,0.9068,0.9631192161667351,0.9415241485982508,0.00010948564280586115,150000000.0,14892.237134453235,11984.032927121842,52995219.63038395,1.8869626486587225e-08,1.2426732490654,16082.313839837145,15817.158972103822,0.9835126418764125,binned_delta_chi2_with_3_event_floor,/data/alice/ipardoza/Axions/results/alp_full_production/fccee_z_full_projection_fullbg_channelaware/cluster_4797476/job248_m13p8011719617_g2p22634156092em05_s91p2_IDEA/delphes.root
249,resolved_prompt,resolved_prompt,14.5117884661,2.22899947461e-05,91.2,best_mgg_GeV,10000,9119,0.9119,9119,1.0,0.9119,1.0,0.9119,0.9631192161667351,0.9468194432143195,0.00010893414119999603,150000000.0,14900.556504041457,11246.995289548375,46677085.99377245,2.142378811165328e-08,1.3248477589288465,16806.430636578425,15737.484702950493,0.9363966117051993,binned_delta_chi2_with_3_event_floor,/data/alice/ipardoza/Axions/results/alp_full_production/fccee_z_full_projection_fullbg_channelaware/cluster_4797476/job249_m14p5117884661_g2p22899947461em05_s91p2_IDEA/delphes.root
250,resolved_prompt,resolved_prompt,15.2589943136,2.26259363996e-05,91.2,best_mgg_GeV,10000,9152,0.9152,9152,1.0,0.9152,1.0,0.9152,0.9631192161667351,0.9502458103188346,0.00011132103253724288,150000000.0,15282.151346712704,11560.638053715697,49316735.132479504,2.0277092498392297e-08,1.3219124477131154,17326.943060089518,16082.313840021148,0.9281679857922994,binned_delta_chi2_with_3_event_floor,/data/alice/ipardoza/Axions/results/alp_full_production/fccee_z_full_projection_fullbg_channelaware/cluster_4797476/job250_m15p2589943136_g2p26259363996em05_s91p2_IDEA/delphes.root
251,resolved_prompt,resolved_prompt,16.044673474,2.32356511977e-05,91.2,best_mgg_GeV,10000,9230,0.923,9230,1.0,0.923,1.0,0.923,0.9631192161667351,0.9583444962022337,0.00011633333551105847,150000000.0,16106.350301506045,11994.910190847599,53091465.12416959,1.8835419170693703e-08,1.3427653934245853,18279.08947097345,16806.430636720866,0.9194347816617937,binned_delta_chi2_with_3_event_floor,/data/alice/ipardoza/Axions/results/alp_full_production/fccee_z_full_projection_fullbg_channelaware/cluster_4797476/job251_m16p044673474_g2p32356511977em05_s91p2_IDEA/delphes.root
252,resolved_prompt,resolved_prompt,16.870806922,2.37126235256e-05,91.2,best_mgg_GeV,10000,9300,0.93,9300,1.0,0.93,1.0,0.93,0.9631192161667351,0.9656125476360535,0.00011993629839631284,150000000.0,16731.11362628564,12215.767791252063,55064569.27298573,1.816049799722292e-08,1.3696325857034628,20046.709671813354,17326.94305520947,0.864328527667161,binned_delta_chi2_with_3_event_floor,/data/alice/ipardoza/Axions/results/alp_full_production/fccee_z_full_projection_fullbg_channelaware/cluster_4797476/job252_m16p870806922_g2p37126235256em05_s91p2_IDEA/delphes.root
253,resolved_prompt,resolved_prompt,17.7394776316,2.44928136838e-05,91.2,best_mgg_GeV,10000,9361,0.9361,9361,1.0,0.9361,1.0,0.9361,0.9631192161667351,0.9719461353140965,0.00012652701183133122,150000000.0,17766.290366296376,12560.316812326673,58214597.20517199,1.7177822195962157e-08,1.414477885530767,20858.260127035304,18279.089468836642,0.8763477565966451,binned_delta_chi2_with_3_event_floor,/data/alice/ipardoza/Axions/results/alp_full_production/fccee_z_full_projection_fullbg_channelaware/cluster_4797476/job253_m17p7394776316_g2p44928136838em05_s91p2_IDEA/delphes.root
254,resolved_prompt,resolved_prompt,18.6528758285,2.58103831661e-05,91.2,best_mgg_GeV,10000,9462,0.9462,9462,1.0,0.9462,1.0,0.9462,0.9631192161667351,0.9824328952400364,0.00013876239647517638,150000000.0,19694.546931721783,14098.70547770155,73348153.55976814,1.3633608365957634e-08,1.3969046280788397,20592.06252751221,20046.70957898844,0.9735163513710612,binned_delta_chi2_with_3_event_floor,/data/alice/ipardoza/Axions/results/alp_full_production/fccee_z_full_projection_fullbg_channelaware/cluster_4797476/job254_m18p6528758285_g2p58103831661em05_s91p2_IDEA/delphes.root
255,resolved_prompt,resolved_prompt,19.613304512,2.65108136589e-05,91.2,best_mgg_GeV,10000,9524,0.9524,9524,1.0,0.9524,1.0,0.9524,0.9631192161667351,0.9888703122242767,0.00014437991109707027,150000000.0,20626.11409932746,14657.68322162621,79279585.76588285,1.2613587600634762e-08,1.4071878746086777,20858.00528851058,20858.26002090498,1.0000122126920037,binned_delta_chi2_with_3_event_floor,/data/alice/ipardoza/Axions/results/alp_full_production/fccee_z_full_projection_fullbg_channelaware/cluster_4797476/job255_m19p613304512_g2p65108136589em05_s91p2_IDEA/delphes.root
256,resolved_prompt,resolved_prompt,20.623185262,2.65447968167e-05,91.2,best_mgg_GeV,10000,9016,0.9016,9016,1.0,0.9016,1.0,0.9016,0.9631192161667351,0.9361250246759847,0.0001425373043111472,150000000.0,19276.745035039545,13857.331852999332,70858171.98677118,1.4112698252880335e-08,1.3910863389525607,21317.09476989982,20592.062520400723,0.9659882241306701,binned_delta_chi2_with_3_event_floor,/data/alice/ipardoza/Axions/results/alp_full_production/fccee_z_full_projection_fullbg_channelaware/cluster_4797476/job256_m20p623185262_g2p65447968167em05_s91p2_IDEA/delphes.root
257,resolved_prompt,resolved_prompt,21.6850643446,2.69454115608e-05,91.2,best_mgg_GeV,10000,8962,0.8962,8962,1.0,0.8962,1.0,0.8962,0.9631192161667351,0.9305182421413237,0.00014437814721025087,150000000.0,19408.754329474024,14021.770282152815,72549830.93928555,1.378362963846002e-08,1.384187156038198,21774.787858228952,20858.005195911348,0.9578970565276419,binned_delta_chi2_with_3_event_floor,/data/alice/ipardoza/Axions/results/alp_full_production/fccee_z_full_projection_fullbg_channelaware/cluster_4797476/job257_m21p6850643446_g2p69454115608em05_s91p2_IDEA/delphes.root
258,resolved_prompt,resolved_prompt,22.8016191317,2.75010385908e-05,91.2,best_mgg_GeV,10000,8986,0.8986,8986,1.0,0.8986,1.0,0.8986,0.9631192161667351,0.9330101454900619,0.00014755594262042129,150000000.0,19889.065505806586,14186.47327816963,74264215.52480479,1.3465435444692645e-08,1.4019739166895127,21473.52607587268,21317.094569598583,0.9927151458162309,binned_delta_chi2_with_3_event_floor,/data/alice/ipardoza/Axions/results/alp_full_production/fccee_z_full_projection_fullbg_channelaware/cluster_4797476/job258_m22p8016191317_g2p75010385908em05_s91p2_IDEA/delphes.root
259,resolved_prompt,resolved_prompt,23.9756648524,2.80909516024e-05,91.2,best_mgg_GeV,10000,8965,0.8965,8965,1.0,0.8965,1.0,0.8965,0.9631192161667351,0.930829730059916,0.0001507240743989017,150000000.0,20268.619904792304,14906.72048853097,81996426.46612139,1.2195653433911192e-08,1.3596967837685499,21377.164725703715,21774.78785887903,1.01860036811604,binned_delta_chi2_with_3_event_floor,/data/alice/ipardoza/Axions/results/alp_full_production/fccee_z_full_projection_fullbg_channelaware/cluster_4797476/job259_m23p9756648524_g2p80909516024em05_s91p2_IDEA/delphes.root
260,resolved_prompt,resolved_prompt,25.2101616905,2.82273493064e-05,91.2,best_mgg_GeV,10000,8985,0.8985,8985,1.0,0.8985,1.0,0.8985,0.9631192161667351,0.9329063161838645,0.00014863875427491454,150000000.0,20032.788107401604,13861.926231990428,70905165.63141859,1.4103344814089157e-08,1.4451662613216132,21261.07045695852,21473.526076388345,1.0099927056758466,binned_delta_chi2_with_3_event_floor,/data/alice/ipardoza/Axions/results/alp_full_production/fccee_z_full_projection_fullbg_channelaware/cluster_4797476/job260_m25p2101616905_g2p82273493064em05_s91p2_IDEA/delphes.root
261,resolved_prompt,resolved_prompt,26.5082222484,2.85372140562e-05,91.2,best_mgg_GeV,10000,8934,0.8934,8934,1.0,0.8934,1.0,0.8934,0.9631192161667351,0.9276110215677958,0.00014797174546650786,150000000.0,19829.69360996672,13763.1333446225,69898095.74238366,1.430654139256667e-08,1.4407833676707442,21148.101199434062,21377.164726279003,1.0108313992204212,binned_delta_chi2_with_3_event_floor,/data/alice/ipardoza/Axions/results/alp_full_production/fccee_z_full_projection_fullbg_channelaware/cluster_4797476/job261_m26p5082222484_g2p85372140562em05_s91p2_IDEA/delphes.root
262,resolved_prompt,resolved_prompt,27.8731193951,2.88808633795e-05,91.2,best_mgg_GeV,10000,8966,0.8966,8966,1.0,0.8966,1.0,0.8966,0.9631192161667351,0.9309335593661134,0.00014716814529699743,150000000.0,19792.643860993183,13915.293328723545,71452172.85033874,1.3995375649311123e-08,1.422366269501325,21352.648383865344,21261.07031147345,0.9957111609414646,binned_delta_chi2_with_3_event_floor,/data/alice/ipardoza/Axions/results/alp_full_production/fccee_z_full_projection_fullbg_channelaware/cluster_4797476/job262_m27p8731193951_g2p88808633795em05_s91p2_IDEA/delphes.root
263,resolved_prompt,resolved_prompt,29.3082945184,2.92807337116e-05,91.2,best_mgg_GeV,10000,8985,0.8985,8985,1.0,0.8985,1.0,0.8985,0.9631192161667351,0.9329063161838645,0.0001463861783298454,150000000.0,19729.19718440491,13230.204610604218,64589783.778026976,1.5482324626393835e-08,1.4912238899609798,20911.934066750564,21148.101199602686,1.0112934141862862,binned_delta_chi2_with_3_event_floor,/data/alice/ipardoza/Axions/results/alp_full_production/fccee_z_full_projection_fullbg_channelaware/cluster_4797476/job263_m29p3082945184_g2p92807337116em05_s91p2_IDEA/delphes.root
264,resolved_prompt,resolved_prompt,30.8173662015,2.99671662289e-05,91.2,best_mgg_GeV,10000,8970,0.897,8970,1.0,0.897,1.0,0.897,0.9631192161667351,0.9313488765909032,0.00014780204448246024,150000000.0,19886.765085115025,13974.4332258326,72060805.89787975,1.3877169253659749e-08,1.4230820501795463,20800.15154782372,21352.648384468204,1.02656215438499,binned_delta_chi2_with_3_event_floor,/data/alice/ipardoza/Axions/results/alp_full_production/fccee_z_full_projection_fullbg_channelaware/cluster_4797476/job264_m30p8173662015_g2p99671662289em05_s91p2_IDEA/delphes.root
265,resolved_prompt,resolved_prompt,32.404139347,3.02724660456e-05,91.2,best_mgg_GeV,10000,8980,0.898,8980,1.0,0.898,1.0,0.898,0.9631192161667351,0.9323871696528775,0.0001447514403631238,150000000.0,19498.019016912775,13080.506895175364,63136406.13827684,1.5838722239113064e-08,1.4906164702305578,20487.15907582276,20911.934067230653,1.02073371861056,binned_delta_chi2_with_3_event_floor,/data/alice/ipardoza/Axions/results/alp_full_production/fccee_z_full_projection_fullbg_channelaware/cluster_4797476/job265_m32p404139347_g3p02724660456em05_s91p2_IDEA/delphes.root
266,resolved_prompt,resolved_prompt,34.0726147703,3.08960434322e-05,91.2,best_mgg_GeV,10000,8959,0.8959,8959,1.0,0.8959,1.0,0.8959,0.9631192161667351,0.9302067542227316,0.0001439776869353847,150000000.0,19348.441458811674,12723.047287107707,59732816.33578553,1.6741216325353584e-08,1.5207395698684145,19635.039487775262,20800.151548006095,1.0593384118710956,binned_delta_chi2_with_3_event_floor,/data/alice/ipardoza/Axions/results/alp_full_production/fccee_z_full_projection_fullbg_channelaware/cluster_4797476/job266_m34p0726147703_g3p08960434322em05_s91p2_IDEA/delphes.root
267,resolved_prompt,resolved_prompt,35.8269992872,3.14680674063e-05,91.2,best_mgg_GeV,10000,8919,0.8919,8919,1.0,0.8919,1.0,0.8919,0.9631192161667351,0.9260535819748346,0.00014181116641917948,150000000.0,18972.206899389927,12812.345181986528,60574239.50641085,1.6508667845415798e-08,1.4807755043989788,19802.959778996494,20487.158916799584,1.0345503472934772,binned_delta_chi2_with_3_event_floor,/data/alice/ipardoza/Axions/results/alp_full_production/fccee_z_full_projection_fullbg_channelaware/cluster_4797476/job267_m35p8269992872_g3p14680674063em05_s91p2_IDEA/delphes.root
268,resolved_prompt,resolved_prompt,37.6717163204,3.17193912361e-05,91.2,best_mgg_GeV,10000,8978,0.8978,8978,1.0,0.8978,1.0,0.8978,0.9631192161667351,0.9321795110404826,0.00013591283514559978,150000000.0,18303.381509057923,11868.128290116101,51975080.852639906,1.9239989310169746e-08,1.542229832845771,20294.451079597464,19635.039487864313,0.9675077887474338,binned_delta_chi2_with_3_event_floor,/data/alice/ipardoza/Axions/results/alp_full_production/fccee_z_full_projection_fullbg_channelaware/cluster_4797476/job268_m37p6717163204_g3p17193912361em05_s91p2_IDEA/delphes.root
269,resolved_prompt,resolved_prompt,39.6114170532,3.29220242026e-05,91.2,best_mgg_GeV,10000,9024,0.9024,9024,1.0,0.9024,1.0,0.9024,0.9631192161667351,0.9369556591255641,0.00013707517163289747,150000000.0,18554.495232229,12018.459775312489,53300138.51321192,1.8761677321947713e-08,1.5438330351067444,20275.11843782769,19802.959778849534,0.9767124093293956,binned_delta_chi2_with_3_event_floor,/data/alice/ipardoza/Axions/results/alp_full_production/fccee_z_full_projection_fullbg_channelaware/cluster_4797476/job269_m39p6114170532_g3p29220242026em05_s91p2_IDEA/delphes.root
270,resolved_prompt,resolved_prompt,41.6509921558,3.45946831989e-05,91.2,best_mgg_GeV,10000,8942,0.8942,8942,1.0,0.8942,1.0,0.8942,0.9631192161667351,0.9284416560173753,0.00014047725168497263,150000000.0,18842.21376850538,12293.668385973708,55769107.890881695,1.793107399093793e-08,1.5326762669150198,19923.58903149408,20294.4510798132,1.0186142189408185,binned_delta_chi2_with_3_event_floor,/data/alice/ipardoza/Axions/results/alp_full_production/fccee_z_full_projection_fullbg_channelaware/cluster_4797476/job270_m41p6509921558_g3p45946831989em05_s91p2_IDEA/delphes.root
271,resolved_prompt,resolved_prompt,43.7955841175,3.60740171688e-05,91.2,best_mgg_GeV,10000,8929,0.8929,8929,1.0,0.8929,1.0,0.8929,0.9631192161667351,0.9270918750368088,0.00014034343203143785,150000000.0,18796.89756913063,12008.400333354766,53210951.50041139,1.8793123817608648e-08,1.5653123686191575,19628.690486582866,20275.118437840185,1.0329328108616915,binned_delta_chi2_with_3_event_floor,/data/alice/ipardoza/Axions/results/alp_full_production/fccee_z_full_projection_fullbg_channelaware/cluster_4797476/job271_m43p7955841175_g3p60740171688em05_s91p2_IDEA/delphes.root
272,resolved_prompt,resolved_prompt,46.0506002118,3.75279453707e-05,91.2,best_mgg_GeV,10000,8924,0.8924,8924,1.0,0.8924,1.0,0.8924,0.9631192161667351,0.9265727285058216,0.0001379101617431094,150000000.0,18460.654250932625,11660.835037080364,50175303.97121809,1.993012340440682e-08,1.5831331283076617,19853.489371039843,19923.589031917676,1.0035308483847725,binned_delta_chi2_with_3_event_floor,/data/alice/ipardoza/Axions/results/alp_full_production/fccee_z_full_projection_fullbg_channelaware/cluster_4797476/job272_m46p0506002118_g3p75279453707em05_s91p2_IDEA/delphes.root
273,resolved_prompt,resolved_prompt,48.4217261307,3.9364217708e-05,91.2,best_mgg_GeV,10000,8945,0.8945,8945,1.0,0.8945,1.0,0.8945,0.9631192161667351,0.9287531439359675,0.00013586888765406896,150000000.0,18230.2080009847,10979.043227375954,44479479.77438738,2.248227733490332e-08,1.6604550709417154,19846.587407534196,19628.690486824966,0.9890209376435914,binned_delta_chi2_with_3_event_floor,/data/alice/ipardoza/Axions/results/alp_full_production/fccee_z_full_projection_fullbg_channelaware/cluster_4797476/job273_m48p4217261307_g3p9364217708em05_s91p2_IDEA/delphes.root
274,resolved_prompt,resolved_prompt,50.9149403197,4.21854952405e-05,91.2,best_mgg_GeV,10000,8968,0.8968,8968,1.0,0.8968,1.0,0.8968,0.9631192161667351,0.9311412179785084,0.00013742493513357843,150000000.0,18486.40227416897,11679.973635081873,50340141.74029803,1.9864862621145247e-08,1.5827434934136635,20213.102598811634,19853.48937114247,0.9822089050450717,binned_delta_chi2_with_3_event_floor,/data/alice/ipardoza/Axions/results/alp_full_production/fccee_z_full_projection_fullbg_channelaware/cluster_4797476/job274_m50p9149403197_g4p21854952405em05_s91p2_IDEA/delphes.root
275,resolved_prompt,resolved_prompt,53.5365290523,4.53957848604e-05,91.2,best_mgg_GeV,10000,8972,0.8972,8972,1.0,0.8972,1.0,0.8972,0.9631192161667351,0.9315565352032981,0.0001373771596266247,150000000.0,18488.21814255115,11175.74789361671,46087579.69803628,2.1697819815055474e-08,1.654315963329052,20351.105751608284,19846.587344821084,0.975209287743624,binned_delta_chi2_with_3_event_floor,/data/alice/ipardoza/Axions/results/alp_full_production/fccee_z_full_projection_fullbg_channelaware/cluster_4797476/job275_m53p5365290523_g4p53957848604em05_s91p2_IDEA/delphes.root
276,resolved_prompt,resolved_prompt,56.2931022795,4.99128530387e-05,91.2,best_mgg_GeV,10000,8952,0.8952,8952,1.0,0.8952,1.0,0.8952,0.9631192161667351,0.9294799490793495,0.00013991416126574497,150000000.0,18787.673574764234,11101.46965716501,45476984.70441159,2.1989144761899594e-08,1.692359133967318,20617.99804885008,20213.102599333568,0.9803620386151363,binned_delta_chi2_with_3_event_floor,/data/alice/ipardoza/Axions/results/alp_full_production/fccee_z_full_projection_fullbg_channelaware/cluster_4797476/job276_m56p2931022795_g4p99128530387em05_s91p2_IDEA/delphes.root
277,resolved_prompt,resolved_prompt,59.1916102957,5.53966117401e-05,91.2,best_mgg_GeV,10000,9053,0.9053,9053,1.0,0.9053,1.0,0.9053,0.9631192161667351,0.9399667090052894,0.000140869412398744,150000000.0,19129.36185668744,11134.199325603084,45745533.07094471,2.1860057865084758e-08,1.7180725166918365,22061.855480650174,20351.105707702027,0.9224566685042155,binned_delta_chi2_with_3_event_floor,/data/alice/ipardoza/Axions/results/alp_full_production/fccee_z_full_projection_fullbg_channelaware/cluster_4797476/job277_m59p1916102957_g5p53966117401em05_s91p2_IDEA/delphes.root
278,resolved_prompt,resolved_prompt,62.2393612632,6.28675043631e-05,91.2,best_mgg_GeV,10000,8990,0.899,8990,1.0,0.899,1.0,0.899,0.9631192161667351,0.9334254627148517,0.0001427168288425036,150000000.0,19245.36436941161,11094.623016209083,45420907.701769866,2.2016292729461112e-08,1.7346569001303076,23579.163042426248,20617.998049289126,0.8744160262258222,binned_delta_chi2_with_3_event_floor,/data/alice/ipardoza/Axions/results/alp_full_production/fccee_z_full_projection_fullbg_channelaware/cluster_4797476/job278_m62p2393612632_g6p28675043631em05_s91p2_IDEA/delphes.root
279,resolved_prompt,resolved_prompt,65.4440396384,7.51716240346e-05,91.2,best_mgg_GeV,10000,9003,0.9003,9003,1.0,0.9003,1.0,0.9003,0.9631192161667351,0.9347752436954182,0.00015271114210706847,150000000.0,20622.87618584906,12487.644463098259,57542901.93237956,1.7378338012482076e-08,1.6514624713084123,25235.540183740726,22061.855322913,0.8742374905502307,binned_delta_chi2_with_3_event_floor,/data/alice/ipardoza/Axions/results/alp_full_production/fccee_z_full_projection_fullbg_channelaware/cluster_4797476/job279_m65p4440396384_g7p51716240346em05_s91p2_IDEA/delphes.root
280,resolved_prompt,resolved_prompt,68.813725547,9.28914949594e-05,91.2,best_mgg_GeV,10000,8983,0.8983,8983,1.0,0.8983,1.0,0.8983,0.9631192161667351,0.9326986575714697,0.00016321387596040612,150000000.0,21992.253716284922,13251.15629850502,64794517.803472064,1.5433404459202785e-08,1.6596478994641441,28563.262517492705,23579.16304237816,0.8255066460961109,binned_delta_chi2_with_3_event_floor,/data/alice/ipardoza/Axions/results/alp_full_production/fccee_z_full_projection_fullbg_channelaware/cluster_4797476/job280_m68p813725547_g9p28914949594em05_s91p2_IDEA/delphes.root
281,resolved_prompt,resolved_prompt,72.3569151572,0.000120419073638,91.2,best_mgg_GeV,10000,8937,0.8937,8937,1.0,0.8937,1.0,0.8937,0.9631192161667351,0.9279225094863882,0.0001746792419242524,150000000.0,23416.625776155655,13592.215239271365,68172810.00394122,1.4668604681869321e-08,1.7227968630528356,33682.110146308536,25235.54018440282,0.7492268172862253,binned_delta_chi2_with_3_event_floor,/data/alice/ipardoza/Axions/results/alp_full_production/fccee_z_full_projection_fullbg_channelaware/cluster_4797476/job281_m72p3569151572_g0p000120419073638_s91p2_IDEA/delphes.root
282,resolved_prompt,resolved_prompt,76.0825421012,0.00017235749568,91.2,best_mgg_GeV,10000,8982,0.8982,8982,1.0,0.8982,1.0,0.8982,0.9631192161667351,0.9325948282652723,0.00019771358199382262,150000000.0,26637.950902027722,15893.607154293211,93212822.27859792,1.0728137777130739e-08,1.6760166929652736,,28563.262517311192,,,/data/alice/ipardoza/Axions/results/alp_full_production/fccee_z_full_projection_fullbg_channelaware/cluster_4797476/job282_m76p0825421012_g0p00017235749568_s91p2_IDEA/delphes.root
283,resolved_prompt,resolved_prompt,80.0,0.000283489724582,91.2,best_mgg_GeV,10000,8982,0.8982,8982,1.0,0.8982,1.0,0.8982,0.9631192161667351,0.9325948282652723,0.0002331460085173286,150000000.0,31411.76172753968,17944.857341460982,118825795.20493953,8.415681109268357e-09,1.7504603759074682,,33682.11014634187,,,/data/alice/ipardoza/Axions/results/alp_full_production/fccee_z_full_projection_fullbg_channelaware/cluster_4797476/job283_m80_g0p000283489724582_s91p2_IDEA/delphes.root
