cluster,jobid,m_a_GeV,g_agg_GeV_inv,sqrt_s_GeV,nevents,campaign,detector,channel,mc_sigma_pb,theory_sigma_pb,gate1_passed,signature_validation_passed,validation_channel,resolved_best_mgg_mean_GeV,resolved_best_mgg_abs_error_GeV,leading_photon_energy_mean_GeV,leading_recoil_abs_error_GeV,validation_json,hist_summary_json,delphes_root,summary_csv
4797476,0,0.01,4.76470089365e-07,91.2,10000,fccee_z_full_projection_fullbg_channelaware,IDEA,invisible_lower,5.374600000000589e-08,5.3756166638784956e-08,True,True,invisible,,,45.59686985791214,0.003129593842253,/data/alice/ipardoza/Axions/results/alp_full_production/fccee_z_full_projection_fullbg_channelaware/cluster_4797476/job0_m0p01_g4p76470089365em07_s91p2_IDEA/validation_plots/validation_summary.json,/data/alice/ipardoza/Axions/results/alp_full_production/fccee_z_full_projection_fullbg_channelaware/cluster_4797476/job0_m0p01_g4p76470089365em07_s91p2_IDEA/alp_histograms_summary.json,/data/alice/ipardoza/Axions/results/alp_full_production/fccee_z_full_projection_fullbg_channelaware/cluster_4797476/job0_m0p01_g4p76470089365em07_s91p2_IDEA/delphes.root,results/alp_full_production/fccee_z_full_projection_fullbg_channelaware/cluster_4797476/job0_m0p01_g4p76470089365em07_s91p2_IDEA/full_point_summary.csv
4797476,93,0.01,0.0405328194685,91.2,10000,fccee_z_full_projection_fullbg_channelaware,IDEA,invisible_upper,388.9400000002133,389.0188401792323,True,True,invisible,0.2807048094678389,0.2707048094678388,46.054722571545895,0.4547231197915025,/data/alice/ipardoza/Axions/results/alp_full_production/fccee_z_full_projection_fullbg_channelaware/cluster_4797476/job93_m0p01_g0p0405328194685_s91p2_IDEA/validation_plots/validation_summary.json,/data/alice/ipardoza/Axions/results/alp_full_production/fccee_z_full_projection_fullbg_channelaware/cluster_4797476/job93_m0p01_g0p0405328194685_s91p2_IDEA/alp_histograms_summary.json,/data/alice/ipardoza/Axions/results/alp_full_production/fccee_z_full_projection_fullbg_channelaware/cluster_4797476/job93_m0p01_g0p0405328194685_s91p2_IDEA/delphes.root,results/alp_full_production/fccee_z_full_projection_fullbg_channelaware/cluster_4797476/job93_m0p01_g0p0405328194685_s91p2_IDEA/full_point_summary.csv
4797476,1,0.0105148957685,4.76470091614e-07,91.2,10000,fccee_z_full_projection_fullbg_channelaware,IDEA,invisible_lower,5.374600000000589e-08,5.375616694144822e-08,True,True,invisible,,,45.59800775707695,0.0019916367660712,/data/alice/ipardoza/Axions/results/alp_full_production/fccee_z_full_projection_fullbg_channelaware/cluster_4797476/job1_m0p0105148957685_g4p76470091614em07_s91p2_IDEA/validation_plots/validation_summary.json,/data/alice/ipardoza/Axions/results/alp_full_production/fccee_z_full_projection_fullbg_channelaware/cluster_4797476/job1_m0p0105148957685_g4p76470091614em07_s91p2_IDEA/alp_histograms_summary.json,/data/alice/ipardoza/Axions/results/alp_full_production/fccee_z_full_projection_fullbg_channelaware/cluster_4797476/job1_m0p0105148957685_g4p76470091614em07_s91p2_IDEA/delphes.root,results/alp_full_production/fccee_z_full_projection_fullbg_channelaware/cluster_4797476/job1_m0p0105148957685_g4p76470091614em07_s91p2_IDEA/full_point_summary.csv
4797476,94,0.0105148957685,0.0364903164994,91.2,10000,fccee_z_full_projection_fullbg_channelaware,IDEA,invisible_upper,315.23000000107464,315.2915015292251,True,True,invisible,0.2704521202277846,0.2599372244592846,46.05520493377431,0.4552055399312849,/data/alice/ipardoza/Axions/results/alp_full_production/fccee_z_full_projection_fullbg_channelaware/cluster_4797476/job94_m0p0105148957685_g0p0364903164994_s91p2_IDEA/validation_plots/validation_summary.json,/data/alice/ipardoza/Axions/results/alp_full_production/fccee_z_full_projection_fullbg_channelaware/cluster_4797476/job94_m0p0105148957685_g0p0364903164994_s91p2_IDEA/alp_histograms_summary.json,/data/alice/ipardoza/Axions/results/alp_full_production/fccee_z_full_projection_fullbg_channelaware/cluster_4797476/job94_m0p0105148957685_g0p0364903164994_s91p2_IDEA/delphes.root,results/alp_full_production/fccee_z_full_projection_fullbg_channelaware/cluster_4797476/job94_m0p0105148957685_g0p0364903164994_s91p2_IDEA/full_point_summary.csv
4797476,2,0.0110563033023,4.76470094119e-07,91.2,10000,fccee_z_full_projection_fullbg_channelaware,IDEA,invisible_lower,5.374600000000589e-08,5.3756167280242166e-08,True,True,invisible,,,45.592873118668265,0.0071262111461933,/data/alice/ipardoza/Axions/results/alp_full_production/fccee_z_full_projection_fullbg_channelaware/cluster_4797476/job2_m0p0110563033023_g4p76470094119em07_s91p2_IDEA/validation_plots/validation_summary.json,/data/alice/ipardoza/Axions/results/alp_full_production/fccee_z_full_projection_fullbg_channelaware/cluster_4797476/job2_m0p0110563033023_g4p76470094119em07_s91p2_IDEA/alp_histograms_summary.json,/data/alice/ipardoza/Axions/results/alp_full_production/fccee_z_full_projection_fullbg_channelaware/cluster_4797476/job2_m0p0110563033023_g4p76470094119em07_s91p2_IDEA/delphes.root,results/alp_full_production/fccee_z_full_projection_fullbg_channelaware/cluster_4797476/job2_m0p0110563033023_g4p76470094119em07_s91p2_IDEA/full_point_summary.csv
4797476,95,0.0110563033023,0.0328494878026,91.2,10000,fccee_z_full_projection_fullbg_channelaware,IDEA,invisible_upper,255.46000000197745,255.51370955968707,True,True,invisible,0.274073601827364,0.263017298525064,46.04581925458137,0.4458199247669085,/data/alice/ipardoza/Axions/results/alp_full_production/fccee_z_full_projection_fullbg_channelaware/cluster_4797476/job95_m0p0110563033023_g0p0328494878026_s91p2_IDEA/validation_plots/validation_summary.json,/data/alice/ipardoza/Axions/results/alp_full_production/fccee_z_full_projection_fullbg_channelaware/cluster_4797476/job95_m0p0110563033023_g0p0328494878026_s91p2_IDEA/alp_histograms_summary.json,/data/alice/ipardoza/Axions/results/alp_full_production/fccee_z_full_projection_fullbg_channelaware/cluster_4797476/job95_m0p0110563033023_g0p0328494878026_s91p2_IDEA/delphes.root,results/alp_full_production/fccee_z_full_projection_fullbg_channelaware/cluster_4797476/job95_m0p0110563033023_g0p0328494878026_s91p2_IDEA/full_point_summary.csv
4797476,3,0.011625587681,4.76470096913e-07,91.2,10000,fccee_z_full_projection_fullbg_channelaware,IDEA,invisible_lower,5.374600000000589e-08,5.3756167660327846e-08,True,True,invisible,,,45.58846925223897,0.0115300067835661,/data/alice/ipardoza/Axions/results/alp_full_production/fccee_z_full_projection_fullbg_channelaware/cluster_4797476/job3_m0p011625587681_g4p76470096913em07_s91p2_IDEA/validation_plots/validation_summary.json,/data/alice/ipardoza/Axions/results/alp_full_production/fccee_z_full_projection_fullbg_channelaware/cluster_4797476/job3_m0p011625587681_g4p76470096913em07_s91p2_IDEA/alp_histograms_summary.json,/data/alice/ipardoza/Axions/results/alp_full_production/fccee_z_full_projection_fullbg_channelaware/cluster_4797476/job3_m0p011625587681_g4p76470096913em07_s91p2_IDEA/delphes.root,results/alp_full_production/fccee_z_full_projection_fullbg_channelaware/cluster_4797476/job3_m0p011625587681_g4p76470096913em07_s91p2_IDEA/full_point_summary.csv
4797476,96,0.011625587681,0.0295705449231,91.2,10000,fccee_z_full_projection_fullbg_channelaware,IDEA,invisible_upper,207.0100000000446,207.0502007535613,True,True,invisible,0.2874409834183752,0.2758153957373752,46.06135243950689,0.4613531804843518,/data/alice/ipardoza/Axions/results/alp_full_production/fccee_z_full_projection_fullbg_channelaware/cluster_4797476/job96_m0p011625587681_g0p0295705449231_s91p2_IDEA/validation_plots/validation_summary.json,/data/alice/ipardoza/Axions/results/alp_full_production/fccee_z_full_projection_fullbg_channelaware/cluster_4797476/job96_m0p011625587681_g0p0295705449231_s91p2_IDEA/alp_histograms_summary.json,/data/alice/ipardoza/Axions/results/alp_full_production/fccee_z_full_projection_fullbg_channelaware/cluster_4797476/job96_m0p011625587681_g0p0295705449231_s91p2_IDEA/delphes.root,results/alp_full_production/fccee_z_full_projection_fullbg_channelaware/cluster_4797476/job96_m0p011625587681_g0p0295705449231_s91p2_IDEA/full_point_summary.csv
4797476,4,0.0122241842713,4.76470100031e-07,91.2,10000,fccee_z_full_projection_fullbg_channelaware,IDEA,invisible_lower,5.374600000000589e-08,5.375616808707617e-08,True,True,invisible,,,45.58811017560096,0.011889005151886,/data/alice/ipardoza/Axions/results/alp_full_production/fccee_z_full_projection_fullbg_channelaware/cluster_4797476/job4_m0p0122241842713_g4p76470100031em07_s91p2_IDEA/validation_plots/validation_summary.json,/data/alice/ipardoza/Axions/results/alp_full_production/fccee_z_full_projection_fullbg_channelaware/cluster_4797476/job4_m0p0122241842713_g4p76470100031em07_s91p2_IDEA/alp_histograms_summary.json,/data/alice/ipardoza/Axions/results/alp_full_production/fccee_z_full_projection_fullbg_channelaware/cluster_4797476/job4_m0p0122241842713_g4p76470100031em07_s91p2_IDEA/delphes.root,results/alp_full_production/fccee_z_full_projection_fullbg_channelaware/cluster_4797476/job4_m0p0122241842713_g4p76470100031em07_s91p2_IDEA/full_point_summary.csv
4797476,97,0.0122241842713,0.0266176304413,91.2,10000,fccee_z_full_projection_fullbg_channelaware,IDEA,invisible_upper,167.7300000002404,167.76284414719905,True,True,invisible,0.2716346496911475,0.2594104654198475,46.05582472644761,0.4558255456947648,/data/alice/ipardoza/Axions/results/alp_full_production/fccee_z_full_projection_fullbg_channelaware/cluster_4797476/job97_m0p0122241842713_g0p0266176304413_s91p2_IDEA/validation_plots/validation_summary.json,/data/alice/ipardoza/Axions/results/alp_full_production/fccee_z_full_projection_fullbg_channelaware/cluster_4797476/job97_m0p0122241842713_g0p0266176304413_s91p2_IDEA/alp_histograms_summary.json,/data/alice/ipardoza/Axions/results/alp_full_production/fccee_z_full_projection_fullbg_channelaware/cluster_4797476/job97_m0p0122241842713_g0p0266176304413_s91p2_IDEA/delphes.root,results/alp_full_production/fccee_z_full_projection_fullbg_channelaware/cluster_4797476/job97_m0p0122241842713_g0p0266176304413_s91p2_IDEA/full_point_summary.csv
4797476,5,0.0128536023469,4.76470103514e-07,91.2,10000,fccee_z_full_projection_fullbg_channelaware,IDEA,invisible_lower,5.374600000000589e-08,5.3756168566945035e-08,True,True,invisible,,,45.59074042270487,0.0092586715106293,/data/alice/ipardoza/Axions/results/alp_full_production/fccee_z_full_projection_fullbg_channelaware/cluster_4797476/job5_m0p0128536023469_g4p76470103514em07_s91p2_IDEA/validation_plots/validation_summary.json,/data/alice/ipardoza/Axions/results/alp_full_production/fccee_z_full_projection_fullbg_channelaware/cluster_4797476/job5_m0p0128536023469_g4p76470103514em07_s91p2_IDEA/alp_histograms_summary.json,/data/alice/ipardoza/Axions/results/alp_full_production/fccee_z_full_projection_fullbg_channelaware/cluster_4797476/job5_m0p0128536023469_g4p76470103514em07_s91p2_IDEA/delphes.root,results/alp_full_production/fccee_z_full_projection_fullbg_channelaware/cluster_4797476/job5_m0p0128536023469_g4p76470103514em07_s91p2_IDEA/full_point_summary.csv
4797476,98,0.0128536023469,0.0239584304627,91.2,10000,fccee_z_full_projection_fullbg_channelaware,IDEA,invisible_upper,135.8900000004744,135.91698214404724,True,True,invisible,0.265973008302125,0.2531194059552251,46.05263138777877,0.4526322935632692,/data/alice/ipardoza/Axions/results/alp_full_production/fccee_z_full_projection_fullbg_channelaware/cluster_4797476/job98_m0p0128536023469_g0p0239584304627_s91p2_IDEA/validation_plots/validation_summary.json,/data/alice/ipardoza/Axions/results/alp_full_production/fccee_z_full_projection_fullbg_channelaware/cluster_4797476/job98_m0p0128536023469_g0p0239584304627_s91p2_IDEA/alp_histograms_summary.json,/data/alice/ipardoza/Axions/results/alp_full_production/fccee_z_full_projection_fullbg_channelaware/cluster_4797476/job98_m0p0128536023469_g0p0239584304627_s91p2_IDEA/delphes.root,results/alp_full_production/fccee_z_full_projection_fullbg_channelaware/cluster_4797476/job98_m0p0128536023469_g0p0239584304627_s91p2_IDEA/full_point_summary.csv
4797476,6,0.0135154288928,4.76470107408e-07,91.2,10000,fccee_z_full_projection_fullbg_channelaware,IDEA,invisible_lower,5.374600000000589e-08,5.3756169107225463e-08,True,True,invisible,,,45.59177794942418,0.0082210491130041,/data/alice/ipardoza/Axions/results/alp_full_production/fccee_z_full_projection_fullbg_channelaware/cluster_4797476/job6_m0p0135154288928_g4p76470107408em07_s91p2_IDEA/validation_plots/validation_summary.json,/data/alice/ipardoza/Axions/results/alp_full_production/fccee_z_full_projection_fullbg_channelaware/cluster_4797476/job6_m0p0135154288928_g4p76470107408em07_s91p2_IDEA/alp_histograms_summary.json,/data/alice/ipardoza/Axions/results/alp_full_production/fccee_z_full_projection_fullbg_channelaware/cluster_4797476/job6_m0p0135154288928_g4p76470107408em07_s91p2_IDEA/delphes.root,results/alp_full_production/fccee_z_full_projection_fullbg_channelaware/cluster_4797476/job6_m0p0135154288928_g4p76470107408em07_s91p2_IDEA/full_point_summary.csv
4797476,99,0.0135154288928,0.021563825231,91.2,10000,fccee_z_full_projection_fullbg_channelaware,IDEA,invisible_upper,110.08000000038004,110.10539510107448,True,True,invisible,0.2707130177853963,0.2571975888925963,46.04242942132898,0.4424304227917943,/data/alice/ipardoza/Axions/results/alp_full_production/fccee_z_full_projection_fullbg_channelaware/cluster_4797476/job99_m0p0135154288928_g0p021563825231_s91p2_IDEA/validation_plots/validation_summary.json,/data/alice/ipardoza/Axions/results/alp_full_production/fccee_z_full_projection_fullbg_channelaware/cluster_4797476/job99_m0p0135154288928_g0p021563825231_s91p2_IDEA/alp_histograms_summary.json,/data/alice/ipardoza/Axions/results/alp_full_production/fccee_z_full_projection_fullbg_channelaware/cluster_4797476/job99_m0p0135154288928_g0p021563825231_s91p2_IDEA/delphes.root,results/alp_full_production/fccee_z_full_projection_fullbg_channelaware/cluster_4797476/job99_m0p0135154288928_g0p021563825231_s91p2_IDEA/full_point_summary.csv
4797476,7,0.0142113326075,4.76470111767e-07,91.2,10000,fccee_z_full_projection_fullbg_channelaware,IDEA,invisible_lower,5.374600000000589e-08,5.375616971668743e-08,True,True,invisible,,,45.60423699581497,0.0042381030626401,/data/alice/ipardoza/Axions/results/alp_full_production/fccee_z_full_projection_fullbg_channelaware/cluster_4797476/job7_m0p0142113326075_g4p76470111767em07_s91p2_IDEA/validation_plots/validation_summary.json,/data/alice/ipardoza/Axions/results/alp_full_production/fccee_z_full_projection_fullbg_channelaware/cluster_4797476/job7_m0p0142113326075_g4p76470111767em07_s91p2_IDEA/alp_histograms_summary.json,/data/alice/ipardoza/Axions/results/alp_full_production/fccee_z_full_projection_fullbg_channelaware/cluster_4797476/job7_m0p0142113326075_g4p76470111767em07_s91p2_IDEA/delphes.root,results/alp_full_production/fccee_z_full_projection_fullbg_channelaware/cluster_4797476/job7_m0p0142113326075_g4p76470111767em07_s91p2_IDEA/full_point_summary.csv
4797476,100,0.0142113326075,0.0194075741257,91.2,10000,fccee_z_full_projection_fullbg_channelaware,IDEA,invisible_upper,89.16900000010878,89.18657725550244,True,True,invisible,0.2684907400679193,0.2542794074604192,46.05074570565143,0.4507468128990979,/data/alice/ipardoza/Axions/results/alp_full_production/fccee_z_full_projection_fullbg_channelaware/cluster_4797476/job100_m0p0142113326075_g0p0194075741257_s91p2_IDEA/validation_plots/validation_summary.json,/data/alice/ipardoza/Axions/results/alp_full_production/fccee_z_full_projection_fullbg_channelaware/cluster_4797476/job100_m0p0142113326075_g0p0194075741257_s91p2_IDEA/alp_histograms_summary.json,/data/alice/ipardoza/Axions/results/alp_full_production/fccee_z_full_projection_fullbg_channelaware/cluster_4797476/job100_m0p0142113326075_g0p0194075741257_s91p2_IDEA/delphes.root,results/alp_full_production/fccee_z_full_projection_fullbg_channelaware/cluster_4797476/job100_m0p0142113326075_g0p0194075741257_s91p2_IDEA/full_point_summary.csv
4797476,8,0.01494306811,4.76470116651e-07,91.2,10000,fccee_z_full_projection_fullbg_channelaware,IDEA,invisible_lower,5.374600000000589e-08,5.375617040509399e-08,True,True,invisible,,,45.593850255230976,0.0061485205624194,/data/alice/ipardoza/Axions/results/alp_full_production/fccee_z_full_projection_fullbg_channelaware/cluster_4797476/job8_m0p01494306811_g4p76470116651em07_s91p2_IDEA/validation_plots/validation_summary.json,/data/alice/ipardoza/Axions/results/alp_full_production/fccee_z_full_projection_fullbg_channelaware/cluster_4797476/job8_m0p01494306811_g4p76470116651em07_s91p2_IDEA/alp_histograms_summary.json,/data/alice/ipardoza/Axions/results/alp_full_production/fccee_z_full_projection_fullbg_channelaware/cluster_4797476/job8_m0p01494306811_g4p76470116651em07_s91p2_IDEA/delphes.root,results/alp_full_production/fccee_z_full_projection_fullbg_channelaware/cluster_4797476/job8_m0p01494306811_g4p76470116651em07_s91p2_IDEA/full_point_summary.csv
4797476,101,0.01494306811,0.0174660316584,91.2,10000,fccee_z_full_projection_fullbg_channelaware,IDEA,invisible_upper,72.22000000003172,72.23463334053719,True,True,invisible,0.2707211545292846,0.2557780864192846,46.04572866041054,0.445729884617144,/data/alice/ipardoza/Axions/results/alp_full_production/fccee_z_full_projection_fullbg_channelaware/cluster_4797476/job101_m0p01494306811_g0p0174660316584_s91p2_IDEA/validation_plots/validation_summary.json,/data/alice/ipardoza/Axions/results/alp_full_production/fccee_z_full_projection_fullbg_channelaware/cluster_4797476/job101_m0p01494306811_g0p0174660316584_s91p2_IDEA/alp_histograms_summary.json,/data/alice/ipardoza/Axions/results/alp_full_production/fccee_z_full_projection_fullbg_channelaware/cluster_4797476/job101_m0p01494306811_g0p0174660316584_s91p2_IDEA/delphes.root,results/alp_full_production/fccee_z_full_projection_fullbg_channelaware/cluster_4797476/job101_m0p01494306811_g0p0174660316584_s91p2_IDEA/full_point_summary.csv
4797476,9,0.0157124803639,4.76470122131e-07,91.2,10000,fccee_z_full_projection_fullbg_channelaware,IDEA,invisible_lower,5.374600000000589e-08,5.3756171184291546e-08,True,True,invisible,,,45.59189462976631,0.0081040167137445,/data/alice/ipardoza/Axions/results/alp_full_production/fccee_z_full_projection_fullbg_channelaware/cluster_4797476/job9_m0p0157124803639_g4p76470122131em07_s91p2_IDEA/validation_plots/validation_summary.json,/data/alice/ipardoza/Axions/results/alp_full_production/fccee_z_full_projection_fullbg_channelaware/cluster_4797476/job9_m0p0157124803639_g4p76470122131em07_s91p2_IDEA/alp_histograms_summary.json,/data/alice/ipardoza/Axions/results/alp_full_production/fccee_z_full_projection_fullbg_channelaware/cluster_4797476/job9_m0p0157124803639_g4p76470122131em07_s91p2_IDEA/delphes.root,results/alp_full_production/fccee_z_full_projection_fullbg_channelaware/cluster_4797476/job9_m0p0157124803639_g4p76470122131em07_s91p2_IDEA/full_point_summary.csv
4797476,102,0.0157124803639,0.0157178914316,91.2,10000,fccee_z_full_projection_fullbg_channelaware,IDEA,invisible_upper,58.48700000007596,58.4986107281504,True,True,invisible,0.2884126418274297,0.2727001614635297,46.032856990880674,0.4328583444006213,/data/alice/ipardoza/Axions/results/alp_full_production/fccee_z_full_projection_fullbg_channelaware/cluster_4797476/job102_m0p0157124803639_g0p0157178914316_s91p2_IDEA/validation_plots/validation_summary.json,/data/alice/ipardoza/Axions/results/alp_full_production/fccee_z_full_projection_fullbg_channelaware/cluster_4797476/job102_m0p0157124803639_g0p0157178914316_s91p2_IDEA/alp_histograms_summary.json,/data/alice/ipardoza/Axions/results/alp_full_production/fccee_z_full_projection_fullbg_channelaware/cluster_4797476/job102_m0p0157124803639_g0p0157178914316_s91p2_IDEA/delphes.root,results/alp_full_production/fccee_z_full_projection_fullbg_channelaware/cluster_4797476/job102_m0p0157124803639_g0p0157178914316_s91p2_IDEA/full_point_summary.csv
4797476,10,0.0165215093291,4.76470128286e-07,91.2,10000,fccee_z_full_projection_fullbg_channelaware,IDEA,invisible_lower,5.374600000000589e-08,5.375617206749064e-08,True,True,invisible,,,45.59950857510362,0.0004899284036667,/data/alice/ipardoza/Axions/results/alp_full_production/fccee_z_full_projection_fullbg_channelaware/cluster_4797476/job10_m0p0165215093291_g4p76470128286em07_s91p2_IDEA/validation_plots/validation_summary.json,/data/alice/ipardoza/Axions/results/alp_full_production/fccee_z_full_projection_fullbg_channelaware/cluster_4797476/job10_m0p0165215093291_g4p76470128286em07_s91p2_IDEA/alp_histograms_summary.json,/data/alice/ipardoza/Axions/results/alp_full_production/fccee_z_full_projection_fullbg_channelaware/cluster_4797476/job10_m0p0165215093291_g4p76470128286em07_s91p2_IDEA/delphes.root,results/alp_full_production/fccee_z_full_projection_fullbg_channelaware/cluster_4797476/job10_m0p0165215093291_g4p76470128286em07_s91p2_IDEA/full_point_summary.csv
4797476,103,0.0165215093291,0.0141439553035,91.2,10000,fccee_z_full_projection_fullbg_channelaware,IDEA,invisible_upper,47.36000000007233,47.36949222674746,True,True,invisible,0.2752004017248913,0.2586788923957913,46.04017467097293,0.4401761674656441,/data/alice/ipardoza/Axions/results/alp_full_production/fccee_z_full_projection_fullbg_channelaware/cluster_4797476/job103_m0p0165215093291_g0p0141439553035_s91p2_IDEA/validation_plots/validation_summary.json,/data/alice/ipardoza/Axions/results/alp_full_production/fccee_z_full_projection_fullbg_channelaware/cluster_4797476/job103_m0p0165215093291_g0p0141439553035_s91p2_IDEA/alp_histograms_summary.json,/data/alice/ipardoza/Axions/results/alp_full_production/fccee_z_full_projection_fullbg_channelaware/cluster_4797476/job103_m0p0165215093291_g0p0141439553035_s91p2_IDEA/delphes.root,results/alp_full_production/fccee_z_full_projection_fullbg_channelaware/cluster_4797476/job103_m0p0165215093291_g0p0141439553035_s91p2_IDEA/full_point_summary.csv
4797476,11,0.0173721948535,4.7647013521e-07,91.2,10000,fccee_z_full_projection_fullbg_channelaware,IDEA,invisible_lower,5.374600000000589e-08,5.375617307079901e-08,True,True,invisible,,,45.58098939741452,0.0190089480177491,/data/alice/ipardoza/Axions/results/alp_full_production/fccee_z_full_projection_fullbg_channelaware/cluster_4797476/job11_m0p0173721948535_g4p7647013521em07_s91p2_IDEA/validation_plots/validation_summary.json,/data/alice/ipardoza/Axions/results/alp_full_production/fccee_z_full_projection_fullbg_channelaware/cluster_4797476/job11_m0p0173721948535_g4p7647013521em07_s91p2_IDEA/alp_histograms_summary.json,/data/alice/ipardoza/Axions/results/alp_full_production/fccee_z_full_projection_fullbg_channelaware/cluster_4797476/job11_m0p0173721948535_g4p7647013521em07_s91p2_IDEA/delphes.root,results/alp_full_production/fccee_z_full_projection_fullbg_channelaware/cluster_4797476/job11_m0p0173721948535_g4p7647013521em07_s91p2_IDEA/full_point_summary.csv
4797476,104,0.0173721948535,0.0127269252879,91.2,10000,fccee_z_full_projection_fullbg_channelaware,IDEA,invisible_upper,38.34600000011449,38.35340827957961,True,True,invisible,0.2743952009349424,0.2570230060814424,46.024808242568845,0.4248098971365763,/data/alice/ipardoza/Axions/results/alp_full_production/fccee_z_full_projection_fullbg_channelaware/cluster_4797476/job104_m0p0173721948535_g0p0127269252879_s91p2_IDEA/validation_plots/validation_summary.json,/data/alice/ipardoza/Axions/results/alp_full_production/fccee_z_full_projection_fullbg_channelaware/cluster_4797476/job104_m0p0173721948535_g0p0127269252879_s91p2_IDEA/alp_histograms_summary.json,/data/alice/ipardoza/Axions/results/alp_full_production/fccee_z_full_projection_fullbg_channelaware/cluster_4797476/job104_m0p0173721948535_g0p0127269252879_s91p2_IDEA/delphes.root,results/alp_full_production/fccee_z_full_projection_fullbg_channelaware/cluster_4797476/job104_m0p0173721948535_g0p0127269252879_s91p2_IDEA/full_point_summary.csv
4797476,12,0.0182666818155,4.76470143011e-07,91.2,10000,fccee_z_full_projection_fullbg_channelaware,IDEA,invisible_lower,5.374600000000589e-08,5.375617421294437e-08,True,True,invisible,,,45.57805918163616,0.0219389890235746,/data/alice/ipardoza/Axions/results/alp_full_production/fccee_z_full_projection_fullbg_channelaware/cluster_4797476/job12_m0p0182666818155_g4p76470143011em07_s91p2_IDEA/validation_plots/validation_summary.json,/data/alice/ipardoza/Axions/results/alp_full_production/fccee_z_full_projection_fullbg_channelaware/cluster_4797476/job12_m0p0182666818155_g4p76470143011em07_s91p2_IDEA/alp_histograms_summary.json,/data/alice/ipardoza/Axions/results/alp_full_production/fccee_z_full_projection_fullbg_channelaware/cluster_4797476/job12_m0p0182666818155_g4p76470143011em07_s91p2_IDEA/delphes.root,results/alp_full_production/fccee_z_full_projection_fullbg_channelaware/cluster_4797476/job12_m0p0182666818155_g4p76470143011em07_s91p2_IDEA/full_point_summary.csv
4797476,105,0.0182666818155,0.0114512159502,91.2,10000,fccee_z_full_projection_fullbg_channelaware,IDEA,invisible_upper,31.04400000009336,31.04989807848324,True,True,invisible,0.2753642334018321,0.2570975515863321,46.02002833698374,0.4200301663240111,/data/alice/ipardoza/Axions/results/alp_full_production/fccee_z_full_projection_fullbg_channelaware/cluster_4797476/job105_m0p0182666818155_g0p0114512159502_s91p2_IDEA/validation_plots/validation_summary.json,/data/alice/ipardoza/Axions/results/alp_full_production/fccee_z_full_projection_fullbg_channelaware/cluster_4797476/job105_m0p0182666818155_g0p0114512159502_s91p2_IDEA/alp_histograms_summary.json,/data/alice/ipardoza/Axions/results/alp_full_production/fccee_z_full_projection_fullbg_channelaware/cluster_4797476/job105_m0p0182666818155_g0p0114512159502_s91p2_IDEA/delphes.root,results/alp_full_production/fccee_z_full_projection_fullbg_channelaware/cluster_4797476/job105_m0p0182666818155_g0p0114512159502_s91p2_IDEA/full_point_summary.csv
4797476,13,0.0192072255327,4.76470151812e-07,91.2,10000,fccee_z_full_projection_fullbg_channelaware,IDEA,invisible_lower,5.374600000000589e-08,5.375617551544313e-08,True,True,invisible,,,45.60908146906365,0.0090834916377318,/data/alice/ipardoza/Axions/results/alp_full_production/fccee_z_full_projection_fullbg_channelaware/cluster_4797476/job13_m0p0192072255327_g4p76470151812em07_s91p2_IDEA/validation_plots/validation_summary.json,/data/alice/ipardoza/Axions/results/alp_full_production/fccee_z_full_projection_fullbg_channelaware/cluster_4797476/job13_m0p0192072255327_g4p76470151812em07_s91p2_IDEA/alp_histograms_summary.json,/data/alice/ipardoza/Axions/results/alp_full_production/fccee_z_full_projection_fullbg_channelaware/cluster_4797476/job13_m0p0192072255327_g4p76470151812em07_s91p2_IDEA/delphes.root,results/alp_full_production/fccee_z_full_projection_fullbg_channelaware/cluster_4797476/job13_m0p0192072255327_g4p76470151812em07_s91p2_IDEA/full_point_summary.csv
4797476,106,0.0192072255327,0.0103027852871,91.2,10000,fccee_z_full_projection_fullbg_channelaware,IDEA,invisible_upper,25.129000000083547,25.134269186739377,True,True,invisible,0.2837730866850041,0.2645658611523042,46.02398139082846,0.4239834134025386,/data/alice/ipardoza/Axions/results/alp_full_production/fccee_z_full_projection_fullbg_channelaware/cluster_4797476/job106_m0p0192072255327_g0p0103027852871_s91p2_IDEA/validation_plots/validation_summary.json,/data/alice/ipardoza/Axions/results/alp_full_production/fccee_z_full_projection_fullbg_channelaware/cluster_4797476/job106_m0p0192072255327_g0p0103027852871_s91p2_IDEA/alp_histograms_summary.json,/data/alice/ipardoza/Axions/results/alp_full_production/fccee_z_full_projection_fullbg_channelaware/cluster_4797476/job106_m0p0192072255327_g0p0103027852871_s91p2_IDEA/delphes.root,results/alp_full_production/fccee_z_full_projection_fullbg_channelaware/cluster_4797476/job106_m0p0192072255327_g0p0103027852871_s91p2_IDEA/full_point_summary.csv
4797476,14,0.020196197448,4.7647016176e-07,91.2,10000,fccee_z_full_projection_fullbg_channelaware,IDEA,invisible_lower,5.3746000000073656e-08,5.3756177004568295e-08,True,True,invisible,,,45.584454728531774,0.0155430352489744,/data/alice/ipardoza/Axions/results/alp_full_production/fccee_z_full_projection_fullbg_channelaware/cluster_4797476/job14_m0p020196197448_g4p7647016176em07_s91p2_IDEA/validation_plots/validation_summary.json,/data/alice/ipardoza/Axions/results/alp_full_production/fccee_z_full_projection_fullbg_channelaware/cluster_4797476/job14_m0p020196197448_g4p7647016176em07_s91p2_IDEA/alp_histograms_summary.json,/data/alice/ipardoza/Axions/results/alp_full_production/fccee_z_full_projection_fullbg_channelaware/cluster_4797476/job14_m0p020196197448_g4p7647016176em07_s91p2_IDEA/delphes.root,results/alp_full_production/fccee_z_full_projection_fullbg_channelaware/cluster_4797476/job14_m0p020196197448_g4p7647016176em07_s91p2_IDEA/full_point_summary.csv
4797476,107,0.020196197448,0.0092689822714,91.2,10000,fccee_z_full_projection_fullbg_channelaware,IDEA,invisible_upper,20.33900000032853,20.34328393733293,True,True,invisible,0.2796360360202407,0.2594398385722407,46.02412380462161,0.4241260408408607,/data/alice/ipardoza/Axions/results/alp_full_production/fccee_z_full_projection_fullbg_channelaware/cluster_4797476/job107_m0p020196197448_g0p0092689822714_s91p2_IDEA/validation_plots/validation_summary.json,/data/alice/ipardoza/Axions/results/alp_full_production/fccee_z_full_projection_fullbg_channelaware/cluster_4797476/job107_m0p020196197448_g0p0092689822714_s91p2_IDEA/alp_histograms_summary.json,/data/alice/ipardoza/Axions/results/alp_full_production/fccee_z_full_projection_fullbg_channelaware/cluster_4797476/job107_m0p020196197448_g0p0092689822714_s91p2_IDEA/delphes.root,results/alp_full_production/fccee_z_full_projection_fullbg_channelaware/cluster_4797476/job107_m0p020196197448_g0p0092689822714_s91p2_IDEA/full_point_summary.csv
4797476,15,0.0212360911087,4.76470173024e-07,91.2,10000,fccee_z_full_projection_fullbg_channelaware,IDEA,invisible_lower,5.3746000000073656e-08,5.3756178710828487e-08,True,True,invisible,,,45.59100465604843,0.0089928715197373,/data/alice/ipardoza/Axions/results/alp_full_production/fccee_z_full_projection_fullbg_channelaware/cluster_4797476/job15_m0p0212360911087_g4p76470173024em07_s91p2_IDEA/validation_plots/validation_summary.json,/data/alice/ipardoza/Axions/results/alp_full_production/fccee_z_full_projection_fullbg_channelaware/cluster_4797476/job15_m0p0212360911087_g4p76470173024em07_s91p2_IDEA/alp_histograms_summary.json,/data/alice/ipardoza/Axions/results/alp_full_production/fccee_z_full_projection_fullbg_channelaware/cluster_4797476/job15_m0p0212360911087_g4p76470173024em07_s91p2_IDEA/delphes.root,results/alp_full_production/fccee_z_full_projection_fullbg_channelaware/cluster_4797476/job15_m0p0212360911087_g4p76470173024em07_s91p2_IDEA/full_point_summary.csv
4797476,108,0.0212360911087,0.00833840942085,91.2,10000,fccee_z_full_projection_fullbg_channelaware,IDEA,invisible_upper,16.46000000014119,16.463546015088387,True,True,invisible,0.2766218695484665,0.2553857784397665,46.02346125444417,0.4234637268760011,/data/alice/ipardoza/Axions/results/alp_full_production/fccee_z_full_projection_fullbg_channelaware/cluster_4797476/job108_m0p0212360911087_g0p00833840942085_s91p2_IDEA/validation_plots/validation_summary.json,/data/alice/ipardoza/Axions/results/alp_full_production/fccee_z_full_projection_fullbg_channelaware/cluster_4797476/job108_m0p0212360911087_g0p00833840942085_s91p2_IDEA/alp_histograms_summary.json,/data/alice/ipardoza/Axions/results/alp_full_production/fccee_z_full_projection_fullbg_channelaware/cluster_4797476/job108_m0p0212360911087_g0p00833840942085_s91p2_IDEA/delphes.root,results/alp_full_production/fccee_z_full_projection_fullbg_channelaware/cluster_4797476/job108_m0p0212360911087_g0p00833840942085_s91p2_IDEA/full_point_summary.csv
4797476,16,0.0223295284539,4.76470185801e-07,91.2,10000,fccee_z_full_projection_fullbg_channelaware,IDEA,invisible_lower,5.3746000000073656e-08,5.375618067024492e-08,True,True,invisible,,,45.599908597835565,8.866856882150387e-05,/data/alice/ipardoza/Axions/results/alp_full_production/fccee_z_full_projection_fullbg_channelaware/cluster_4797476/job16_m0p0223295284539_g4p76470185801em07_s91p2_IDEA/validation_plots/validation_summary.json,/data/alice/ipardoza/Axions/results/alp_full_production/fccee_z_full_projection_fullbg_channelaware/cluster_4797476/job16_m0p0223295284539_g4p76470185801em07_s91p2_IDEA/alp_histograms_summary.json,/data/alice/ipardoza/Axions/results/alp_full_production/fccee_z_full_projection_fullbg_channelaware/cluster_4797476/job16_m0p0223295284539_g4p76470185801em07_s91p2_IDEA/delphes.root,results/alp_full_production/fccee_z_full_projection_fullbg_channelaware/cluster_4797476/job16_m0p0223295284539_g4p76470185801em07_s91p2_IDEA/full_point_summary.csv
4797476,109,0.0223295284539,0.00750079891765,91.2,10000,fccee_z_full_projection_fullbg_channelaware,IDEA,invisible_upper,13.319000000003951,13.322078534347003,True,True,invisible,0.2744986841187334,0.2521691556648334,46.01894798628428,0.4189507198798949,/data/alice/ipardoza/Axions/results/alp_full_production/fccee_z_full_projection_fullbg_channelaware/cluster_4797476/job109_m0p0223295284539_g0p00750079891765_s91p2_IDEA/validation_plots/validation_summary.json,/data/alice/ipardoza/Axions/results/alp_full_production/fccee_z_full_projection_fullbg_channelaware/cluster_4797476/job109_m0p0223295284539_g0p00750079891765_s91p2_IDEA/alp_histograms_summary.json,/data/alice/ipardoza/Axions/results/alp_full_production/fccee_z_full_projection_fullbg_channelaware/cluster_4797476/job109_m0p0223295284539_g0p00750079891765_s91p2_IDEA/delphes.root,results/alp_full_production/fccee_z_full_projection_fullbg_channelaware/cluster_4797476/job109_m0p0223295284539_g0p00750079891765_s91p2_IDEA/full_point_summary.csv
4797476,17,0.0234792664253,4.76470200324e-07,91.2,10000,fccee_z_full_projection_fullbg_channelaware,IDEA,invisible_lower,5.3746000000073656e-08,5.375618292607145e-08,True,True,invisible,,,45.60424010663891,0.004243128985145,/data/alice/ipardoza/Axions/results/alp_full_production/fccee_z_full_projection_fullbg_channelaware/cluster_4797476/job17_m0p0234792664253_g4p76470200324em07_s91p2_IDEA/validation_plots/validation_summary.json,/data/alice/ipardoza/Axions/results/alp_full_production/fccee_z_full_projection_fullbg_channelaware/cluster_4797476/job17_m0p0234792664253_g4p76470200324em07_s91p2_IDEA/alp_histograms_summary.json,/data/alice/ipardoza/Axions/results/alp_full_production/fccee_z_full_projection_fullbg_channelaware/cluster_4797476/job17_m0p0234792664253_g4p76470200324em07_s91p2_IDEA/delphes.root,results/alp_full_production/fccee_z_full_projection_fullbg_channelaware/cluster_4797476/job17_m0p0234792664253_g4p76470200324em07_s91p2_IDEA/full_point_summary.csv
4797476,110,0.0234792664253,0.00674690094089,91.2,10000,fccee_z_full_projection_fullbg_channelaware,IDEA,invisible_upper,10.777000000003502,10.778680601363424,True,True,invisible,0.2797161435794602,0.2562368771541602,46.00632037240396,0.4063233947501956,/data/alice/ipardoza/Axions/results/alp_full_production/fccee_z_full_projection_fullbg_channelaware/cluster_4797476/job110_m0p0234792664253_g0p00674690094089_s91p2_IDEA/validation_plots/validation_summary.json,/data/alice/ipardoza/Axions/results/alp_full_production/fccee_z_full_projection_fullbg_channelaware/cluster_4797476/job110_m0p0234792664253_g0p00674690094089_s91p2_IDEA/alp_histograms_summary.json,/data/alice/ipardoza/Axions/results/alp_full_production/fccee_z_full_projection_fullbg_channelaware/cluster_4797476/job110_m0p0234792664253_g0p00674690094089_s91p2_IDEA/delphes.root,results/alp_full_production/fccee_z_full_projection_fullbg_channelaware/cluster_4797476/job110_m0p0234792664253_g0p00674690094089_s91p2_IDEA/full_point_summary.csv
4797476,18,0.0246882039184,4.76470216864e-07,91.2,10000,fccee_z_full_projection_fullbg_channelaware,IDEA,invisible_lower,5.3746000000073656e-08,5.37561855291518e-08,True,True,invisible,,,45.60019230721369,0.0001956488113492,/data/alice/ipardoza/Axions/results/alp_full_production/fccee_z_full_projection_fullbg_channelaware/cluster_4797476/job18_m0p0246882039184_g4p76470216864em07_s91p2_IDEA/validation_plots/validation_summary.json,/data/alice/ipardoza/Axions/results/alp_full_production/fccee_z_full_projection_fullbg_channelaware/cluster_4797476/job18_m0p0246882039184_g4p76470216864em07_s91p2_IDEA/alp_histograms_summary.json,/data/alice/ipardoza/Axions/results/alp_full_production/fccee_z_full_projection_fullbg_channelaware/cluster_4797476/job18_m0p0246882039184_g4p76470216864em07_s91p2_IDEA/delphes.root,results/alp_full_production/fccee_z_full_projection_fullbg_channelaware/cluster_4797476/job18_m0p0246882039184_g4p76470216864em07_s91p2_IDEA/full_point_summary.csv
4797476,111,0.0246882039184,0.0060683830125,91.2,10000,fccee_z_full_projection_fullbg_channelaware,IDEA,invisible_upper,8.718000000010989,8.719727118803155,True,True,invisible,0.2838272936474919,0.2591390897290919,46.00556149263255,0.4055648342302049,/data/alice/ipardoza/Axions/results/alp_full_production/fccee_z_full_projection_fullbg_channelaware/cluster_4797476/job111_m0p0246882039184_g0p0060683830125_s91p2_IDEA/validation_plots/validation_summary.json,/data/alice/ipardoza/Axions/results/alp_full_production/fccee_z_full_projection_fullbg_channelaware/cluster_4797476/job111_m0p0246882039184_g0p0060683830125_s91p2_IDEA/alp_histograms_summary.json,/data/alice/ipardoza/Axions/results/alp_full_production/fccee_z_full_projection_fullbg_channelaware/cluster_4797476/job111_m0p0246882039184_g0p0060683830125_s91p2_IDEA/delphes.root,results/alp_full_production/fccee_z_full_projection_fullbg_channelaware/cluster_4797476/job111_m0p0246882039184_g0p0060683830125_s91p2_IDEA/full_point_summary.csv
4797476,19,0.0259593890915,4.76470235742e-07,91.2,10000,fccee_z_full_projection_fullbg_channelaware,IDEA,invisible_lower,5.3746000000073656e-08,5.375618854052333e-08,True,True,invisible,,,45.600977953445685,0.000981648017408,/data/alice/ipardoza/Axions/results/alp_full_production/fccee_z_full_projection_fullbg_channelaware/cluster_4797476/job19_m0p0259593890915_g4p76470235742em07_s91p2_IDEA/validation_plots/validation_summary.json,/data/alice/ipardoza/Axions/results/alp_full_production/fccee_z_full_projection_fullbg_channelaware/cluster_4797476/job19_m0p0259593890915_g4p76470235742em07_s91p2_IDEA/alp_histograms_summary.json,/data/alice/ipardoza/Axions/results/alp_full_production/fccee_z_full_projection_fullbg_channelaware/cluster_4797476/job19_m0p0259593890915_g4p76470235742em07_s91p2_IDEA/delphes.root,results/alp_full_production/fccee_z_full_projection_fullbg_channelaware/cluster_4797476/job19_m0p0259593890915_g4p76470235742em07_s91p2_IDEA/full_point_summary.csv
4797476,112,0.0259593890915,0.00545773927242,91.2,10000,fccee_z_full_projection_fullbg_channelaware,IDEA,invisible_upper,7.051800000005722,7.053139692066882,True,True,invisible,0.2907269807785133,0.2647675916870133,46.01771582262123,0.4177195171929497,/data/alice/ipardoza/Axions/results/alp_full_production/fccee_z_full_projection_fullbg_channelaware/cluster_4797476/job112_m0p0259593890915_g0p00545773927242_s91p2_IDEA/validation_plots/validation_summary.json,/data/alice/ipardoza/Axions/results/alp_full_production/fccee_z_full_projection_fullbg_channelaware/cluster_4797476/job112_m0p0259593890915_g0p00545773927242_s91p2_IDEA/alp_histograms_summary.json,/data/alice/ipardoza/Axions/results/alp_full_production/fccee_z_full_projection_fullbg_channelaware/cluster_4797476/job112_m0p0259593890915_g0p00545773927242_s91p2_IDEA/delphes.root,results/alp_full_production/fccee_z_full_projection_fullbg_channelaware/cluster_4797476/job112_m0p0259593890915_g0p00545773927242_s91p2_IDEA/full_point_summary.csv
4797476,20,0.0272960270512,4.76470257338e-07,91.2,10000,fccee_z_full_projection_fullbg_channelaware,IDEA,invisible_lower,5.3746000000101145e-08,5.3756192033332676e-08,True,True,invisible,,,45.60081315186381,0.0008172366943597,/data/alice/ipardoza/Axions/results/alp_full_production/fccee_z_full_projection_fullbg_channelaware/cluster_4797476/job20_m0p0272960270512_g4p76470257338em07_s91p2_IDEA/validation_plots/validation_summary.json,/data/alice/ipardoza/Axions/results/alp_full_production/fccee_z_full_projection_fullbg_channelaware/cluster_4797476/job20_m0p0272960270512_g4p76470257338em07_s91p2_IDEA/alp_histograms_summary.json,/data/alice/ipardoza/Axions/results/alp_full_production/fccee_z_full_projection_fullbg_channelaware/cluster_4797476/job20_m0p0272960270512_g4p76470257338em07_s91p2_IDEA/delphes.root,results/alp_full_production/fccee_z_full_projection_fullbg_channelaware/cluster_4797476/job20_m0p0272960270512_g4p76470257338em07_s91p2_IDEA/full_point_summary.csv
4797476,113,0.0272960270512,0.00490820870383,91.2,10000,fccee_z_full_projection_fullbg_channelaware,IDEA,invisible_upper,5.7032000000000656,5.704307744127178,True,True,invisible,0.2843901724534474,0.2570941454022474,46.00063761554129,0.4006417003718425,/data/alice/ipardoza/Axions/results/alp_full_production/fccee_z_full_projection_fullbg_channelaware/cluster_4797476/job113_m0p0272960270512_g0p00490820870383_s91p2_IDEA/validation_plots/validation_summary.json,/data/alice/ipardoza/Axions/results/alp_full_production/fccee_z_full_projection_fullbg_channelaware/cluster_4797476/job113_m0p0272960270512_g0p00490820870383_s91p2_IDEA/alp_histograms_summary.json,/data/alice/ipardoza/Axions/results/alp_full_production/fccee_z_full_projection_fullbg_channelaware/cluster_4797476/job113_m0p0272960270512_g0p00490820870383_s91p2_IDEA/delphes.root,results/alp_full_production/fccee_z_full_projection_fullbg_channelaware/cluster_4797476/job113_m0p0272960270512_g0p00490820870383_s91p2_IDEA/full_point_summary.csv
4797476,21,0.0287014879339,4.76470282099e-07,91.2,10000,fccee_z_full_projection_fullbg_channelaware,IDEA,invisible_lower,5.3746000000101145e-08,5.3756196094513926e-08,True,True,invisible,,,45.60251002701347,0.0025145433260291,/data/alice/ipardoza/Axions/results/alp_full_production/fccee_z_full_projection_fullbg_channelaware/cluster_4797476/job21_m0p0287014879339_g4p76470282099em07_s91p2_IDEA/validation_plots/validation_summary.json,/data/alice/ipardoza/Axions/results/alp_full_production/fccee_z_full_projection_fullbg_channelaware/cluster_4797476/job21_m0p0287014879339_g4p76470282099em07_s91p2_IDEA/alp_histograms_summary.json,/data/alice/ipardoza/Axions/results/alp_full_production/fccee_z_full_projection_fullbg_channelaware/cluster_4797476/job21_m0p0287014879339_g4p76470282099em07_s91p2_IDEA/delphes.root,results/alp_full_production/fccee_z_full_projection_fullbg_channelaware/cluster_4797476/job21_m0p0287014879339_g4p76470282099em07_s91p2_IDEA/full_point_summary.csv
4797476,114,0.0287014879339,0.00441370143189,91.2,10000,fccee_z_full_projection_fullbg_channelaware,IDEA,invisible_upper,4.611900000010188,4.612780571801547,True,True,invisible,0.2827765248131947,0.2540750368792947,45.996051895713286,0.3960564120258425,/data/alice/ipardoza/Axions/results/alp_full_production/fccee_z_full_projection_fullbg_channelaware/cluster_4797476/job114_m0p0287014879339_g0p00441370143189_s91p2_IDEA/validation_plots/validation_summary.json,/data/alice/ipardoza/Axions/results/alp_full_production/fccee_z_full_projection_fullbg_channelaware/cluster_4797476/job114_m0p0287014879339_g0p00441370143189_s91p2_IDEA/alp_histograms_summary.json,/data/alice/ipardoza/Axions/results/alp_full_production/fccee_z_full_projection_fullbg_channelaware/cluster_4797476/job114_m0p0287014879339_g0p00441370143189_s91p2_IDEA/delphes.root,results/alp_full_production/fccee_z_full_projection_fullbg_channelaware/cluster_4797476/job114_m0p0287014879339_g0p00441370143189_s91p2_IDEA/full_point_summary.csv
4797476,22,0.0301793154027,4.76470310555e-07,91.2,10000,fccee_z_full_projection_fullbg_channelaware,IDEA,invisible_lower,5.3746000000101145e-08,5.37562008282584e-08,True,True,invisible,,,45.59239941013877,0.0075955964890965,/data/alice/ipardoza/Axions/results/alp_full_production/fccee_z_full_projection_fullbg_channelaware/cluster_4797476/job22_m0p0301793154027_g4p76470310555em07_s91p2_IDEA/validation_plots/validation_summary.json,/data/alice/ipardoza/Axions/results/alp_full_production/fccee_z_full_projection_fullbg_channelaware/cluster_4797476/job22_m0p0301793154027_g4p76470310555em07_s91p2_IDEA/alp_histograms_summary.json,/data/alice/ipardoza/Axions/results/alp_full_production/fccee_z_full_projection_fullbg_channelaware/cluster_4797476/job22_m0p0301793154027_g4p76470310555em07_s91p2_IDEA/delphes.root,results/alp_full_production/fccee_z_full_projection_fullbg_channelaware/cluster_4797476/job22_m0p0301793154027_g4p76470310555em07_s91p2_IDEA/full_point_summary.csv
4797476,115,0.0301793154027,0.00396873229272,91.2,10000,fccee_z_full_projection_fullbg_channelaware,IDEA,invisible_upper,3.728900000000164,3.729584822762019,True,True,invisible,0.2848670301332582,0.2546877147305582,46.00957326190759,0.409578255279726,/data/alice/ipardoza/Axions/results/alp_full_production/fccee_z_full_projection_fullbg_channelaware/cluster_4797476/job115_m0p0301793154027_g0p00396873229272_s91p2_IDEA/validation_plots/validation_summary.json,/data/alice/ipardoza/Axions/results/alp_full_production/fccee_z_full_projection_fullbg_channelaware/cluster_4797476/job115_m0p0301793154027_g0p00396873229272_s91p2_IDEA/alp_histograms_summary.json,/data/alice/ipardoza/Axions/results/alp_full_production/fccee_z_full_projection_fullbg_channelaware/cluster_4797476/job115_m0p0301793154027_g0p00396873229272_s91p2_IDEA/delphes.root,results/alp_full_production/fccee_z_full_projection_fullbg_channelaware/cluster_4797476/job115_m0p0301793154027_g0p00396873229272_s91p2_IDEA/full_point_summary.csv
4797476,23,0.0317332355826,4.76470343337e-07,91.2,10000,fccee_z_full_projection_fullbg_channelaware,IDEA,invisible_lower,5.37460000000009e-08,5.375620635992055e-08,True,True,invisible,,,45.592169588474185,0.0078248907021318,/data/alice/ipardoza/Axions/results/alp_full_production/fccee_z_full_projection_fullbg_channelaware/cluster_4797476/job23_m0p0317332355826_g4p76470343337em07_s91p2_IDEA/validation_plots/validation_summary.json,/data/alice/ipardoza/Axions/results/alp_full_production/fccee_z_full_projection_fullbg_channelaware/cluster_4797476/job23_m0p0317332355826_g4p76470343337em07_s91p2_IDEA/alp_histograms_summary.json,/data/alice/ipardoza/Axions/results/alp_full_production/fccee_z_full_projection_fullbg_channelaware/cluster_4797476/job23_m0p0317332355826_g4p76470343337em07_s91p2_IDEA/delphes.root,results/alp_full_production/fccee_z_full_projection_fullbg_channelaware/cluster_4797476/job23_m0p0317332355826_g4p76470343337em07_s91p2_IDEA/full_point_summary.csv
4797476,116,0.0317332355826,0.00356836096596,91.2,10000,fccee_z_full_projection_fullbg_channelaware,IDEA,invisible_upper,3.014500000010369,3.0150493422256885,True,True,invisible,0.2801086317639438,0.2483753961813438,45.98562807906657,0.3856335998902551,/data/alice/ipardoza/Axions/results/alp_full_production/fccee_z_full_projection_fullbg_channelaware/cluster_4797476/job116_m0p0317332355826_g0p00356836096596_s91p2_IDEA/validation_plots/validation_summary.json,/data/alice/ipardoza/Axions/results/alp_full_production/fccee_z_full_projection_fullbg_channelaware/cluster_4797476/job116_m0p0317332355826_g0p00356836096596_s91p2_IDEA/alp_histograms_summary.json,/data/alice/ipardoza/Axions/results/alp_full_production/fccee_z_full_projection_fullbg_channelaware/cluster_4797476/job116_m0p0317332355826_g0p00356836096596_s91p2_IDEA/delphes.root,results/alp_full_production/fccee_z_full_projection_fullbg_channelaware/cluster_4797476/job116_m0p0317332355826_g0p00356836096596_s91p2_IDEA/full_point_summary.csv
4797476,24,0.033367166455,4.76470381196e-07,91.2,10000,fccee_z_full_projection_fullbg_channelaware,IDEA,invisible_lower,5.37460000000009e-08,5.375621284013372e-08,True,True,invisible,,,45.60046789713049,0.0004740011206152,/data/alice/ipardoza/Axions/results/alp_full_production/fccee_z_full_projection_fullbg_channelaware/cluster_4797476/job24_m0p033367166455_g4p76470381196em07_s91p2_IDEA/validation_plots/validation_summary.json,/data/alice/ipardoza/Axions/results/alp_full_production/fccee_z_full_projection_fullbg_channelaware/cluster_4797476/job24_m0p033367166455_g4p76470381196em07_s91p2_IDEA/alp_histograms_summary.json,/data/alice/ipardoza/Axions/results/alp_full_production/fccee_z_full_projection_fullbg_channelaware/cluster_4797476/job24_m0p033367166455_g4p76470381196em07_s91p2_IDEA/delphes.root,results/alp_full_production/fccee_z_full_projection_fullbg_channelaware/cluster_4797476/job24_m0p033367166455_g4p76470381196em07_s91p2_IDEA/full_point_summary.csv
4797476,117,0.033367166455,0.00320813801552,91.2,10000,fccee_z_full_projection_fullbg_channelaware,IDEA,invisible_upper,2.436600000003504,2.4370415535976413,True,True,invisible,0.2836824306198883,0.2503152641648883,45.98354185674577,0.3835479607358891,/data/alice/ipardoza/Axions/results/alp_full_production/fccee_z_full_projection_fullbg_channelaware/cluster_4797476/job117_m0p033367166455_g0p00320813801552_s91p2_IDEA/validation_plots/validation_summary.json,/data/alice/ipardoza/Axions/results/alp_full_production/fccee_z_full_projection_fullbg_channelaware/cluster_4797476/job117_m0p033367166455_g0p00320813801552_s91p2_IDEA/alp_histograms_summary.json,/data/alice/ipardoza/Axions/results/alp_full_production/fccee_z_full_projection_fullbg_channelaware/cluster_4797476/job117_m0p033367166455_g0p00320813801552_s91p2_IDEA/delphes.root,results/alp_full_production/fccee_z_full_projection_fullbg_channelaware/cluster_4797476/job117_m0p033367166455_g0p00320813801552_s91p2_IDEA/full_point_summary.csv
4797476,25,0.0350852277366,4.76470425027e-07,91.2,10000,fccee_z_full_projection_fullbg_channelaware,IDEA,invisible_lower,5.3746000000143146e-08,5.3756220450035393e-08,True,True,invisible,,,45.59569058140293,0.0043026698404702,/data/alice/ipardoza/Axions/results/alp_full_production/fccee_z_full_projection_fullbg_channelaware/cluster_4797476/job25_m0p0350852277366_g4p76470425027em07_s91p2_IDEA/validation_plots/validation_summary.json,/data/alice/ipardoza/Axions/results/alp_full_production/fccee_z_full_projection_fullbg_channelaware/cluster_4797476/job25_m0p0350852277366_g4p76470425027em07_s91p2_IDEA/alp_histograms_summary.json,/data/alice/ipardoza/Axions/results/alp_full_production/fccee_z_full_projection_fullbg_channelaware/cluster_4797476/job25_m0p0350852277366_g4p76470425027em07_s91p2_IDEA/delphes.root,results/alp_full_production/fccee_z_full_projection_fullbg_channelaware/cluster_4797476/job25_m0p0350852277366_g4p76470425027em07_s91p2_IDEA/full_point_summary.csv
4797476,118,0.0350852277366,0.00288405626543,91.2,10000,fccee_z_full_projection_fullbg_channelaware,IDEA,invisible_upper,1.9691000000066348,1.969537646403532,True,True,invisible,0.283411097334506,0.248325869597906,45.9933252212612,0.3933319700178046,/data/alice/ipardoza/Axions/results/alp_full_production/fccee_z_full_projection_fullbg_channelaware/cluster_4797476/job118_m0p0350852277366_g0p00288405626543_s91p2_IDEA/validation_plots/validation_summary.json,/data/alice/ipardoza/Axions/results/alp_full_production/fccee_z_full_projection_fullbg_channelaware/cluster_4797476/job118_m0p0350852277366_g0p00288405626543_s91p2_IDEA/alp_histograms_summary.json,/data/alice/ipardoza/Axions/results/alp_full_production/fccee_z_full_projection_fullbg_channelaware/cluster_4797476/job118_m0p0350852277366_g0p00288405626543_s91p2_IDEA/delphes.root,results/alp_full_production/fccee_z_full_projection_fullbg_channelaware/cluster_4797476/job118_m0p0350852277366_g0p00288405626543_s91p2_IDEA/full_point_summary.csv
4797476,26,0.0368917512666,4.76470475901e-07,91.2,10000,fccee_z_full_projection_fullbg_channelaware,IDEA,invisible_lower,5.374600000004455e-08,5.3756229408277774e-08,True,True,invisible,,,45.5961418699364,0.003850668433607,/data/alice/ipardoza/Axions/results/alp_full_production/fccee_z_full_projection_fullbg_channelaware/cluster_4797476/job26_m0p0368917512666_g4p76470475901em07_s91p2_IDEA/validation_plots/validation_summary.json,/data/alice/ipardoza/Axions/results/alp_full_production/fccee_z_full_projection_fullbg_channelaware/cluster_4797476/job26_m0p0368917512666_g4p76470475901em07_s91p2_IDEA/alp_histograms_summary.json,/data/alice/ipardoza/Axions/results/alp_full_production/fccee_z_full_projection_fullbg_channelaware/cluster_4797476/job26_m0p0368917512666_g4p76470475901em07_s91p2_IDEA/delphes.root,results/alp_full_production/fccee_z_full_projection_fullbg_channelaware/cluster_4797476/job26_m0p0368917512666_g4p76470475901em07_s91p2_IDEA/full_point_summary.csv
4797476,119,0.0368917512666,0.00259250697507,91.2,10000,fccee_z_full_projection_fullbg_channelaware,IDEA,invisible_upper,1.5912000000015536,1.591463473929469,True,True,invisible,0.281281539546525,0.244389788279925,45.96864224104672,0.3686497026767128,/data/alice/ipardoza/Axions/results/alp_full_production/fccee_z_full_projection_fullbg_channelaware/cluster_4797476/job119_m0p0368917512666_g0p00259250697507_s91p2_IDEA/validation_plots/validation_summary.json,/data/alice/ipardoza/Axions/results/alp_full_production/fccee_z_full_projection_fullbg_channelaware/cluster_4797476/job119_m0p0368917512666_g0p00259250697507_s91p2_IDEA/alp_histograms_summary.json,/data/alice/ipardoza/Axions/results/alp_full_production/fccee_z_full_projection_fullbg_channelaware/cluster_4797476/job119_m0p0368917512666_g0p00259250697507_s91p2_IDEA/delphes.root,results/alp_full_production/fccee_z_full_projection_fullbg_channelaware/cluster_4797476/job119_m0p0368917512666_g0p00259250697507_s91p2_IDEA/full_point_summary.csv
4797476,27,0.0387912919287,4.76470535096e-07,91.2,10000,fccee_z_full_projection_fullbg_channelaware,IDEA,invisible_lower,5.374600000004455e-08,5.375623997779056e-08,True,True,invisible,,,45.59814988313816,0.0018418670574007,/data/alice/ipardoza/Axions/results/alp_full_production/fccee_z_full_projection_fullbg_channelaware/cluster_4797476/job27_m0p0387912919287_g4p76470535096em07_s91p2_IDEA/validation_plots/validation_summary.json,/data/alice/ipardoza/Axions/results/alp_full_production/fccee_z_full_projection_fullbg_channelaware/cluster_4797476/job27_m0p0387912919287_g4p76470535096em07_s91p2_IDEA/alp_histograms_summary.json,/data/alice/ipardoza/Axions/results/alp_full_production/fccee_z_full_projection_fullbg_channelaware/cluster_4797476/job27_m0p0387912919287_g4p76470535096em07_s91p2_IDEA/delphes.root,results/alp_full_production/fccee_z_full_projection_fullbg_channelaware/cluster_4797476/job27_m0p0387912919287_g4p76470535096em07_s91p2_IDEA/full_point_summary.csv
4797476,120,0.0387912919287,0.00233024034604,91.2,10000,fccee_z_full_projection_fullbg_channelaware,IDEA,invisible_upper,1.2855000000023868,1.2857549966441022,True,True,invisible,0.2851030972135516,0.2463118052848515,45.98026100440693,0.3802692542113632,/data/alice/ipardoza/Axions/results/alp_full_production/fccee_z_full_projection_fullbg_channelaware/cluster_4797476/job120_m0p0387912919287_g0p00233024034604_s91p2_IDEA/validation_plots/validation_summary.json,/data/alice/ipardoza/Axions/results/alp_full_production/fccee_z_full_projection_fullbg_channelaware/cluster_4797476/job120_m0p0387912919287_g0p00233024034604_s91p2_IDEA/alp_histograms_summary.json,/data/alice/ipardoza/Axions/results/alp_full_production/fccee_z_full_projection_fullbg_channelaware/cluster_4797476/job120_m0p0387912919287_g0p00233024034604_s91p2_IDEA/delphes.root,results/alp_full_production/fccee_z_full_projection_fullbg_channelaware/cluster_4797476/job120_m0p0387912919287_g0p00233024034604_s91p2_IDEA/full_point_summary.csv
4797476,28,0.0407886391358,4.76470604148e-07,91.2,10000,fccee_z_full_projection_fullbg_channelaware,IDEA,invisible_lower,5.37460000000188e-08,5.3756252477032163e-08,True,True,invisible,,,45.5963829449231,0.0036079338428933,/data/alice/ipardoza/Axions/results/alp_full_production/fccee_z_full_projection_fullbg_channelaware/cluster_4797476/job28_m0p0407886391358_g4p76470604148em07_s91p2_IDEA/validation_plots/validation_summary.json,/data/alice/ipardoza/Axions/results/alp_full_production/fccee_z_full_projection_fullbg_channelaware/cluster_4797476/job28_m0p0407886391358_g4p76470604148em07_s91p2_IDEA/alp_histograms_summary.json,/data/alice/ipardoza/Axions/results/alp_full_production/fccee_z_full_projection_fullbg_channelaware/cluster_4797476/job28_m0p0407886391358_g4p76470604148em07_s91p2_IDEA/delphes.root,results/alp_full_production/fccee_z_full_projection_fullbg_channelaware/cluster_4797476/job28_m0p0407886391358_g4p76470604148em07_s91p2_IDEA/full_point_summary.csv
4797476,121,0.0407886391358,0.00209432993798,91.2,10000,fccee_z_full_projection_fullbg_channelaware,IDEA,invisible_upper,1.038400000011136,1.0385967585671876,True,True,invisible,0.2844615433365106,0.2436729042007106,45.986450925242735,0.386460046476742,/data/alice/ipardoza/Axions/results/alp_full_production/fccee_z_full_projection_fullbg_channelaware/cluster_4797476/job121_m0p0407886391358_g0p00209432993798_s91p2_IDEA/validation_plots/validation_summary.json,/data/alice/ipardoza/Axions/results/alp_full_production/fccee_z_full_projection_fullbg_channelaware/cluster_4797476/job121_m0p0407886391358_g0p00209432993798_s91p2_IDEA/alp_histograms_summary.json,/data/alice/ipardoza/Axions/results/alp_full_production/fccee_z_full_projection_fullbg_channelaware/cluster_4797476/job121_m0p0407886391358_g0p00209432993798_s91p2_IDEA/delphes.root,results/alp_full_production/fccee_z_full_projection_fullbg_channelaware/cluster_4797476/job121_m0p0407886391358_g0p00209432993798_s91p2_IDEA/full_point_summary.csv
4797476,29,0.0428888289054,4.764706849e-07,91.2,10000,fccee_z_full_projection_fullbg_channelaware,IDEA,invisible_lower,5.37460000002046e-08,5.3756267290762175e-08,True,True,invisible,,,45.58515487787378,0.0148350374132633,/data/alice/ipardoza/Axions/results/alp_full_production/fccee_z_full_projection_fullbg_channelaware/cluster_4797476/job29_m0p0428888289054_g4p764706849em07_s91p2_IDEA/validation_plots/validation_summary.json,/data/alice/ipardoza/Axions/results/alp_full_production/fccee_z_full_projection_fullbg_channelaware/cluster_4797476/job29_m0p0428888289054_g4p764706849em07_s91p2_IDEA/alp_histograms_summary.json,/data/alice/ipardoza/Axions/results/alp_full_production/fccee_z_full_projection_fullbg_channelaware/cluster_4797476/job29_m0p0428888289054_g4p764706849em07_s91p2_IDEA/delphes.root,results/alp_full_production/fccee_z_full_projection_fullbg_channelaware/cluster_4797476/job29_m0p0428888289054_g4p764706849em07_s91p2_IDEA/full_point_summary.csv
4797476,122,0.0428888289054,0.00188214059817,91.2,10000,fccee_z_full_projection_fullbg_channelaware,IDEA,invisible_upper,0.838640000000001,0.8388047067379705,True,True,invisible,0.2846829457864958,0.2417941168810957,45.95376169502657,0.3537717797395316,/data/alice/ipardoza/Axions/results/alp_full_production/fccee_z_full_projection_fullbg_channelaware/cluster_4797476/job122_m0p0428888289054_g0p00188214059817_s91p2_IDEA/validation_plots/validation_summary.json,/data/alice/ipardoza/Axions/results/alp_full_production/fccee_z_full_projection_fullbg_channelaware/cluster_4797476/job122_m0p0428888289054_g0p00188214059817_s91p2_IDEA/alp_histograms_summary.json,/data/alice/ipardoza/Axions/results/alp_full_production/fccee_z_full_projection_fullbg_channelaware/cluster_4797476/job122_m0p0428888289054_g0p00188214059817_s91p2_IDEA/delphes.root,results/alp_full_production/fccee_z_full_projection_fullbg_channelaware/cluster_4797476/job122_m0p0428888289054_g0p00188214059817_s91p2_IDEA/full_point_summary.csv
4797476,30,0.0450971565575,4.76470779568e-07,91.2,10000,fccee_z_full_projection_fullbg_channelaware,IDEA,invisible_lower,5.3746000000059574e-08,5.375628488462021e-08,True,True,invisible,,,45.59987391484953,0.000114935185941,/data/alice/ipardoza/Axions/results/alp_full_production/fccee_z_full_projection_fullbg_channelaware/cluster_4797476/job30_m0p0450971565575_g4p76470779568em07_s91p2_IDEA/validation_plots/validation_summary.json,/data/alice/ipardoza/Axions/results/alp_full_production/fccee_z_full_projection_fullbg_channelaware/cluster_4797476/job30_m0p0450971565575_g4p76470779568em07_s91p2_IDEA/alp_histograms_summary.json,/data/alice/ipardoza/Axions/results/alp_full_production/fccee_z_full_projection_fullbg_channelaware/cluster_4797476/job30_m0p0450971565575_g4p76470779568em07_s91p2_IDEA/delphes.root,results/alp_full_production/fccee_z_full_projection_fullbg_channelaware/cluster_4797476/job30_m0p0450971565575_g4p76470779568em07_s91p2_IDEA/full_point_summary.csv
4797476,123,0.0450971565575,0.00169129956045,91.2,10000,fccee_z_full_projection_fullbg_channelaware,IDEA,invisible_upper,0.6771900000000048,0.6773260439632061,True,True,invisible,0.2858061061310529,0.2407089495735529,45.95733376847904,0.357344918443566,/data/alice/ipardoza/Axions/results/alp_full_production/fccee_z_full_projection_fullbg_channelaware/cluster_4797476/job123_m0p0450971565575_g0p00169129956045_s91p2_IDEA/validation_plots/validation_summary.json,/data/alice/ipardoza/Axions/results/alp_full_production/fccee_z_full_projection_fullbg_channelaware/cluster_4797476/job123_m0p0450971565575_g0p00169129956045_s91p2_IDEA/alp_histograms_summary.json,/data/alice/ipardoza/Axions/results/alp_full_production/fccee_z_full_projection_fullbg_channelaware/cluster_4797476/job123_m0p0450971565575_g0p00169129956045_s91p2_IDEA/delphes.root,results/alp_full_production/fccee_z_full_projection_fullbg_channelaware/cluster_4797476/job123_m0p0450971565575_g0p00169129956045_s91p2_IDEA/full_point_summary.csv
4797476,31,0.047419190066,4.76470890819e-07,91.2,10000,fccee_z_full_projection_fullbg_channelaware,IDEA,invisible_lower,5.374600000011928e-08,5.375630582237922e-08,True,True,invisible,,,45.60281893280222,0.0028312605411855,/data/alice/ipardoza/Axions/results/alp_full_production/fccee_z_full_projection_fullbg_channelaware/cluster_4797476/job31_m0p047419190066_g4p76470890819em07_s91p2_IDEA/validation_plots/validation_summary.json,/data/alice/ipardoza/Axions/results/alp_full_production/fccee_z_full_projection_fullbg_channelaware/cluster_4797476/job31_m0p047419190066_g4p76470890819em07_s91p2_IDEA/alp_histograms_summary.json,/data/alice/ipardoza/Axions/results/alp_full_production/fccee_z_full_projection_fullbg_channelaware/cluster_4797476/job31_m0p047419190066_g4p76470890819em07_s91p2_IDEA/delphes.root,results/alp_full_production/fccee_z_full_projection_fullbg_channelaware/cluster_4797476/job31_m0p047419190066_g4p76470890819em07_s91p2_IDEA/full_point_summary.csv
4797476,124,0.047419190066,0.00151967041244,91.2,10000,fccee_z_full_projection_fullbg_channelaware,IDEA,invisible_upper,0.5467300000006574,0.5468339695859529,True,True,invisible,0.2872738436102233,0.2398546535442233,45.94127578134022,0.3412881090791799,/data/alice/ipardoza/Axions/results/alp_full_production/fccee_z_full_projection_fullbg_channelaware/cluster_4797476/job124_m0p047419190066_g0p00151967041244_s91p2_IDEA/validation_plots/validation_summary.json,/data/alice/ipardoza/Axions/results/alp_full_production/fccee_z_full_projection_fullbg_channelaware/cluster_4797476/job124_m0p047419190066_g0p00151967041244_s91p2_IDEA/alp_histograms_summary.json,/data/alice/ipardoza/Axions/results/alp_full_production/fccee_z_full_projection_fullbg_channelaware/cluster_4797476/job124_m0p047419190066_g0p00151967041244_s91p2_IDEA/delphes.root,results/alp_full_production/fccee_z_full_projection_fullbg_channelaware/cluster_4797476/job124_m0p047419190066_g0p00151967041244_s91p2_IDEA/full_point_summary.csv
4797476,32,0.0498607840973,4.7647102187e-07,91.2,10000,fccee_z_full_projection_fullbg_channelaware,IDEA,invisible_lower,5.3746000000123214e-08,5.3756330787900665e-08,True,True,invisible,,,45.61305627649021,0.0130699064123049,/data/alice/ipardoza/Axions/results/alp_full_production/fccee_z_full_projection_fullbg_channelaware/cluster_4797476/job32_m0p0498607840973_g4p7647102187em07_s91p2_IDEA/validation_plots/validation_summary.json,/data/alice/ipardoza/Axions/results/alp_full_production/fccee_z_full_projection_fullbg_channelaware/cluster_4797476/job32_m0p0498607840973_g4p7647102187em07_s91p2_IDEA/alp_histograms_summary.json,/data/alice/ipardoza/Axions/results/alp_full_production/fccee_z_full_projection_fullbg_channelaware/cluster_4797476/job32_m0p0498607840973_g4p7647102187em07_s91p2_IDEA/delphes.root,results/alp_full_production/fccee_z_full_projection_fullbg_channelaware/cluster_4797476/job32_m0p0498607840973_g4p7647102187em07_s91p2_IDEA/full_point_summary.csv
4797476,125,0.0498607840973,0.00136532962985,91.2,10000,fccee_z_full_projection_fullbg_channelaware,IDEA,invisible_upper,0.4413100000018303,0.4413993229007238,True,True,invisible,0.2930902324238353,0.2432294483265353,45.956873894986686,0.3568875249087782,/data/alice/ipardoza/Axions/results/alp_full_production/fccee_z_full_projection_fullbg_channelaware/cluster_4797476/job125_m0p0498607840973_g0p00136532962985_s91p2_IDEA/validation_plots/validation_summary.json,/data/alice/ipardoza/Axions/results/alp_full_production/fccee_z_full_projection_fullbg_channelaware/cluster_4797476/job125_m0p0498607840973_g0p00136532962985_s91p2_IDEA/alp_histograms_summary.json,/data/alice/ipardoza/Axions/results/alp_full_production/fccee_z_full_projection_fullbg_channelaware/cluster_4797476/job125_m0p0498607840973_g0p00136532962985_s91p2_IDEA/delphes.root,results/alp_full_production/fccee_z_full_projection_fullbg_channelaware/cluster_4797476/job125_m0p0498607840973_g0p00136532962985_s91p2_IDEA/full_point_summary.csv
4797476,33,0.0524280947721,4.76471176602e-07,91.2,10000,fccee_z_full_projection_fullbg_channelaware,IDEA,invisible_lower,5.3746000000012054e-08,5.375636061043389e-08,True,True,invisible,,,45.6103111953044,0.0103262649596658,/data/alice/ipardoza/Axions/results/alp_full_production/fccee_z_full_projection_fullbg_channelaware/cluster_4797476/job33_m0p0524280947721_g4p76471176602em07_s91p2_IDEA/validation_plots/validation_summary.json,/data/alice/ipardoza/Axions/results/alp_full_production/fccee_z_full_projection_fullbg_channelaware/cluster_4797476/job33_m0p0524280947721_g4p76471176602em07_s91p2_IDEA/alp_histograms_summary.json,/data/alice/ipardoza/Axions/results/alp_full_production/fccee_z_full_projection_fullbg_channelaware/cluster_4797476/job33_m0p0524280947721_g4p76471176602em07_s91p2_IDEA/delphes.root,results/alp_full_production/fccee_z_full_projection_fullbg_channelaware/cluster_4797476/job33_m0p0524280947721_g4p76471176602em07_s91p2_IDEA/full_point_summary.csv
4797476,126,0.0524280947721,0.00122654543786,91.2,10000,fccee_z_full_projection_fullbg_channelaware,IDEA,invisible_upper,0.3561500000015649,0.3562245725044506,True,True,invisible,0.285062479316141,0.232634384544041,45.944710613593855,0.3447256832491234,/data/alice/ipardoza/Axions/results/alp_full_production/fccee_z_full_projection_fullbg_channelaware/cluster_4797476/job126_m0p0524280947721_g0p00122654543786_s91p2_IDEA/validation_plots/validation_summary.json,/data/alice/ipardoza/Axions/results/alp_full_production/fccee_z_full_projection_fullbg_channelaware/cluster_4797476/job126_m0p0524280947721_g0p00122654543786_s91p2_IDEA/alp_histograms_summary.json,/data/alice/ipardoza/Axions/results/alp_full_production/fccee_z_full_projection_fullbg_channelaware/cluster_4797476/job126_m0p0524280947721_g0p00122654543786_s91p2_IDEA/delphes.root,results/alp_full_production/fccee_z_full_projection_fullbg_channelaware/cluster_4797476/job126_m0p0524280947721_g0p00122654543786_s91p2_IDEA/full_point_summary.csv
4797476,34,0.0551275951872,4.76471359704e-07,91.2,10000,fccee_z_full_projection_fullbg_channelaware,IDEA,invisible_lower,5.374600000001728e-08,5.3756396296640456e-08,True,True,invisible,,,45.604959559205085,0.004976220673015,/data/alice/ipardoza/Axions/results/alp_full_production/fccee_z_full_projection_fullbg_channelaware/cluster_4797476/job34_m0p0551275951872_g4p76471359704em07_s91p2_IDEA/validation_plots/validation_summary.json,/data/alice/ipardoza/Axions/results/alp_full_production/fccee_z_full_projection_fullbg_channelaware/cluster_4797476/job34_m0p0551275951872_g4p76471359704em07_s91p2_IDEA/alp_histograms_summary.json,/data/alice/ipardoza/Axions/results/alp_full_production/fccee_z_full_projection_fullbg_channelaware/cluster_4797476/job34_m0p0551275951872_g4p76471359704em07_s91p2_IDEA/delphes.root,results/alp_full_production/fccee_z_full_projection_fullbg_channelaware/cluster_4797476/job34_m0p0551275951872_g4p76471359704em07_s91p2_IDEA/full_point_summary.csv
4797476,127,0.0551275951872,0.00110175876432,91.2,10000,fccee_z_full_projection_fullbg_channelaware,IDEA,invisible_upper,0.2873700000001483,0.2874283312414429,True,True,invisible,0.2901515053575584,0.2350239101703584,45.9188079737906,0.3188246352585295,/data/alice/ipardoza/Axions/results/alp_full_production/fccee_z_full_projection_fullbg_channelaware/cluster_4797476/job127_m0p0551275951872_g0p00110175876432_s91p2_IDEA/validation_plots/validation_summary.json,/data/alice/ipardoza/Axions/results/alp_full_production/fccee_z_full_projection_fullbg_channelaware/cluster_4797476/job127_m0p0551275951872_g0p00110175876432_s91p2_IDEA/alp_histograms_summary.json,/data/alice/ipardoza/Axions/results/alp_full_production/fccee_z_full_projection_fullbg_channelaware/cluster_4797476/job127_m0p0551275951872_g0p00110175876432_s91p2_IDEA/delphes.root,results/alp_full_production/fccee_z_full_projection_fullbg_channelaware/cluster_4797476/job127_m0p0551275951872_g0p00110175876432_s91p2_IDEA/full_point_summary.csv
4797476,35,0.0579660917364,4.76471576849e-07,91.2,10000,fccee_z_full_projection_fullbg_channelaware,IDEA,invisible_lower,5.37460000000006e-08,5.3756439069789274e-08,True,True,invisible,,,45.598619289534014,0.0013622890416939,/data/alice/ipardoza/Axions/results/alp_full_production/fccee_z_full_projection_fullbg_channelaware/cluster_4797476/job35_m0p0579660917364_g4p76471576849em07_s91p2_IDEA/validation_plots/validation_summary.json,/data/alice/ipardoza/Axions/results/alp_full_production/fccee_z_full_projection_fullbg_channelaware/cluster_4797476/job35_m0p0579660917364_g4p76471576849em07_s91p2_IDEA/alp_histograms_summary.json,/data/alice/ipardoza/Axions/results/alp_full_production/fccee_z_full_projection_fullbg_channelaware/cluster_4797476/job35_m0p0579660917364_g4p76471576849em07_s91p2_IDEA/delphes.root,results/alp_full_production/fccee_z_full_projection_fullbg_channelaware/cluster_4797476/job35_m0p0579660917364_g4p76471576849em07_s91p2_IDEA/full_point_summary.csv
4797476,128,0.0579660917364,0.000989566079368,91.2,10000,fccee_z_full_projection_fullbg_channelaware,IDEA,invisible_upper,0.2318300000009038,0.2318708186198368,True,True,invisible,0.2909030568827301,0.2329369651463301,45.933651324219696,0.3336697456439879,/data/alice/ipardoza/Axions/results/alp_full_production/fccee_z_full_projection_fullbg_channelaware/cluster_4797476/job128_m0p0579660917364_g0p000989566079368_s91p2_IDEA/validation_plots/validation_summary.json,/data/alice/ipardoza/Axions/results/alp_full_production/fccee_z_full_projection_fullbg_channelaware/cluster_4797476/job128_m0p0579660917364_g0p000989566079368_s91p2_IDEA/alp_histograms_summary.json,/data/alice/ipardoza/Axions/results/alp_full_production/fccee_z_full_projection_fullbg_channelaware/cluster_4797476/job128_m0p0579660917364_g0p000989566079368_s91p2_IDEA/delphes.root,results/alp_full_production/fccee_z_full_projection_fullbg_channelaware/cluster_4797476/job128_m0p0579660917364_g0p000989566079368_s91p2_IDEA/full_point_summary.csv
4797476,36,0.0609507412719,4.76471834903e-07,91.2,10000,fccee_z_full_projection_fullbg_channelaware,IDEA,invisible_lower,5.374600000000679e-08,5.375649041634386e-08,True,True,invisible,,,45.59145693963511,0.0085226930794704,/data/alice/ipardoza/Axions/results/alp_full_production/fccee_z_full_projection_fullbg_channelaware/cluster_4797476/job36_m0p0609507412719_g4p76471834903em07_s91p2_IDEA/validation_plots/validation_summary.json,/data/alice/ipardoza/Axions/results/alp_full_production/fccee_z_full_projection_fullbg_channelaware/cluster_4797476/job36_m0p0609507412719_g4p76471834903em07_s91p2_IDEA/alp_histograms_summary.json,/data/alice/ipardoza/Axions/results/alp_full_production/fccee_z_full_projection_fullbg_channelaware/cluster_4797476/job36_m0p0609507412719_g4p76471834903em07_s91p2_IDEA/delphes.root,results/alp_full_production/fccee_z_full_projection_fullbg_channelaware/cluster_4797476/job36_m0p0609507412719_g4p76471834903em07_s91p2_IDEA/full_point_summary.csv
4797476,129,0.0609507412719,0.000888703934882,91.2,10000,fccee_z_full_projection_fullbg_channelaware,IDEA,invisible_upper,0.1869800000005049,0.1870125042670713,True,True,invisible,0.2904752975075397,0.2295245562356397,45.93846175302995,0.3384821203153692,/data/alice/ipardoza/Axions/results/alp_full_production/fccee_z_full_projection_fullbg_channelaware/cluster_4797476/job129_m0p0609507412719_g0p000888703934882_s91p2_IDEA/validation_plots/validation_summary.json,/data/alice/ipardoza/Axions/results/alp_full_production/fccee_z_full_projection_fullbg_channelaware/cluster_4797476/job129_m0p0609507412719_g0p000888703934882_s91p2_IDEA/alp_histograms_summary.json,/data/alice/ipardoza/Axions/results/alp_full_production/fccee_z_full_projection_fullbg_channelaware/cluster_4797476/job129_m0p0609507412719_g0p000888703934882_s91p2_IDEA/delphes.root,results/alp_full_production/fccee_z_full_projection_fullbg_channelaware/cluster_4797476/job129_m0p0609507412719_g0p000888703934882_s91p2_IDEA/full_point_summary.csv
4797476,37,0.0640890691489,4.76472142183e-07,91.2,10000,fccee_z_full_projection_fullbg_channelaware,IDEA,invisible_lower,5.3746000000160027e-08,5.375655214354616e-08,True,True,invisible,,,45.602060736547,0.0020832552355045,/data/alice/ipardoza/Axions/results/alp_full_production/fccee_z_full_projection_fullbg_channelaware/cluster_4797476/job37_m0p0640890691489_g4p76472142183em07_s91p2_IDEA/validation_plots/validation_summary.json,/data/alice/ipardoza/Axions/results/alp_full_production/fccee_z_full_projection_fullbg_channelaware/cluster_4797476/job37_m0p0640890691489_g4p76472142183em07_s91p2_IDEA/alp_histograms_summary.json,/data/alice/ipardoza/Axions/results/alp_full_production/fccee_z_full_projection_fullbg_channelaware/cluster_4797476/job37_m0p0640890691489_g4p76472142183em07_s91p2_IDEA/delphes.root,results/alp_full_production/fccee_z_full_projection_fullbg_channelaware/cluster_4797476/job37_m0p0640890691489_g4p76472142183em07_s91p2_IDEA/full_point_summary.csv
4797476,130,0.0640890691489,0.00079803503603,91.2,10000,fccee_z_full_projection_fullbg_channelaware,IDEA,invisible_upper,0.1507700000005023,0.1507996367201174,True,True,invisible,0.2926927526967273,0.2286036835478273,45.91059972488717,0.3106222435756791,/data/alice/ipardoza/Axions/results/alp_full_production/fccee_z_full_projection_fullbg_channelaware/cluster_4797476/job130_m0p0640890691489_g0p00079803503603_s91p2_IDEA/validation_plots/validation_summary.json,/data/alice/ipardoza/Axions/results/alp_full_production/fccee_z_full_projection_fullbg_channelaware/cluster_4797476/job130_m0p0640890691489_g0p00079803503603_s91p2_IDEA/alp_histograms_summary.json,/data/alice/ipardoza/Axions/results/alp_full_production/fccee_z_full_projection_fullbg_channelaware/cluster_4797476/job130_m0p0640890691489_g0p00079803503603_s91p2_IDEA/delphes.root,results/alp_full_production/fccee_z_full_projection_fullbg_channelaware/cluster_4797476/job130_m0p0640890691489_g0p00079803503603_s91p2_IDEA/full_point_summary.csv
4797476,38,0.0673889882004,4.76472508777e-07,91.2,10000,fccee_z_full_projection_fullbg_channelaware,IDEA,invisible_lower,5.3746000000162654e-08,5.37566264509236e-08,True,True,invisible,,,45.600592039774064,0.0006169371190765,/data/alice/ipardoza/Axions/results/alp_full_production/fccee_z_full_projection_fullbg_channelaware/cluster_4797476/job38_m0p0673889882004_g4p76472508777em07_s91p2_IDEA/validation_plots/validation_summary.json,/data/alice/ipardoza/Axions/results/alp_full_production/fccee_z_full_projection_fullbg_channelaware/cluster_4797476/job38_m0p0673889882004_g4p76472508777em07_s91p2_IDEA/alp_histograms_summary.json,/data/alice/ipardoza/Axions/results/alp_full_production/fccee_z_full_projection_fullbg_channelaware/cluster_4797476/job38_m0p0673889882004_g4p76472508777em07_s91p2_IDEA/delphes.root,results/alp_full_production/fccee_z_full_projection_fullbg_channelaware/cluster_4797476/job38_m0p0673889882004_g4p76472508777em07_s91p2_IDEA/full_point_summary.csv
4797476,131,0.0673889882004,0.000716535693349,91.2,10000,fccee_z_full_projection_fullbg_channelaware,IDEA,invisible_upper,0.1215500000001454,0.1215715540994274,True,True,invisible,0.2920518173138607,0.2246628291134607,45.90647308351146,0.3064979808564771,/data/alice/ipardoza/Axions/results/alp_full_production/fccee_z_full_projection_fullbg_channelaware/cluster_4797476/job131_m0p0673889882004_g0p000716535693349_s91p2_IDEA/validation_plots/validation_summary.json,/data/alice/ipardoza/Axions/results/alp_full_production/fccee_z_full_projection_fullbg_channelaware/cluster_4797476/job131_m0p0673889882004_g0p000716535693349_s91p2_IDEA/alp_histograms_summary.json,/data/alice/ipardoza/Axions/results/alp_full_production/fccee_z_full_projection_fullbg_channelaware/cluster_4797476/job131_m0p0673889882004_g0p000716535693349_s91p2_IDEA/delphes.root,results/alp_full_production/fccee_z_full_projection_fullbg_channelaware/cluster_4797476/job131_m0p0673889882004_g0p000716535693349_s91p2_IDEA/full_point_summary.csv
4797476,39,0.0708588186875,4.76472946923e-07,91.2,10000,fccee_z_full_projection_fullbg_channelaware,IDEA,invisible_lower,5.374600000038096e-08,5.3756716015036686e-08,True,True,invisible,,,45.602965961803086,0.0029934890628808,/data/alice/ipardoza/Axions/results/alp_full_production/fccee_z_full_projection_fullbg_channelaware/cluster_4797476/job39_m0p0708588186875_g4p76472946923em07_s91p2_IDEA/validation_plots/validation_summary.json,/data/alice/ipardoza/Axions/results/alp_full_production/fccee_z_full_projection_fullbg_channelaware/cluster_4797476/job39_m0p0708588186875_g4p76472946923em07_s91p2_IDEA/alp_histograms_summary.json,/data/alice/ipardoza/Axions/results/alp_full_production/fccee_z_full_projection_fullbg_channelaware/cluster_4797476/job39_m0p0708588186875_g4p76472946923em07_s91p2_IDEA/delphes.root,results/alp_full_production/fccee_z_full_projection_fullbg_channelaware/cluster_4797476/job39_m0p0708588186875_g4p76472946923em07_s91p2_IDEA/full_point_summary.csv
4797476,132,0.0708588186875,0.000643284518935,91.2,10000,fccee_z_full_projection_fullbg_channelaware,IDEA,invisible_upper,0.0979660000000614,0.0979856403181375,True,True,invisible,0.2970555847572688,0.2261967660697688,45.88615990890357,0.2861874361633667,/data/alice/ipardoza/Axions/results/alp_full_production/fccee_z_full_projection_fullbg_channelaware/cluster_4797476/job132_m0p0708588186875_g0p000643284518935_s91p2_IDEA/validation_plots/validation_summary.json,/data/alice/ipardoza/Axions/results/alp_full_production/fccee_z_full_projection_fullbg_channelaware/cluster_4797476/job132_m0p0708588186875_g0p000643284518935_s91p2_IDEA/alp_histograms_summary.json,/data/alice/ipardoza/Axions/results/alp_full_production/fccee_z_full_projection_fullbg_channelaware/cluster_4797476/job132_m0p0708588186875_g0p000643284518935_s91p2_IDEA/delphes.root,results/alp_full_production/fccee_z_full_projection_fullbg_channelaware/cluster_4797476/job132_m0p0708588186875_g0p000643284518935_s91p2_IDEA/full_point_summary.csv
4797476,40,0.0745073092782,4.76473471482e-07,91.2,10000,fccee_z_full_projection_fullbg_channelaware,IDEA,invisible_lower,5.3746000000011346e-08,5.375682409535675e-08,True,True,invisible,,,45.61771097106592,0.0177414060392493,/data/alice/ipardoza/Axions/results/alp_full_production/fccee_z_full_projection_fullbg_channelaware/cluster_4797476/job40_m0p0745073092782_g4p76473471482em07_s91p2_IDEA/validation_plots/validation_summary.json,/data/alice/ipardoza/Axions/results/alp_full_production/fccee_z_full_projection_fullbg_channelaware/cluster_4797476/job40_m0p0745073092782_g4p76473471482em07_s91p2_IDEA/alp_histograms_summary.json,/data/alice/ipardoza/Axions/results/alp_full_production/fccee_z_full_projection_fullbg_channelaware/cluster_4797476/job40_m0p0745073092782_g4p76473471482em07_s91p2_IDEA/delphes.root,results/alp_full_production/fccee_z_full_projection_fullbg_channelaware/cluster_4797476/job40_m0p0745073092782_g4p76473471482em07_s91p2_IDEA/full_point_summary.csv
4797476,133,0.0745073092782,0.000577452243722,91.2,10000,fccee_z_full_projection_fullbg_channelaware,IDEA,invisible_upper,0.078941,0.0789565744968887,True,True,invisible,0.2947787040140684,0.2202713947358684,45.88962244732983,0.2896528823031588,/data/alice/ipardoza/Axions/results/alp_full_production/fccee_z_full_projection_fullbg_channelaware/cluster_4797476/job133_m0p0745073092782_g0p000577452243722_s91p2_IDEA/validation_plots/validation_summary.json,/data/alice/ipardoza/Axions/results/alp_full_production/fccee_z_full_projection_fullbg_channelaware/cluster_4797476/job133_m0p0745073092782_g0p000577452243722_s91p2_IDEA/alp_histograms_summary.json,/data/alice/ipardoza/Axions/results/alp_full_production/fccee_z_full_projection_fullbg_channelaware/cluster_4797476/job133_m0p0745073092782_g0p000577452243722_s91p2_IDEA/delphes.root,results/alp_full_production/fccee_z_full_projection_fullbg_channelaware/cluster_4797476/job133_m0p0745073092782_g0p000577452243722_s91p2_IDEA/full_point_summary.csv
4797476,41,0.0783436591055,4.76474100508e-07,91.2,10000,fccee_z_full_projection_fullbg_channelaware,IDEA,invisible_lower,5.374600000001792e-08,5.375695466194309e-08,True,True,invisible,,,45.6009146468142,0.0009482966438127,/data/alice/ipardoza/Axions/results/alp_full_production/fccee_z_full_projection_fullbg_channelaware/cluster_4797476/job41_m0p0783436591055_g4p76474100508em07_s91p2_IDEA/validation_plots/validation_summary.json,/data/alice/ipardoza/Axions/results/alp_full_production/fccee_z_full_projection_fullbg_channelaware/cluster_4797476/job41_m0p0783436591055_g4p76474100508em07_s91p2_IDEA/alp_histograms_summary.json,/data/alice/ipardoza/Axions/results/alp_full_production/fccee_z_full_projection_fullbg_channelaware/cluster_4797476/job41_m0p0783436591055_g4p76474100508em07_s91p2_IDEA/delphes.root,results/alp_full_production/fccee_z_full_projection_fullbg_channelaware/cluster_4797476/job41_m0p0783436591055_g4p76474100508em07_s91p2_IDEA/full_point_summary.csv
4797476,134,0.0783436591055,0.000518292544954,91.2,10000,fccee_z_full_projection_fullbg_channelaware,IDEA,invisible_upper,0.0635950000000697,0.0636071569422427,True,True,invisible,0.2953440687623046,0.2170004096568046,45.86389878946249,0.2639324392921054,/data/alice/ipardoza/Axions/results/alp_full_production/fccee_z_full_projection_fullbg_channelaware/cluster_4797476/job134_m0p0783436591055_g0p000518292544954_s91p2_IDEA/validation_plots/validation_summary.json,/data/alice/ipardoza/Axions/results/alp_full_production/fccee_z_full_projection_fullbg_channelaware/cluster_4797476/job134_m0p0783436591055_g0p000518292544954_s91p2_IDEA/alp_histograms_summary.json,/data/alice/ipardoza/Axions/results/alp_full_production/fccee_z_full_projection_fullbg_channelaware/cluster_4797476/job134_m0p0783436591055_g0p000518292544954_s91p2_IDEA/delphes.root,results/alp_full_production/fccee_z_full_projection_fullbg_channelaware/cluster_4797476/job134_m0p0783436591055_g0p000518292544954_s91p2_IDEA/full_point_summary.csv
4797476,42,0.0823775409621,4.76474855949e-07,91.2,10000,fccee_z_full_projection_fullbg_channelaware,IDEA,invisible_lower,5.374700000016195e-08,5.375711255258311e-08,True,True,invisible,,,45.60036532633406,0.0004025306062871,/data/alice/ipardoza/Axions/results/alp_full_production/fccee_z_full_projection_fullbg_channelaware/cluster_4797476/job42_m0p0823775409621_g4p76474855949em07_s91p2_IDEA/validation_plots/validation_summary.json,/data/alice/ipardoza/Axions/results/alp_full_production/fccee_z_full_projection_fullbg_channelaware/cluster_4797476/job42_m0p0823775409621_g4p76474855949em07_s91p2_IDEA/alp_histograms_summary.json,/data/alice/ipardoza/Axions/results/alp_full_production/fccee_z_full_projection_fullbg_channelaware/cluster_4797476/job42_m0p0823775409621_g4p76474855949em07_s91p2_IDEA/delphes.root,results/alp_full_production/fccee_z_full_projection_fullbg_channelaware/cluster_4797476/job42_m0p0823775409621_g4p76474855949em07_s91p2_IDEA/full_point_summary.csv
4797476,135,0.0823775409621,0.000465133783922,91.2,10000,fccee_z_full_projection_fullbg_channelaware,IDEA,invisible_upper,0.0512190000000001,0.0512285104072999,True,True,invisible,0.2960148252105618,0.2136372842484618,45.85714368839398,0.2571808926662129,/data/alice/ipardoza/Axions/results/alp_full_production/fccee_z_full_projection_fullbg_channelaware/cluster_4797476/job135_m0p0823775409621_g0p000465133783922_s91p2_IDEA/validation_plots/validation_summary.json,/data/alice/ipardoza/Axions/results/alp_full_production/fccee_z_full_projection_fullbg_channelaware/cluster_4797476/job135_m0p0823775409621_g0p000465133783922_s91p2_IDEA/alp_histograms_summary.json,/data/alice/ipardoza/Axions/results/alp_full_production/fccee_z_full_projection_fullbg_channelaware/cluster_4797476/job135_m0p0823775409621_g0p000465133783922_s91p2_IDEA/delphes.root,results/alp_full_production/fccee_z_full_projection_fullbg_channelaware/cluster_4797476/job135_m0p0823775409621_g0p000465133783922_s91p2_IDEA/full_point_summary.csv
4797476,43,0.0866191256886,4.76475764498e-07,91.2,10000,fccee_z_full_projection_fullbg_channelaware,IDEA,invisible_lower,5.3747000000000647e-08,5.375730366367404e-08,True,True,invisible,,,45.59937490257241,0.0005839632557993,/data/alice/ipardoza/Axions/results/alp_full_production/fccee_z_full_projection_fullbg_channelaware/cluster_4797476/job43_m0p0866191256886_g4p76475764498em07_s91p2_IDEA/validation_plots/validation_summary.json,/data/alice/ipardoza/Axions/results/alp_full_production/fccee_z_full_projection_fullbg_channelaware/cluster_4797476/job43_m0p0866191256886_g4p76475764498em07_s91p2_IDEA/alp_histograms_summary.json,/data/alice/ipardoza/Axions/results/alp_full_production/fccee_z_full_projection_fullbg_channelaware/cluster_4797476/job43_m0p0866191256886_g4p76475764498em07_s91p2_IDEA/delphes.root,results/alp_full_production/fccee_z_full_projection_fullbg_channelaware/cluster_4797476/job43_m0p0866191256886_g4p76475764498em07_s91p2_IDEA/full_point_summary.csv
4797476,136,0.0866191256886,0.000417371563853,91.2,10000,fccee_z_full_projection_fullbg_channelaware,IDEA,invisible_upper,0.04124,0.0412478730993735,True,True,invisible,0.303774976675504,0.217155850986904,45.84465107548033,0.244692209652122,/data/alice/ipardoza/Axions/results/alp_full_production/fccee_z_full_projection_fullbg_channelaware/cluster_4797476/job136_m0p0866191256886_g0p000417371563853_s91p2_IDEA/validation_plots/validation_summary.json,/data/alice/ipardoza/Axions/results/alp_full_production/fccee_z_full_projection_fullbg_channelaware/cluster_4797476/job136_m0p0866191256886_g0p000417371563853_s91p2_IDEA/alp_histograms_summary.json,/data/alice/ipardoza/Axions/results/alp_full_production/fccee_z_full_projection_fullbg_channelaware/cluster_4797476/job136_m0p0866191256886_g0p000417371563853_s91p2_IDEA/delphes.root,results/alp_full_production/fccee_z_full_projection_fullbg_channelaware/cluster_4797476/job136_m0p0866191256886_g0p000417371563853_s91p2_IDEA/full_point_summary.csv
4797476,44,0.0910791078178,4.76476858638e-07,91.2,10000,fccee_z_full_projection_fullbg_channelaware,IDEA,invisible_lower,5.374700000004494e-08,5.375753518476562e-08,True,True,invisible,,,45.586966144129455,0.0129883766825997,/data/alice/ipardoza/Axions/results/alp_full_production/fccee_z_full_projection_fullbg_channelaware/cluster_4797476/job44_m0p0910791078178_g4p76476858638em07_s91p2_IDEA/validation_plots/validation_summary.json,/data/alice/ipardoza/Axions/results/alp_full_production/fccee_z_full_projection_fullbg_channelaware/cluster_4797476/job44_m0p0910791078178_g4p76476858638em07_s91p2_IDEA/alp_histograms_summary.json,/data/alice/ipardoza/Axions/results/alp_full_production/fccee_z_full_projection_fullbg_channelaware/cluster_4797476/job44_m0p0910791078178_g4p76476858638em07_s91p2_IDEA/delphes.root,results/alp_full_production/fccee_z_full_projection_fullbg_channelaware/cluster_4797476/job44_m0p0910791078178_g4p76476858638em07_s91p2_IDEA/full_point_summary.csv
4797476,137,0.0910791078178,0.000374462026804,91.2,10000,fccee_z_full_projection_fullbg_channelaware,IDEA,invisible_upper,0.0331960000003361,0.0332025385367666,True,True,invisible,0.3010469126640142,0.2099678048462142,45.834609626787305,0.2346551059752499,/data/alice/ipardoza/Axions/results/alp_full_production/fccee_z_full_projection_fullbg_channelaware/cluster_4797476/job137_m0p0910791078178_g0p000374462026804_s91p2_IDEA/validation_plots/validation_summary.json,/data/alice/ipardoza/Axions/results/alp_full_production/fccee_z_full_projection_fullbg_channelaware/cluster_4797476/job137_m0p0910791078178_g0p000374462026804_s91p2_IDEA/alp_histograms_summary.json,/data/alice/ipardoza/Axions/results/alp_full_production/fccee_z_full_projection_fullbg_channelaware/cluster_4797476/job137_m0p0910791078178_g0p000374462026804_s91p2_IDEA/delphes.root,results/alp_full_production/fccee_z_full_projection_fullbg_channelaware/cluster_4797476/job137_m0p0910791078178_g0p000374462026804_s91p2_IDEA/full_point_summary.csv
4797476,45,0.0957687325396,4.76477177909e-07,91.2,10000,fccee_z_full_projection_fullbg_channelaware,IDEA,invisible_lower,5.374700000007317e-08,5.3757590236812345e-08,True,True,invisible,,,45.61201521554286,0.0120654987124453,/data/alice/ipardoza/Axions/results/alp_full_production/fccee_z_full_projection_fullbg_channelaware/cluster_4797476/job45_m0p0957687325396_g4p76477177909em07_s91p2_IDEA/validation_plots/validation_summary.json,/data/alice/ipardoza/Axions/results/alp_full_production/fccee_z_full_projection_fullbg_channelaware/cluster_4797476/job45_m0p0957687325396_g4p76477177909em07_s91p2_IDEA/alp_histograms_summary.json,/data/alice/ipardoza/Axions/results/alp_full_production/fccee_z_full_projection_fullbg_channelaware/cluster_4797476/job45_m0p0957687325396_g4p76477177909em07_s91p2_IDEA/delphes.root,results/alp_full_production/fccee_z_full_projection_fullbg_channelaware/cluster_4797476/job45_m0p0957687325396_g4p76477177909em07_s91p2_IDEA/full_point_summary.csv
4797476,138,0.0957687325396,0.000335915816743,91.2,10000,fccee_z_full_projection_fullbg_channelaware,IDEA,invisible_upper,0.0267140000002245,0.026718771844203,True,True,invisible,0.3027844182776931,0.2070156857380931,45.8467103307941,0.2467606139636871,/data/alice/ipardoza/Axions/results/alp_full_production/fccee_z_full_projection_fullbg_channelaware/cluster_4797476/job138_m0p0957687325396_g0p000335915816743_s91p2_IDEA/validation_plots/validation_summary.json,/data/alice/ipardoza/Axions/results/alp_full_production/fccee_z_full_projection_fullbg_channelaware/cluster_4797476/job138_m0p0957687325396_g0p000335915816743_s91p2_IDEA/alp_histograms_summary.json,/data/alice/ipardoza/Axions/results/alp_full_production/fccee_z_full_projection_fullbg_channelaware/cluster_4797476/job138_m0p0957687325396_g0p000335915816743_s91p2_IDEA/delphes.root,results/alp_full_production/fccee_z_full_projection_fullbg_channelaware/cluster_4797476/job138_m0p0957687325396_g0p000335915816743_s91p2_IDEA/full_point_summary.csv
4797476,46,0.100699824054,4.76478770467e-07,91.2,10000,fccee_z_full_projection_fullbg_channelaware,IDEA,invisible_lower,5.374700000022866e-08,5.37579308068092e-08,True,True,invisible,,,45.599967856309554,2.3450906944333383e-05,/data/alice/ipardoza/Axions/results/alp_full_production/fccee_z_full_projection_fullbg_channelaware/cluster_4797476/job46_m0p100699824054_g4p76478770467em07_s91p2_IDEA/validation_plots/validation_summary.json,/data/alice/ipardoza/Axions/results/alp_full_production/fccee_z_full_projection_fullbg_channelaware/cluster_4797476/job46_m0p100699824054_g4p76478770467em07_s91p2_IDEA/alp_histograms_summary.json,/data/alice/ipardoza/Axions/results/alp_full_production/fccee_z_full_projection_fullbg_channelaware/cluster_4797476/job46_m0p100699824054_g4p76478770467em07_s91p2_IDEA/delphes.root,results/alp_full_production/fccee_z_full_projection_fullbg_channelaware/cluster_4797476/job46_m0p100699824054_g4p76478770467em07_s91p2_IDEA/full_point_summary.csv
4797476,139,0.100699824054,0.000301292641646,91.2,10000,fccee_z_full_projection_fullbg_channelaware,IDEA,invisible_upper,0.0214910000000086,0.0214947542195274,True,True,invisible,0.3070354981705369,0.2063356741165369,45.826106999503885,0.2261625941012752,/data/alice/ipardoza/Axions/results/alp_full_production/fccee_z_full_projection_fullbg_channelaware/cluster_4797476/job139_m0p100699824054_g0p000301292641646_s91p2_IDEA/validation_plots/validation_summary.json,/data/alice/ipardoza/Axions/results/alp_full_production/fccee_z_full_projection_fullbg_channelaware/cluster_4797476/job139_m0p100699824054_g0p000301292641646_s91p2_IDEA/alp_histograms_summary.json,/data/alice/ipardoza/Axions/results/alp_full_production/fccee_z_full_projection_fullbg_channelaware/cluster_4797476/job139_m0p100699824054_g0p000301292641646_s91p2_IDEA/delphes.root,results/alp_full_production/fccee_z_full_projection_fullbg_channelaware/cluster_4797476/job139_m0p100699824054_g0p000301292641646_s91p2_IDEA/full_point_summary.csv
4797476,47,0.105884815384,4.76480694976e-07,91.2,10000,fccee_z_full_projection_fullbg_channelaware,IDEA,invisible_lower,5.3748000000037355e-08,5.375834429737864e-08,True,True,invisible,,,45.595142079011424,0.0047964539155032,/data/alice/ipardoza/Axions/results/alp_full_production/fccee_z_full_projection_fullbg_channelaware/cluster_4797476/job47_m0p105884815384_g4p76480694976em07_s91p2_IDEA/validation_plots/validation_summary.json,/data/alice/ipardoza/Axions/results/alp_full_production/fccee_z_full_projection_fullbg_channelaware/cluster_4797476/job47_m0p105884815384_g4p76480694976em07_s91p2_IDEA/alp_histograms_summary.json,/data/alice/ipardoza/Axions/results/alp_full_production/fccee_z_full_projection_fullbg_channelaware/cluster_4797476/job47_m0p105884815384_g4p76480694976em07_s91p2_IDEA/delphes.root,results/alp_full_production/fccee_z_full_projection_fullbg_channelaware/cluster_4797476/job47_m0p105884815384_g4p76480694976em07_s91p2_IDEA/full_point_summary.csv
4797476,140,0.105884815384,0.000270196377036,91.2,10000,fccee_z_full_projection_fullbg_channelaware,IDEA,invisible_upper,0.0172830000000361,0.0172867880905421,True,True,invisible,0.3058671238272468,0.1999823084432468,45.8212976031193,0.2213590701923706,/data/alice/ipardoza/Axions/results/alp_full_production/fccee_z_full_projection_fullbg_channelaware/cluster_4797476/job140_m0p105884815384_g0p000270196377036_s91p2_IDEA/validation_plots/validation_summary.json,/data/alice/ipardoza/Axions/results/alp_full_production/fccee_z_full_projection_fullbg_channelaware/cluster_4797476/job140_m0p105884815384_g0p000270196377036_s91p2_IDEA/alp_histograms_summary.json,/data/alice/ipardoza/Axions/results/alp_full_production/fccee_z_full_projection_fullbg_channelaware/cluster_4797476/job140_m0p105884815384_g0p000270196377036_s91p2_IDEA/delphes.root,results/alp_full_production/fccee_z_full_projection_fullbg_channelaware/cluster_4797476/job140_m0p105884815384_g0p000270196377036_s91p2_IDEA/full_point_summary.csv
4797476,48,0.111336779723,4.76483022933e-07,91.2,10000,fccee_z_full_projection_fullbg_channelaware,IDEA,invisible_lower,5.374800000000377e-08,5.37588466328846e-08,True,True,invisible,,,45.59669583225318,0.0032362078865162,/data/alice/ipardoza/Axions/results/alp_full_production/fccee_z_full_projection_fullbg_channelaware/cluster_4797476/job48_m0p111336779723_g4p76483022933em07_s91p2_IDEA/validation_plots/validation_summary.json,/data/alice/ipardoza/Axions/results/alp_full_production/fccee_z_full_projection_fullbg_channelaware/cluster_4797476/job48_m0p111336779723_g4p76483022933em07_s91p2_IDEA/alp_histograms_summary.json,/data/alice/ipardoza/Axions/results/alp_full_production/fccee_z_full_projection_fullbg_channelaware/cluster_4797476/job48_m0p111336779723_g4p76483022933em07_s91p2_IDEA/delphes.root,results/alp_full_production/fccee_z_full_projection_fullbg_channelaware/cluster_4797476/job48_m0p111336779723_g4p76483022933em07_s91p2_IDEA/full_point_summary.csv
4797476,141,0.111336779723,0.000242270655769,91.2,10000,fccee_z_full_projection_fullbg_channelaware,IDEA,invisible_upper,0.0138950000001807,0.0138981408774111,True,True,invisible,0.3084027641822344,0.1970659844592344,45.79195683266901,0.1920247925293097,/data/alice/ipardoza/Axions/results/alp_full_production/fccee_z_full_projection_fullbg_channelaware/cluster_4797476/job141_m0p111336779723_g0p000242270655769_s91p2_IDEA/validation_plots/validation_summary.json,/data/alice/ipardoza/Axions/results/alp_full_production/fccee_z_full_projection_fullbg_channelaware/cluster_4797476/job141_m0p111336779723_g0p000242270655769_s91p2_IDEA/alp_histograms_summary.json,/data/alice/ipardoza/Axions/results/alp_full_production/fccee_z_full_projection_fullbg_channelaware/cluster_4797476/job141_m0p111336779723_g0p000242270655769_s91p2_IDEA/delphes.root,results/alp_full_production/fccee_z_full_projection_fullbg_channelaware/cluster_4797476/job141_m0p111336779723_g0p000242270655769_s91p2_IDEA/full_point_summary.csv
4797476,49,0.1170694634,4.76485841493e-07,91.2,10000,fccee_z_full_projection_fullbg_channelaware,IDEA,invisible_lower,5.3749000000080925e-08,5.375945724924008e-08,True,True,invisible,,,45.59952881336455,0.0003960481526661,/data/alice/ipardoza/Axions/results/alp_full_production/fccee_z_full_projection_fullbg_channelaware/cluster_4797476/job49_m0p1170694634_g4p76485841493em07_s91p2_IDEA/validation_plots/validation_summary.json,/data/alice/ipardoza/Axions/results/alp_full_production/fccee_z_full_projection_fullbg_channelaware/cluster_4797476/job49_m0p1170694634_g4p76485841493em07_s91p2_IDEA/alp_histograms_summary.json,/data/alice/ipardoza/Axions/results/alp_full_production/fccee_z_full_projection_fullbg_channelaware/cluster_4797476/job49_m0p1170694634_g4p76485841493em07_s91p2_IDEA/delphes.root,results/alp_full_production/fccee_z_full_projection_fullbg_channelaware/cluster_4797476/job49_m0p1170694634_g4p76485841493em07_s91p2_IDEA/full_point_summary.csv
4797476,142,0.1170694634,0.000217194896911,91.2,10000,fccee_z_full_projection_fullbg_channelaware,IDEA,invisible_upper,0.0111680000000037,0.0111700240698845,True,True,invisible,0.3105943722011344,0.1935249088011343,45.822744545469305,0.222819683952089,/data/alice/ipardoza/Axions/results/alp_full_production/fccee_z_full_projection_fullbg_channelaware/cluster_4797476/job142_m0p1170694634_g0p000217194896911_s91p2_IDEA/validation_plots/validation_summary.json,/data/alice/ipardoza/Axions/results/alp_full_production/fccee_z_full_projection_fullbg_channelaware/cluster_4797476/job142_m0p1170694634_g0p000217194896911_s91p2_IDEA/alp_histograms_summary.json,/data/alice/ipardoza/Axions/results/alp_full_production/fccee_z_full_projection_fullbg_channelaware/cluster_4797476/job142_m0p1170694634_g0p000217194896911_s91p2_IDEA/delphes.root,results/alp_full_production/fccee_z_full_projection_fullbg_channelaware/cluster_4797476/job142_m0p1170694634_g0p000217194896911_s91p2_IDEA/full_point_summary.csv
4797476,50,0.123097320533,4.76489256935e-07,91.2,10000,fccee_z_full_projection_fullbg_channelaware,IDEA,invisible_lower,5.375000000011202e-08,5.3760199873928434e-08,True,True,invisible,,,45.60676594706717,0.0068490224527053,/data/alice/ipardoza/Axions/results/alp_full_production/fccee_z_full_projection_fullbg_channelaware/cluster_4797476/job50_m0p123097320533_g4p76489256935em07_s91p2_IDEA/validation_plots/validation_summary.json,/data/alice/ipardoza/Axions/results/alp_full_production/fccee_z_full_projection_fullbg_channelaware/cluster_4797476/job50_m0p123097320533_g4p76489256935em07_s91p2_IDEA/alp_histograms_summary.json,/data/alice/ipardoza/Axions/results/alp_full_production/fccee_z_full_projection_fullbg_channelaware/cluster_4797476/job50_m0p123097320533_g4p76489256935em07_s91p2_IDEA/delphes.root,results/alp_full_production/fccee_z_full_projection_fullbg_channelaware/cluster_4797476/job50_m0p123097320533_g4p76489256935em07_s91p2_IDEA/full_point_summary.csv
4797476,143,0.123097320533,0.00019468072931,91.2,10000,fccee_z_full_projection_fullbg_channelaware,IDEA,invisible_upper,0.0089725000000164,0.0089742998689293,True,True,invisible,0.3094558281582901,0.1863585076252901,45.80864813047085,0.2087312058563881,/data/alice/ipardoza/Axions/results/alp_full_production/fccee_z_full_projection_fullbg_channelaware/cluster_4797476/job143_m0p123097320533_g0p00019468072931_s91p2_IDEA/validation_plots/validation_summary.json,/data/alice/ipardoza/Axions/results/alp_full_production/fccee_z_full_projection_fullbg_channelaware/cluster_4797476/job143_m0p123097320533_g0p00019468072931_s91p2_IDEA/alp_histograms_summary.json,/data/alice/ipardoza/Axions/results/alp_full_production/fccee_z_full_projection_fullbg_channelaware/cluster_4797476/job143_m0p123097320533_g0p00019468072931_s91p2_IDEA/delphes.root,results/alp_full_production/fccee_z_full_projection_fullbg_channelaware/cluster_4797476/job143_m0p123097320533_g0p00019468072931_s91p2_IDEA/full_point_summary.csv
4797476,51,0.129435549479,4.76493398893e-07,91.2,10000,fccee_z_full_projection_fullbg_channelaware,IDEA,invisible_lower,5.37510000000811e-08,5.3761103478532816e-08,True,True,invisible,,,45.58753591014468,0.012372239189375,/data/alice/ipardoza/Axions/results/alp_full_production/fccee_z_full_projection_fullbg_channelaware/cluster_4797476/job51_m0p129435549479_g4p76493398893em07_s91p2_IDEA/validation_plots/validation_summary.json,/data/alice/ipardoza/Axions/results/alp_full_production/fccee_z_full_projection_fullbg_channelaware/cluster_4797476/job51_m0p129435549479_g4p76493398893em07_s91p2_IDEA/alp_histograms_summary.json,/data/alice/ipardoza/Axions/results/alp_full_production/fccee_z_full_projection_fullbg_channelaware/cluster_4797476/job51_m0p129435549479_g4p76493398893em07_s91p2_IDEA/delphes.root,results/alp_full_production/fccee_z_full_projection_fullbg_channelaware/cluster_4797476/job51_m0p129435549479_g4p76493398893em07_s91p2_IDEA/full_point_summary.csv
4797476,144,0.129435549479,0.000174468771492,91.2,10000,fccee_z_full_projection_fullbg_channelaware,IDEA,invisible_upper,0.0072062000000137,0.0072075855068542,True,True,invisible,0.3137463542985989,0.1843108048195988,45.780065844752535,0.1801576954184796,/data/alice/ipardoza/Axions/results/alp_full_production/fccee_z_full_projection_fullbg_channelaware/cluster_4797476/job144_m0p129435549479_g0p000174468771492_s91p2_IDEA/validation_plots/validation_summary.json,/data/alice/ipardoza/Axions/results/alp_full_production/fccee_z_full_projection_fullbg_channelaware/cluster_4797476/job144_m0p129435549479_g0p000174468771492_s91p2_IDEA/alp_histograms_summary.json,/data/alice/ipardoza/Axions/results/alp_full_production/fccee_z_full_projection_fullbg_channelaware/cluster_4797476/job144_m0p129435549479_g0p000174468771492_s91p2_IDEA/delphes.root,results/alp_full_production/fccee_z_full_projection_fullbg_channelaware/cluster_4797476/job144_m0p129435549479_g0p000174468771492_s91p2_IDEA/full_point_summary.csv
4797476,52,0.136100131152,4.76498425526e-07,91.2,10000,fccee_z_full_projection_fullbg_channelaware,IDEA,invisible_lower,5.37520000000241e-08,5.3762203443078386e-08,True,True,invisible,,,45.59452237893607,0.0053760681818104,/data/alice/ipardoza/Axions/results/alp_full_production/fccee_z_full_projection_fullbg_channelaware/cluster_4797476/job52_m0p136100131152_g4p76498425526em07_s91p2_IDEA/validation_plots/validation_summary.json,/data/alice/ipardoza/Axions/results/alp_full_production/fccee_z_full_projection_fullbg_channelaware/cluster_4797476/job52_m0p136100131152_g4p76498425526em07_s91p2_IDEA/alp_histograms_summary.json,/data/alice/ipardoza/Axions/results/alp_full_production/fccee_z_full_projection_fullbg_channelaware/cluster_4797476/job52_m0p136100131152_g4p76498425526em07_s91p2_IDEA/delphes.root,results/alp_full_production/fccee_z_full_projection_fullbg_channelaware/cluster_4797476/job52_m0p136100131152_g4p76498425526em07_s91p2_IDEA/full_point_summary.csv
4797476,145,0.136100131152,0.000156325732109,91.2,10000,fccee_z_full_projection_fullbg_channelaware,IDEA,invisible_upper,0.0057854000000012,0.0057864880765536,True,True,invisible,0.31253715225482,0.1764370211028199,45.74959272900813,0.1496942818902482,/data/alice/ipardoza/Axions/results/alp_full_production/fccee_z_full_projection_fullbg_channelaware/cluster_4797476/job145_m0p136100131152_g0p000156325732109_s91p2_IDEA/validation_plots/validation_summary.json,/data/alice/ipardoza/Axions/results/alp_full_production/fccee_z_full_projection_fullbg_channelaware/cluster_4797476/job145_m0p136100131152_g0p000156325732109_s91p2_IDEA/alp_histograms_summary.json,/data/alice/ipardoza/Axions/results/alp_full_production/fccee_z_full_projection_fullbg_channelaware/cluster_4797476/job145_m0p136100131152_g0p000156325732109_s91p2_IDEA/delphes.root,results/alp_full_production/fccee_z_full_projection_fullbg_channelaware/cluster_4797476/job145_m0p136100131152_g0p000156325732109_s91p2_IDEA/full_point_summary.csv
4797476,53,0.143107869314,4.76504529838e-07,91.2,10000,fccee_z_full_projection_fullbg_channelaware,IDEA,invisible_lower,5.37530000000351e-08,5.376354297987143e-08,True,True,invisible,,,45.5979848661381,0.001902853915304,/data/alice/ipardoza/Axions/results/alp_full_production/fccee_z_full_projection_fullbg_channelaware/cluster_4797476/job53_m0p143107869314_g4p76504529838em07_s91p2_IDEA/validation_plots/validation_summary.json,/data/alice/ipardoza/Axions/results/alp_full_production/fccee_z_full_projection_fullbg_channelaware/cluster_4797476/job53_m0p143107869314_g4p76504529838em07_s91p2_IDEA/alp_histograms_summary.json,/data/alice/ipardoza/Axions/results/alp_full_production/fccee_z_full_projection_fullbg_channelaware/cluster_4797476/job53_m0p143107869314_g4p76504529838em07_s91p2_IDEA/delphes.root,results/alp_full_production/fccee_z_full_projection_fullbg_channelaware/cluster_4797476/job53_m0p143107869314_g4p76504529838em07_s91p2_IDEA/full_point_summary.csv
4797476,146,0.143107869314,0.000140041799075,91.2,10000,fccee_z_full_projection_fullbg_channelaware,IDEA,invisible_upper,0.0046428000000018,0.0046437536912337,True,True,invisible,0.3155521459264057,0.1724442766124057,45.76761319858452,0.1677254785311177,/data/alice/ipardoza/Axions/results/alp_full_production/fccee_z_full_projection_fullbg_channelaware/cluster_4797476/job146_m0p143107869314_g0p000140041799075_s91p2_IDEA/validation_plots/validation_summary.json,/data/alice/ipardoza/Axions/results/alp_full_production/fccee_z_full_projection_fullbg_channelaware/cluster_4797476/job146_m0p143107869314_g0p000140041799075_s91p2_IDEA/alp_histograms_summary.json,/data/alice/ipardoza/Axions/results/alp_full_production/fccee_z_full_projection_fullbg_channelaware/cluster_4797476/job146_m0p143107869314_g0p000140041799075_s91p2_IDEA/delphes.root,results/alp_full_production/fccee_z_full_projection_fullbg_channelaware/cluster_4797476/job146_m0p143107869314_g0p000140041799075_s91p2_IDEA/full_point_summary.csv
4797476,54,0.15047643295,4.76511947417e-07,91.2,10000,fccee_z_full_projection_fullbg_channelaware,IDEA,invisible_lower,5.375500000026557e-08,5.376517487765414e-08,True,True,invisible,,,45.607479705965694,0.0076038460801299,/data/alice/ipardoza/Axions/results/alp_full_production/fccee_z_full_projection_fullbg_channelaware/cluster_4797476/job54_m0p15047643295_g4p76511947417em07_s91p2_IDEA/validation_plots/validation_summary.json,/data/alice/ipardoza/Axions/results/alp_full_production/fccee_z_full_projection_fullbg_channelaware/cluster_4797476/job54_m0p15047643295_g4p76511947417em07_s91p2_IDEA/alp_histograms_summary.json,/data/alice/ipardoza/Axions/results/alp_full_production/fccee_z_full_projection_fullbg_channelaware/cluster_4797476/job54_m0p15047643295_g4p76511947417em07_s91p2_IDEA/delphes.root,results/alp_full_production/fccee_z_full_projection_fullbg_channelaware/cluster_4797476/job54_m0p15047643295_g4p76511947417em07_s91p2_IDEA/full_point_summary.csv
4797476,147,0.15047643295,0.000125428289052,91.2,10000,fccee_z_full_projection_fullbg_channelaware,IDEA,invisible_upper,0.0037244000000073,0.0037251560550162,True,True,invisible,0.320287868162277,0.169811435212277,45.75793698518607,0.1580611253005059,/data/alice/ipardoza/Axions/results/alp_full_production/fccee_z_full_projection_fullbg_channelaware/cluster_4797476/job147_m0p15047643295_g0p000125428289052_s91p2_IDEA/validation_plots/validation_summary.json,/data/alice/ipardoza/Axions/results/alp_full_production/fccee_z_full_projection_fullbg_channelaware/cluster_4797476/job147_m0p15047643295_g0p000125428289052_s91p2_IDEA/alp_histograms_summary.json,/data/alice/ipardoza/Axions/results/alp_full_production/fccee_z_full_projection_fullbg_channelaware/cluster_4797476/job147_m0p15047643295_g0p000125428289052_s91p2_IDEA/delphes.root,results/alp_full_production/fccee_z_full_projection_fullbg_channelaware/cluster_4797476/job147_m0p15047643295_g0p000125428289052_s91p2_IDEA/full_point_summary.csv
4797476,55,0.158224400809,4.76520965888e-07,91.2,10000,fccee_z_full_projection_fullbg_channelaware,IDEA,invisible_lower,5.375700000000896e-08,5.3767163632833016e-08,True,True,invisible,0.298719584941864,0.140495184132864,45.602314212489496,0.0024514655652083,/data/alice/ipardoza/Axions/results/alp_full_production/fccee_z_full_projection_fullbg_channelaware/cluster_4797476/job55_m0p158224400809_g4p76520965888em07_s91p2_IDEA/validation_plots/validation_summary.json,/data/alice/ipardoza/Axions/results/alp_full_production/fccee_z_full_projection_fullbg_channelaware/cluster_4797476/job55_m0p158224400809_g4p76520965888em07_s91p2_IDEA/alp_histograms_summary.json,/data/alice/ipardoza/Axions/results/alp_full_production/fccee_z_full_projection_fullbg_channelaware/cluster_4797476/job55_m0p158224400809_g4p76520965888em07_s91p2_IDEA/delphes.root,results/alp_full_production/fccee_z_full_projection_fullbg_channelaware/cluster_4797476/job55_m0p158224400809_g4p76520965888em07_s91p2_IDEA/full_point_summary.csv
4797476,148,0.158224400809,0.000112315531085,91.2,10000,fccee_z_full_projection_fullbg_channelaware,IDEA,invisible_upper,0.0029864,0.002986982856744,True,True,invisible,0.3212164149602074,0.1629920141512074,45.69720775886605,0.097345011941762,/data/alice/ipardoza/Axions/results/alp_full_production/fccee_z_full_projection_fullbg_channelaware/cluster_4797476/job148_m0p158224400809_g0p000112315531085_s91p2_IDEA/validation_plots/validation_summary.json,/data/alice/ipardoza/Axions/results/alp_full_production/fccee_z_full_projection_fullbg_channelaware/cluster_4797476/job148_m0p158224400809_g0p000112315531085_s91p2_IDEA/alp_histograms_summary.json,/data/alice/ipardoza/Axions/results/alp_full_production/fccee_z_full_projection_fullbg_channelaware/cluster_4797476/job148_m0p158224400809_g0p000112315531085_s91p2_IDEA/delphes.root,results/alp_full_production/fccee_z_full_projection_fullbg_channelaware/cluster_4797476/job148_m0p158224400809_g0p000112315531085_s91p2_IDEA/full_point_summary.csv
4797476,56,0.166371308255,4.76531936486e-07,91.2,10000,fccee_z_full_projection_fullbg_channelaware,IDEA,invisible_lower,5.375900000005956e-08,5.376958805969473e-08,True,True,invisible,0.1868478208780288,0.0204765126230288,45.5980602451593,0.0017880036772623,/data/alice/ipardoza/Axions/results/alp_full_production/fccee_z_full_projection_fullbg_channelaware/cluster_4797476/job56_m0p166371308255_g4p76531936486em07_s91p2_IDEA/validation_plots/validation_summary.json,/data/alice/ipardoza/Axions/results/alp_full_production/fccee_z_full_projection_fullbg_channelaware/cluster_4797476/job56_m0p166371308255_g4p76531936486em07_s91p2_IDEA/alp_histograms_summary.json,/data/alice/ipardoza/Axions/results/alp_full_production/fccee_z_full_projection_fullbg_channelaware/cluster_4797476/job56_m0p166371308255_g4p76531936486em07_s91p2_IDEA/delphes.root,results/alp_full_production/fccee_z_full_projection_fullbg_channelaware/cluster_4797476/job56_m0p166371308255_g4p76531936486em07_s91p2_IDEA/full_point_summary.csv
4797476,149,0.166371308255,0.000100550961414,91.2,10000,fccee_z_full_projection_fullbg_channelaware,IDEA,invisible_upper,0.0023935,0.0023940054826072,True,True,invisible,0.3272972248411484,0.1609259165861484,45.7322962992381,0.1324480504015355,/data/alice/ipardoza/Axions/results/alp_full_production/fccee_z_full_projection_fullbg_channelaware/cluster_4797476/job149_m0p166371308255_g0p000100550961414_s91p2_IDEA/validation_plots/validation_summary.json,/data/alice/ipardoza/Axions/results/alp_full_production/fccee_z_full_projection_fullbg_channelaware/cluster_4797476/job149_m0p166371308255_g0p000100550961414_s91p2_IDEA/alp_histograms_summary.json,/data/alice/ipardoza/Axions/results/alp_full_production/fccee_z_full_projection_fullbg_channelaware/cluster_4797476/job149_m0p166371308255_g0p000100550961414_s91p2_IDEA/delphes.root,results/alp_full_production/fccee_z_full_projection_fullbg_channelaware/cluster_4797476/job149_m0p166371308255_g0p000100550961414_s91p2_IDEA/full_point_summary.csv
4797476,57,0.174937696518,4.76545288222e-07,91.2,10000,fccee_z_full_projection_fullbg_channelaware,IDEA,invisible_lower,5.37620000002241e-08,5.3772544486807e-08,True,True,invisible,0.2647042870521545,0.0897665905341545,45.60667378053037,0.0068415612193106,/data/alice/ipardoza/Axions/results/alp_full_production/fccee_z_full_projection_fullbg_channelaware/cluster_4797476/job57_m0p174937696518_g4p76545288222em07_s91p2_IDEA/validation_plots/validation_summary.json,/data/alice/ipardoza/Axions/results/alp_full_production/fccee_z_full_projection_fullbg_channelaware/cluster_4797476/job57_m0p174937696518_g4p76545288222em07_s91p2_IDEA/alp_histograms_summary.json,/data/alice/ipardoza/Axions/results/alp_full_production/fccee_z_full_projection_fullbg_channelaware/cluster_4797476/job57_m0p174937696518_g4p76545288222em07_s91p2_IDEA/delphes.root,results/alp_full_production/fccee_z_full_projection_fullbg_channelaware/cluster_4797476/job57_m0p174937696518_g4p76545288222em07_s91p2_IDEA/full_point_summary.csv
4797476,150,0.174937696518,8.99974082431e-05,91.2,10000,fccee_z_full_projection_fullbg_channelaware,IDEA,invisible_upper,0.0019175000000184,0.001917839385779,True,True,invisible,0.3302357544820909,0.1552980579640909,45.69265150003545,0.0928192807243917,/data/alice/ipardoza/Axions/results/alp_full_production/fccee_z_full_projection_fullbg_channelaware/cluster_4797476/job150_m0p174937696518_g8p99974082431em05_s91p2_IDEA/validation_plots/validation_summary.json,/data/alice/ipardoza/Axions/results/alp_full_production/fccee_z_full_projection_fullbg_channelaware/cluster_4797476/job150_m0p174937696518_g8p99974082431em05_s91p2_IDEA/alp_histograms_summary.json,/data/alice/ipardoza/Axions/results/alp_full_production/fccee_z_full_projection_fullbg_channelaware/cluster_4797476/job150_m0p174937696518_g8p99974082431em05_s91p2_IDEA/delphes.root,results/alp_full_production/fccee_z_full_projection_fullbg_channelaware/cluster_4797476/job150_m0p174937696518_g8p99974082431em05_s91p2_IDEA/full_point_summary.csv
4797476,58,0.183945164487,4.76561545225e-07,91.2,10000,fccee_z_full_projection_fullbg_channelaware,IDEA,invisible_lower,5.37660000002108e-08,5.3776150671871265e-08,True,True,invisible,0.1920032203197479,0.0080580558327479,45.598221453978745,0.0015930426027352,/data/alice/ipardoza/Axions/results/alp_full_production/fccee_z_full_projection_fullbg_channelaware/cluster_4797476/job58_m0p183945164487_g4p76561545225em07_s91p2_IDEA/validation_plots/validation_summary.json,/data/alice/ipardoza/Axions/results/alp_full_production/fccee_z_full_projection_fullbg_channelaware/cluster_4797476/job58_m0p183945164487_g4p76561545225em07_s91p2_IDEA/alp_histograms_summary.json,/data/alice/ipardoza/Axions/results/alp_full_production/fccee_z_full_projection_fullbg_channelaware/cluster_4797476/job58_m0p183945164487_g4p76561545225em07_s91p2_IDEA/delphes.root,results/alp_full_production/fccee_z_full_projection_fullbg_channelaware/cluster_4797476/job58_m0p183945164487_g4p76561545225em07_s91p2_IDEA/full_point_summary.csv
4797476,151,0.183945164487,8.05315477773e-05,91.2,10000,fccee_z_full_projection_fullbg_channelaware,IDEA,invisible_upper,0.0015353000000016,0.0015356201904289,True,True,invisible,0.3334421323468791,0.1494969678598791,45.69137332108632,0.0915588245048439,/data/alice/ipardoza/Axions/results/alp_full_production/fccee_z_full_projection_fullbg_channelaware/cluster_4797476/job151_m0p183945164487_g8p05315477773em05_s91p2_IDEA/validation_plots/validation_summary.json,/data/alice/ipardoza/Axions/results/alp_full_production/fccee_z_full_projection_fullbg_channelaware/cluster_4797476/job151_m0p183945164487_g8p05315477773em05_s91p2_IDEA/alp_histograms_summary.json,/data/alice/ipardoza/Axions/results/alp_full_production/fccee_z_full_projection_fullbg_channelaware/cluster_4797476/job151_m0p183945164487_g8p05315477773em05_s91p2_IDEA/delphes.root,results/alp_full_production/fccee_z_full_projection_fullbg_channelaware/cluster_4797476/job151_m0p183945164487_g8p05315477773em05_s91p2_IDEA/full_point_summary.csv
4797476,59,0.193416423171,4.76581347983e-07,91.2,10000,fccee_z_full_projection_fullbg_channelaware,IDEA,invisible_lower,5.37700000002726e-08,5.3780550599259696e-08,True,True,invisible,0.3446366488933563,0.1512202257223563,45.59778483246253,0.0020100693315896,/data/alice/ipardoza/Axions/results/alp_full_production/fccee_z_full_projection_fullbg_channelaware/cluster_4797476/job59_m0p193416423171_g4p76581347983em07_s91p2_IDEA/validation_plots/validation_summary.json,/data/alice/ipardoza/Axions/results/alp_full_production/fccee_z_full_projection_fullbg_channelaware/cluster_4797476/job59_m0p193416423171_g4p76581347983em07_s91p2_IDEA/alp_histograms_summary.json,/data/alice/ipardoza/Axions/results/alp_full_production/fccee_z_full_projection_fullbg_channelaware/cluster_4797476/job59_m0p193416423171_g4p76581347983em07_s91p2_IDEA/delphes.root,results/alp_full_production/fccee_z_full_projection_fullbg_channelaware/cluster_4797476/job59_m0p193416423171_g4p76581347983em07_s91p2_IDEA/full_point_summary.csv
4797476,152,0.193416423171,7.20425143535e-05,91.2,10000,fccee_z_full_projection_fullbg_channelaware,IDEA,invisible_upper,0.0012287000000014,0.001228934920431,True,True,invisible,0.3396910499568853,0.1462746267858853,45.67792160342244,0.0781267016283209,/data/alice/ipardoza/Axions/results/alp_full_production/fccee_z_full_projection_fullbg_channelaware/cluster_4797476/job152_m0p193416423171_g7p20425143535em05_s91p2_IDEA/validation_plots/validation_summary.json,/data/alice/ipardoza/Axions/results/alp_full_production/fccee_z_full_projection_fullbg_channelaware/cluster_4797476/job152_m0p193416423171_g7p20425143535em05_s91p2_IDEA/alp_histograms_summary.json,/data/alice/ipardoza/Axions/results/alp_full_production/fccee_z_full_projection_fullbg_channelaware/cluster_4797476/job152_m0p193416423171_g7p20425143535em05_s91p2_IDEA/delphes.root,results/alp_full_production/fccee_z_full_projection_fullbg_channelaware/cluster_4797476/job152_m0p193416423171_g7p20425143535em05_s91p2_IDEA/full_point_summary.csv
4797476,60,0.203375352957,4.76605479385e-07,91.2,10000,fccee_z_full_projection_fullbg_channelaware,IDEA,invisible_lower,5.377500000000208e-08,5.3785920365424185e-08,True,True,invisible,0.2436335235834121,0.0402581706264121,45.60799726917499,0.0082240319720767,/data/alice/ipardoza/Axions/results/alp_full_production/fccee_z_full_projection_fullbg_channelaware/cluster_4797476/job60_m0p203375352957_g4p76605479385em07_s91p2_IDEA/validation_plots/validation_summary.json,/data/alice/ipardoza/Axions/results/alp_full_production/fccee_z_full_projection_fullbg_channelaware/cluster_4797476/job60_m0p203375352957_g4p76605479385em07_s91p2_IDEA/alp_histograms_summary.json,/data/alice/ipardoza/Axions/results/alp_full_production/fccee_z_full_projection_fullbg_channelaware/cluster_4797476/job60_m0p203375352957_g4p76605479385em07_s91p2_IDEA/delphes.root,results/alp_full_production/fccee_z_full_projection_fullbg_channelaware/cluster_4797476/job60_m0p203375352957_g4p76605479385em07_s91p2_IDEA/full_point_summary.csv
4797476,153,0.203375352957,6.44306492101e-05,91.2,10000,fccee_z_full_projection_fullbg_channelaware,IDEA,invisible_upper,0.0009827700000011,0.0009829593481718,True,True,invisible,0.3408917022817911,0.1375163493247911,45.66202358305574,0.0622503458528314,/data/alice/ipardoza/Axions/results/alp_full_production/fccee_z_full_projection_fullbg_channelaware/cluster_4797476/job153_m0p203375352957_g6p44306492101em05_s91p2_IDEA/validation_plots/validation_summary.json,/data/alice/ipardoza/Axions/results/alp_full_production/fccee_z_full_projection_fullbg_channelaware/cluster_4797476/job153_m0p203375352957_g6p44306492101em05_s91p2_IDEA/alp_histograms_summary.json,/data/alice/ipardoza/Axions/results/alp_full_production/fccee_z_full_projection_fullbg_channelaware/cluster_4797476/job153_m0p203375352957_g6p44306492101em05_s91p2_IDEA/delphes.root,results/alp_full_production/fccee_z_full_projection_fullbg_channelaware/cluster_4797476/job153_m0p203375352957_g6p44306492101em05_s91p2_IDEA/full_point_summary.csv
4797476,61,0.213847063824,4.76634896651e-07,91.2,10000,fccee_z_full_projection_fullbg_channelaware,IDEA,invisible_lower,5.3782000000023616e-08,5.3792475399956827e-08,True,True,invisible,0.1546135880053043,0.0592334758186956,45.5954365398421,0.0043127443316635,/data/alice/ipardoza/Axions/results/alp_full_production/fccee_z_full_projection_fullbg_channelaware/cluster_4797476/job61_m0p213847063824_g4p76634896651em07_s91p2_IDEA/validation_plots/validation_summary.json,/data/alice/ipardoza/Axions/results/alp_full_production/fccee_z_full_projection_fullbg_channelaware/cluster_4797476/job61_m0p213847063824_g4p76634896651em07_s91p2_IDEA/alp_histograms_summary.json,/data/alice/ipardoza/Axions/results/alp_full_production/fccee_z_full_projection_fullbg_channelaware/cluster_4797476/job61_m0p213847063824_g4p76634896651em07_s91p2_IDEA/delphes.root,results/alp_full_production/fccee_z_full_projection_fullbg_channelaware/cluster_4797476/job61_m0p213847063824_g4p76634896651em07_s91p2_IDEA/full_point_summary.csv
4797476,154,0.213847063824,5.76063754591e-05,91.2,10000,fccee_z_full_projection_fullbg_channelaware,IDEA,invisible_upper,0.00078561,0.000785761886549,True,True,invisible,0.3427036230701143,0.1288565592461143,45.6593646716553,0.0596153874815428,/data/alice/ipardoza/Axions/results/alp_full_production/fccee_z_full_projection_fullbg_channelaware/cluster_4797476/job154_m0p213847063824_g5p76063754591em05_s91p2_IDEA/validation_plots/validation_summary.json,/data/alice/ipardoza/Axions/results/alp_full_production/fccee_z_full_projection_fullbg_channelaware/cluster_4797476/job154_m0p213847063824_g5p76063754591em05_s91p2_IDEA/alp_histograms_summary.json,/data/alice/ipardoza/Axions/results/alp_full_production/fccee_z_full_projection_fullbg_channelaware/cluster_4797476/job154_m0p213847063824_g5p76063754591em05_s91p2_IDEA/delphes.root,results/alp_full_production/fccee_z_full_projection_fullbg_channelaware/cluster_4797476/job154_m0p213847063824_g5p76063754591em05_s91p2_IDEA/full_point_summary.csv
4797476,62,0.224857958652,4.7667077053e-07,91.2,10000,fccee_z_full_projection_fullbg_channelaware,IDEA,invisible_lower,5.3790000000196817e-08,5.3800479337474585e-08,True,True,invisible,0.3638414144515991,0.1389834557995991,45.584952439027376,0.0147703619508661,/data/alice/ipardoza/Axions/results/alp_full_production/fccee_z_full_projection_fullbg_channelaware/cluster_4797476/job62_m0p224857958652_g4p7667077053em07_s91p2_IDEA/validation_plots/validation_summary.json,/data/alice/ipardoza/Axions/results/alp_full_production/fccee_z_full_projection_fullbg_channelaware/cluster_4797476/job62_m0p224857958652_g4p7667077053em07_s91p2_IDEA/alp_histograms_summary.json,/data/alice/ipardoza/Axions/results/alp_full_production/fccee_z_full_projection_fullbg_channelaware/cluster_4797476/job62_m0p224857958652_g4p7667077053em07_s91p2_IDEA/delphes.root,results/alp_full_production/fccee_z_full_projection_fullbg_channelaware/cluster_4797476/job62_m0p224857958652_g4p7667077053em07_s91p2_IDEA/full_point_summary.csv
4797476,155,0.224857958652,5.14891826593e-05,91.2,10000,fccee_z_full_projection_fullbg_channelaware,IDEA,invisible_upper,0.0006276200000019,0.000627741870627,True,True,invisible,0.3534495519717128,0.1285915933197128,45.65235271614211,0.0526299151638696,/data/alice/ipardoza/Axions/results/alp_full_production/fccee_z_full_projection_fullbg_channelaware/cluster_4797476/job155_m0p224857958652_g5p14891826593em05_s91p2_IDEA/validation_plots/validation_summary.json,/data/alice/ipardoza/Axions/results/alp_full_production/fccee_z_full_projection_fullbg_channelaware/cluster_4797476/job155_m0p224857958652_g5p14891826593em05_s91p2_IDEA/alp_histograms_summary.json,/data/alice/ipardoza/Axions/results/alp_full_production/fccee_z_full_projection_fullbg_channelaware/cluster_4797476/job155_m0p224857958652_g5p14891826593em05_s91p2_IDEA/delphes.root,results/alp_full_production/fccee_z_full_projection_fullbg_channelaware/cluster_4797476/job155_m0p224857958652_g5p14891826593em05_s91p2_IDEA/full_point_summary.csv
4797476,63,0.236435799795,4.76714344069e-07,91.2,10000,fccee_z_full_projection_fullbg_channelaware,IDEA,invisible_lower,5.380000000026269e-08,5.381021217239108e-08,True,True,invisible,0.315594623486201,0.0791588236912009,45.61058077581304,0.0108872554590035,/data/alice/ipardoza/Axions/results/alp_full_production/fccee_z_full_projection_fullbg_channelaware/cluster_4797476/job63_m0p236435799795_g4p76714344069em07_s91p2_IDEA/validation_plots/validation_summary.json,/data/alice/ipardoza/Axions/results/alp_full_production/fccee_z_full_projection_fullbg_channelaware/cluster_4797476/job63_m0p236435799795_g4p76714344069em07_s91p2_IDEA/alp_histograms_summary.json,/data/alice/ipardoza/Axions/results/alp_full_production/fccee_z_full_projection_fullbg_channelaware/cluster_4797476/job63_m0p236435799795_g4p76714344069em07_s91p2_IDEA/delphes.root,results/alp_full_production/fccee_z_full_projection_fullbg_channelaware/cluster_4797476/job63_m0p236435799795_g4p76714344069em07_s91p2_IDEA/full_point_summary.csv
4797476,156,0.236435799795,4.60067166599e-05,91.2,10000,fccee_z_full_projection_fullbg_channelaware,IDEA,invisible_upper,0.0005010800000009,0.0005011765537029,True,True,invisible,0.356236425854975,0.119800626059975,45.6470818310988,0.0473883107447719,/data/alice/ipardoza/Axions/results/alp_full_production/fccee_z_full_projection_fullbg_channelaware/cluster_4797476/job156_m0p236435799795_g4p60067166599em05_s91p2_IDEA/validation_plots/validation_summary.json,/data/alice/ipardoza/Axions/results/alp_full_production/fccee_z_full_projection_fullbg_channelaware/cluster_4797476/job156_m0p236435799795_g4p60067166599em05_s91p2_IDEA/alp_histograms_summary.json,/data/alice/ipardoza/Axions/results/alp_full_production/fccee_z_full_projection_fullbg_channelaware/cluster_4797476/job156_m0p236435799795_g4p60067166599em05_s91p2_IDEA/delphes.root,results/alp_full_production/fccee_z_full_projection_fullbg_channelaware/cluster_4797476/job156_m0p236435799795_g4p60067166599em05_s91p2_IDEA/full_point_summary.csv
4797476,64,0.24860977908,4.7676746468e-07,91.2,10000,fccee_z_full_projection_fullbg_channelaware,IDEA,invisible_lower,5.3812000000077516e-08,5.382209042599866e-08,True,True,invisible,0.3141981333494186,0.0655883542694186,45.61258887429855,0.0129277274907266,/data/alice/ipardoza/Axions/results/alp_full_production/fccee_z_full_projection_fullbg_channelaware/cluster_4797476/job64_m0p24860977908_g4p7676746468em07_s91p2_IDEA/validation_plots/validation_summary.json,/data/alice/ipardoza/Axions/results/alp_full_production/fccee_z_full_projection_fullbg_channelaware/cluster_4797476/job64_m0p24860977908_g4p7676746468em07_s91p2_IDEA/alp_histograms_summary.json,/data/alice/ipardoza/Axions/results/alp_full_production/fccee_z_full_projection_fullbg_channelaware/cluster_4797476/job64_m0p24860977908_g4p7676746468em07_s91p2_IDEA/delphes.root,results/alp_full_production/fccee_z_full_projection_fullbg_channelaware/cluster_4797476/job64_m0p24860977908_g4p7676746468em07_s91p2_IDEA/full_point_summary.csv
4797476,157,0.24860977908,4.10939577662e-05,91.2,10000,fccee_z_full_projection_fullbg_channelaware,IDEA,invisible_upper,0.0003997800000006,0.0003998556899208,True,True,invisible,0.3615168464803545,0.1129070674003544,45.61489155881957,0.0152304120117534,/data/alice/ipardoza/Axions/results/alp_full_production/fccee_z_full_projection_fullbg_channelaware/cluster_4797476/job157_m0p24860977908_g4p10939577662em05_s91p2_IDEA/validation_plots/validation_summary.json,/data/alice/ipardoza/Axions/results/alp_full_production/fccee_z_full_projection_fullbg_channelaware/cluster_4797476/job157_m0p24860977908_g4p10939577662em05_s91p2_IDEA/alp_histograms_summary.json,/data/alice/ipardoza/Axions/results/alp_full_production/fccee_z_full_projection_fullbg_channelaware/cluster_4797476/job157_m0p24860977908_g4p10939577662em05_s91p2_IDEA/delphes.root,results/alp_full_production/fccee_z_full_projection_fullbg_channelaware/cluster_4797476/job157_m0p24860977908_g4p10939577662em05_s91p2_IDEA/full_point_summary.csv
4797476,65,0.261410591406,4.76832312752e-07,91.2,10000,fccee_z_full_projection_fullbg_channelaware,IDEA,invisible_lower,5.382600000001309e-08,5.3836605991761534e-08,True,True,invisible,0.3179285386577248,0.0565179472517248,45.59382882091066,0.0057965327225701,/data/alice/ipardoza/Axions/results/alp_full_production/fccee_z_full_projection_fullbg_channelaware/cluster_4797476/job65_m0p261410591406_g4p76832312752em07_s91p2_IDEA/validation_plots/validation_summary.json,/data/alice/ipardoza/Axions/results/alp_full_production/fccee_z_full_projection_fullbg_channelaware/cluster_4797476/job65_m0p261410591406_g4p76832312752em07_s91p2_IDEA/alp_histograms_summary.json,/data/alice/ipardoza/Axions/results/alp_full_production/fccee_z_full_projection_fullbg_channelaware/cluster_4797476/job65_m0p261410591406_g4p76832312752em07_s91p2_IDEA/delphes.root,results/alp_full_production/fccee_z_full_projection_fullbg_channelaware/cluster_4797476/job65_m0p261410591406_g4p76832312752em07_s91p2_IDEA/full_point_summary.csv
4797476,158,0.261410591406,3.6692482232e-05,91.2,10000,fccee_z_full_projection_fullbg_channelaware,IDEA,invisible_upper,0.0003187200000001,0.0003187869263366,True,True,invisible,0.3669525341607649,0.1055419427547649,45.62396538720804,0.0243400335748091,/data/alice/ipardoza/Axions/results/alp_full_production/fccee_z_full_projection_fullbg_channelaware/cluster_4797476/job158_m0p261410591406_g3p6692482232em05_s91p2_IDEA/validation_plots/validation_summary.json,/data/alice/ipardoza/Axions/results/alp_full_production/fccee_z_full_projection_fullbg_channelaware/cluster_4797476/job158_m0p261410591406_g3p6692482232em05_s91p2_IDEA/alp_histograms_summary.json,/data/alice/ipardoza/Axions/results/alp_full_production/fccee_z_full_projection_fullbg_channelaware/cluster_4797476/job158_m0p261410591406_g3p6692482232em05_s91p2_IDEA/delphes.root,results/alp_full_production/fccee_z_full_projection_fullbg_channelaware/cluster_4797476/job158_m0p261410591406_g3p6692482232em05_s91p2_IDEA/full_point_summary.csv
4797476,66,0.274870512143,4.76912505876e-07,91.2,10000,fccee_z_full_projection_fullbg_channelaware,IDEA,invisible_lower,5.38440000000206e-08,5.385457565992511e-08,True,True,invisible,0.350689129696952,0.0758186175539519,45.60069975175374,0.0011139721399544,/data/alice/ipardoza/Axions/results/alp_full_production/fccee_z_full_projection_fullbg_channelaware/cluster_4797476/job66_m0p274870512143_g4p76912505876em07_s91p2_IDEA/validation_plots/validation_summary.json,/data/alice/ipardoza/Axions/results/alp_full_production/fccee_z_full_projection_fullbg_channelaware/cluster_4797476/job66_m0p274870512143_g4p76912505876em07_s91p2_IDEA/alp_histograms_summary.json,/data/alice/ipardoza/Axions/results/alp_full_production/fccee_z_full_projection_fullbg_channelaware/cluster_4797476/job66_m0p274870512143_g4p76912505876em07_s91p2_IDEA/delphes.root,results/alp_full_production/fccee_z_full_projection_fullbg_channelaware/cluster_4797476/job66_m0p274870512143_g4p76912505876em07_s91p2_IDEA/full_point_summary.csv
4797476,159,0.274870512143,3.27497975784e-05,91.2,10000,fccee_z_full_projection_fullbg_channelaware,IDEA,invisible_upper,0.00025391,0.0002539583089342,True,True,invisible,0.3721169626878222,0.0972464505448221,45.59544660456108,0.0041391750526997,/data/alice/ipardoza/Axions/results/alp_full_production/fccee_z_full_projection_fullbg_channelaware/cluster_4797476/job159_m0p274870512143_g3p27497975784em05_s91p2_IDEA/validation_plots/validation_summary.json,/data/alice/ipardoza/Axions/results/alp_full_production/fccee_z_full_projection_fullbg_channelaware/cluster_4797476/job159_m0p274870512143_g3p27497975784em05_s91p2_IDEA/alp_histograms_summary.json,/data/alice/ipardoza/Axions/results/alp_full_production/fccee_z_full_projection_fullbg_channelaware/cluster_4797476/job159_m0p274870512143_g3p27497975784em05_s91p2_IDEA/delphes.root,results/alp_full_production/fccee_z_full_projection_fullbg_channelaware/cluster_4797476/job159_m0p274870512143_g3p27497975784em05_s91p2_IDEA/full_point_summary.csv
4797476,67,0.289023478503,4.77009253937e-07,91.2,10000,fccee_z_full_projection_fullbg_channelaware,IDEA,invisible_lower,5.386600000000156e-08,5.38762730255463e-08,True,True,invisible,0.3242331251502037,0.0352096466472037,45.59632313135004,0.0032188940275617,/data/alice/ipardoza/Axions/results/alp_full_production/fccee_z_full_projection_fullbg_channelaware/cluster_4797476/job67_m0p289023478503_g4p77009253937em07_s91p2_IDEA/validation_plots/validation_summary.json,/data/alice/ipardoza/Axions/results/alp_full_production/fccee_z_full_projection_fullbg_channelaware/cluster_4797476/job67_m0p289023478503_g4p77009253937em07_s91p2_IDEA/alp_histograms_summary.json,/data/alice/ipardoza/Axions/results/alp_full_production/fccee_z_full_projection_fullbg_channelaware/cluster_4797476/job67_m0p289023478503_g4p77009253937em07_s91p2_IDEA/delphes.root,results/alp_full_production/fccee_z_full_projection_fullbg_channelaware/cluster_4797476/job67_m0p289023478503_g4p77009253937em07_s91p2_IDEA/full_point_summary.csv
4797476,160,0.289023478503,2.921874387e-05,91.2,10000,fccee_z_full_projection_fullbg_channelaware,IDEA,invisible_upper,0.0002021100000006,0.0002021468690632,True,True,invisible,0.3771083501218544,0.0880848716188544,45.58785106594807,0.0116909594295364,/data/alice/ipardoza/Axions/results/alp_full_production/fccee_z_full_projection_fullbg_channelaware/cluster_4797476/job160_m0p289023478503_g2p921874387em05_s91p2_IDEA/validation_plots/validation_summary.json,/data/alice/ipardoza/Axions/results/alp_full_production/fccee_z_full_projection_fullbg_channelaware/cluster_4797476/job160_m0p289023478503_g2p921874387em05_s91p2_IDEA/alp_histograms_summary.json,/data/alice/ipardoza/Axions/results/alp_full_production/fccee_z_full_projection_fullbg_channelaware/cluster_4797476/job160_m0p289023478503_g2p921874387em05_s91p2_IDEA/delphes.root,results/alp_full_production/fccee_z_full_projection_fullbg_channelaware/cluster_4797476/job160_m0p289023478503_g2p921874387em05_s91p2_IDEA/full_point_summary.csv
4797476,68,0.303905175113,4.7712749645e-07,91.2,10000,fccee_z_full_projection_fullbg_channelaware,IDEA,invisible_lower,5.3892000000009295e-08,5.3902814811824934e-08,True,True,invisible,0.2545987320217219,0.049306443091278,45.61789580048516,0.0184021511181669,/data/alice/ipardoza/Axions/results/alp_full_production/fccee_z_full_projection_fullbg_channelaware/cluster_4797476/job68_m0p303905175113_g4p7712749645em07_s91p2_IDEA/validation_plots/validation_summary.json,/data/alice/ipardoza/Axions/results/alp_full_production/fccee_z_full_projection_fullbg_channelaware/cluster_4797476/job68_m0p303905175113_g4p7712749645em07_s91p2_IDEA/alp_histograms_summary.json,/data/alice/ipardoza/Axions/results/alp_full_production/fccee_z_full_projection_fullbg_channelaware/cluster_4797476/job68_m0p303905175113_g4p7712749645em07_s91p2_IDEA/delphes.root,results/alp_full_production/fccee_z_full_projection_fullbg_channelaware/cluster_4797476/job68_m0p303905175113_g4p7712749645em07_s91p2_IDEA/full_point_summary.csv
4797476,161,0.303905175113,2.60569574206e-05,91.2,10000,fccee_z_full_projection_fullbg_channelaware,IDEA,invisible_upper,0.0001607300000017,0.0001607644283882,True,True,invisible,0.3864518516917148,0.0825466765787148,45.57003152827612,0.0294621210908729,/data/alice/ipardoza/Axions/results/alp_full_production/fccee_z_full_projection_fullbg_channelaware/cluster_4797476/job161_m0p303905175113_g2p60569574206em05_s91p2_IDEA/validation_plots/validation_summary.json,/data/alice/ipardoza/Axions/results/alp_full_production/fccee_z_full_projection_fullbg_channelaware/cluster_4797476/job161_m0p303905175113_g2p60569574206em05_s91p2_IDEA/alp_histograms_summary.json,/data/alice/ipardoza/Axions/results/alp_full_production/fccee_z_full_projection_fullbg_channelaware/cluster_4797476/job161_m0p303905175113_g2p60569574206em05_s91p2_IDEA/delphes.root,results/alp_full_production/fccee_z_full_projection_fullbg_channelaware/cluster_4797476/job161_m0p303905175113_g2p60569574206em05_s91p2_IDEA/full_point_summary.csv
4797476,69,0.319553123983,4.77272283154e-07,91.2,10000,fccee_z_full_projection_fullbg_channelaware,IDEA,invisible_lower,5.392500000018702e-08,5.3935344137142466e-08,True,True,invisible,0.3552114973465601,0.0356583733635601,45.60446150151201,0.0050213381295947,/data/alice/ipardoza/Axions/results/alp_full_production/fccee_z_full_projection_fullbg_channelaware/cluster_4797476/job69_m0p319553123983_g4p77272283154em07_s91p2_IDEA/validation_plots/validation_summary.json,/data/alice/ipardoza/Axions/results/alp_full_production/fccee_z_full_projection_fullbg_channelaware/cluster_4797476/job69_m0p319553123983_g4p77272283154em07_s91p2_IDEA/alp_histograms_summary.json,/data/alice/ipardoza/Axions/results/alp_full_production/fccee_z_full_projection_fullbg_channelaware/cluster_4797476/job69_m0p319553123983_g4p77272283154em07_s91p2_IDEA/delphes.root,results/alp_full_production/fccee_z_full_projection_fullbg_channelaware/cluster_4797476/job69_m0p319553123983_g4p77272283154em07_s91p2_IDEA/full_point_summary.csv
4797476,162,0.319553123983,2.32263830951e-05,91.2,10000,fccee_z_full_projection_fullbg_channelaware,IDEA,invisible_upper,0.0001277100000002,0.0001277333186811,True,True,invisible,0.3947084001010361,0.0751552761180361,45.55639258578128,0.0430475776011434,/data/alice/ipardoza/Axions/results/alp_full_production/fccee_z_full_projection_fullbg_channelaware/cluster_4797476/job162_m0p319553123983_g2p32263830951em05_s91p2_IDEA/validation_plots/validation_summary.json,/data/alice/ipardoza/Axions/results/alp_full_production/fccee_z_full_projection_fullbg_channelaware/cluster_4797476/job162_m0p319553123983_g2p32263830951em05_s91p2_IDEA/alp_histograms_summary.json,/data/alice/ipardoza/Axions/results/alp_full_production/fccee_z_full_projection_fullbg_channelaware/cluster_4797476/job162_m0p319553123983_g2p32263830951em05_s91p2_IDEA/delphes.root,results/alp_full_production/fccee_z_full_projection_fullbg_channelaware/cluster_4797476/job162_m0p319553123983_g2p32263830951em05_s91p2_IDEA/full_point_summary.csv
4797476,70,0.33600677912,4.77449363716e-07,91.2,10000,fccee_z_full_projection_fullbg_channelaware,IDEA,invisible_lower,5.396400000003573e-08,5.39751644286553e-08,True,True,invisible,0.3357643634080887,0.0002424157119113,45.58838369133907,0.0109973363165565,/data/alice/ipardoza/Axions/results/alp_full_production/fccee_z_full_projection_fullbg_channelaware/cluster_4797476/job70_m0p33600677912_g4p77449363716em07_s91p2_IDEA/validation_plots/validation_summary.json,/data/alice/ipardoza/Axions/results/alp_full_production/fccee_z_full_projection_fullbg_channelaware/cluster_4797476/job70_m0p33600677912_g4p77449363716em07_s91p2_IDEA/alp_histograms_summary.json,/data/alice/ipardoza/Axions/results/alp_full_production/fccee_z_full_projection_fullbg_channelaware/cluster_4797476/job70_m0p33600677912_g4p77449363716em07_s91p2_IDEA/delphes.root,results/alp_full_production/fccee_z_full_projection_fullbg_channelaware/cluster_4797476/job70_m0p33600677912_g4p77449363716em07_s91p2_IDEA/full_point_summary.csv
4797476,163,0.33600677912,2.06928419593e-05,91.2,10000,fccee_z_full_projection_fullbg_channelaware,IDEA,invisible_upper,0.00010137,0.0001013863802544,True,True,invisible,0.4056459366344913,0.0696391575144913,45.55399712705108,0.0453839006045413,/data/alice/ipardoza/Axions/results/alp_full_production/fccee_z_full_projection_fullbg_channelaware/cluster_4797476/job163_m0p33600677912_g2p06928419593em05_s91p2_IDEA/validation_plots/validation_summary.json,/data/alice/ipardoza/Axions/results/alp_full_production/fccee_z_full_projection_fullbg_channelaware/cluster_4797476/job163_m0p33600677912_g2p06928419593em05_s91p2_IDEA/alp_histograms_summary.json,/data/alice/ipardoza/Axions/results/alp_full_production/fccee_z_full_projection_fullbg_channelaware/cluster_4797476/job163_m0p33600677912_g2p06928419593em05_s91p2_IDEA/delphes.root,results/alp_full_production/fccee_z_full_projection_fullbg_channelaware/cluster_4797476/job163_m0p33600677912_g2p06928419593em05_s91p2_IDEA/full_point_summary.csv
4797476,71,0.353307625997,4.77666024549e-07,91.2,10000,fccee_z_full_projection_fullbg_channelaware,IDEA,invisible_lower,5.40130000000576e-08,5.402392973073877e-08,True,True,invisible,0.3574577451038819,0.0041501191068819,45.60899204941512,0.0096764040126373,/data/alice/ipardoza/Axions/results/alp_full_production/fccee_z_full_projection_fullbg_channelaware/cluster_4797476/job71_m0p353307625997_g4p77666024549em07_s91p2_IDEA/validation_plots/validation_summary.json,/data/alice/ipardoza/Axions/results/alp_full_production/fccee_z_full_projection_fullbg_channelaware/cluster_4797476/job71_m0p353307625997_g4p77666024549em07_s91p2_IDEA/alp_histograms_summary.json,/data/alice/ipardoza/Axions/results/alp_full_production/fccee_z_full_projection_fullbg_channelaware/cluster_4797476/job71_m0p353307625997_g4p77666024549em07_s91p2_IDEA/delphes.root,results/alp_full_production/fccee_z_full_projection_fullbg_channelaware/cluster_4797476/job71_m0p353307625997_g4p77666024549em07_s91p2_IDEA/full_point_summary.csv
4797476,164,0.353307625997,1.84256378197e-05,91.2,10000,fccee_z_full_projection_fullbg_channelaware,IDEA,invisible_upper,8.037100000005472e-05,8.038639053493406e-05,True,True,invisible,0.4086089856579198,0.0553013596609198,45.5350517568975,0.0642638885049748,/data/alice/ipardoza/Axions/results/alp_full_production/fccee_z_full_projection_fullbg_channelaware/cluster_4797476/job164_m0p353307625997_g1p84256378197em05_s91p2_IDEA/validation_plots/validation_summary.json,/data/alice/ipardoza/Axions/results/alp_full_production/fccee_z_full_projection_fullbg_channelaware/cluster_4797476/job164_m0p353307625997_g1p84256378197em05_s91p2_IDEA/alp_histograms_summary.json,/data/alice/ipardoza/Axions/results/alp_full_production/fccee_z_full_projection_fullbg_channelaware/cluster_4797476/job164_m0p353307625997_g1p84256378197em05_s91p2_IDEA/delphes.root,results/alp_full_production/fccee_z_full_projection_fullbg_channelaware/cluster_4797476/job164_m0p353307625997_g1p84256378197em05_s91p2_IDEA/full_point_summary.csv
4797476,72,0.371499286159,4.77931263617e-07,91.2,10000,fccee_z_full_projection_fullbg_channelaware,IDEA,invisible_lower,5.4073000000200857e-08,5.4083686139636136e-08,True,True,invisible,0.3403559467106154,0.0311433394483846,45.61167645648717,0.0124330996868167,/data/alice/ipardoza/Axions/results/alp_full_production/fccee_z_full_projection_fullbg_channelaware/cluster_4797476/job72_m0p371499286159_g4p77931263617em07_s91p2_IDEA/validation_plots/validation_summary.json,/data/alice/ipardoza/Axions/results/alp_full_production/fccee_z_full_projection_fullbg_channelaware/cluster_4797476/job72_m0p371499286159_g4p77931263617em07_s91p2_IDEA/alp_histograms_summary.json,/data/alice/ipardoza/Axions/results/alp_full_production/fccee_z_full_projection_fullbg_channelaware/cluster_4797476/job72_m0p371499286159_g4p77931263617em07_s91p2_IDEA/delphes.root,results/alp_full_production/fccee_z_full_projection_fullbg_channelaware/cluster_4797476/job72_m0p371499286159_g4p77931263617em07_s91p2_IDEA/full_point_summary.csv
4797476,165,0.371499286159,1.63972034928e-05,91.2,10000,fccee_z_full_projection_fullbg_channelaware,IDEA,invisible_upper,6.364900000002126e-05,6.366122267521369e-05,True,True,invisible,0.4178322113401426,0.0463329251811426,45.55439837863233,0.0448449781680224,/data/alice/ipardoza/Axions/results/alp_full_production/fccee_z_full_projection_fullbg_channelaware/cluster_4797476/job165_m0p371499286159_g1p63972034928em05_s91p2_IDEA/validation_plots/validation_summary.json,/data/alice/ipardoza/Axions/results/alp_full_production/fccee_z_full_projection_fullbg_channelaware/cluster_4797476/job165_m0p371499286159_g1p63972034928em05_s91p2_IDEA/alp_histograms_summary.json,/data/alice/ipardoza/Axions/results/alp_full_production/fccee_z_full_projection_fullbg_channelaware/cluster_4797476/job165_m0p371499286159_g1p63972034928em05_s91p2_IDEA/delphes.root,results/alp_full_production/fccee_z_full_projection_fullbg_channelaware/cluster_4797476/job165_m0p371499286159_g1p63972034928em05_s91p2_IDEA/full_point_summary.csv
4797476,73,0.390627627205,4.78256187186e-07,91.2,10000,fccee_z_full_projection_fullbg_channelaware,IDEA,invisible_lower,5.4146000000009444e-08,5.41569644044999e-08,True,True,invisible,0.3791457699277462,0.0114818572772537,45.59336342500867,0.0058000073206301,/data/alice/ipardoza/Axions/results/alp_full_production/fccee_z_full_projection_fullbg_channelaware/cluster_4797476/job73_m0p390627627205_g4p78256187186em07_s91p2_IDEA/validation_plots/validation_summary.json,/data/alice/ipardoza/Axions/results/alp_full_production/fccee_z_full_projection_fullbg_channelaware/cluster_4797476/job73_m0p390627627205_g4p78256187186em07_s91p2_IDEA/alp_histograms_summary.json,/data/alice/ipardoza/Axions/results/alp_full_production/fccee_z_full_projection_fullbg_channelaware/cluster_4797476/job73_m0p390627627205_g4p78256187186em07_s91p2_IDEA/delphes.root,results/alp_full_production/fccee_z_full_projection_fullbg_channelaware/cluster_4797476/job73_m0p390627627205_g4p78256187186em07_s91p2_IDEA/full_point_summary.csv
4797476,166,0.390627627205,1.45827850793e-05,91.2,10000,fccee_z_full_projection_fullbg_channelaware,IDEA,invisible_upper,5.03420000003102e-05,5.035169204895046e-05,True,True,invisible,0.4287823935032699,0.0381547662982699,45.51382841471816,0.0853350176111433,/data/alice/ipardoza/Axions/results/alp_full_production/fccee_z_full_projection_fullbg_channelaware/cluster_4797476/job166_m0p390627627205_g1p45827850793em05_s91p2_IDEA/validation_plots/validation_summary.json,/data/alice/ipardoza/Axions/results/alp_full_production/fccee_z_full_projection_fullbg_channelaware/cluster_4797476/job166_m0p390627627205_g1p45827850793em05_s91p2_IDEA/alp_histograms_summary.json,/data/alice/ipardoza/Axions/results/alp_full_production/fccee_z_full_projection_fullbg_channelaware/cluster_4797476/job166_m0p390627627205_g1p45827850793em05_s91p2_IDEA/delphes.root,results/alp_full_production/fccee_z_full_projection_fullbg_channelaware/cluster_4797476/job166_m0p390627627205_g1p45827850793em05_s91p2_IDEA/full_point_summary.csv
4797476,74,0.410740878438,4.7865454317e-07,91.2,10000,fccee_z_full_projection_fullbg_channelaware,IDEA,invisible_lower,5.4236000000063696e-08,5.4246904986781874e-08,True,True,invisible,0.3752396381714127,0.0355012402665873,45.58588131560767,0.0131937498023049,/data/alice/ipardoza/Axions/results/alp_full_production/fccee_z_full_projection_fullbg_channelaware/cluster_4797476/job74_m0p410740878438_g4p7865454317em07_s91p2_IDEA/validation_plots/validation_summary.json,/data/alice/ipardoza/Axions/results/alp_full_production/fccee_z_full_projection_fullbg_channelaware/cluster_4797476/job74_m0p410740878438_g4p7865454317em07_s91p2_IDEA/alp_histograms_summary.json,/data/alice/ipardoza/Axions/results/alp_full_production/fccee_z_full_projection_fullbg_channelaware/cluster_4797476/job74_m0p410740878438_g4p7865454317em07_s91p2_IDEA/delphes.root,results/alp_full_production/fccee_z_full_projection_fullbg_channelaware/cluster_4797476/job74_m0p410740878438_g4p7865454317em07_s91p2_IDEA/full_point_summary.csv
4797476,167,0.410740878438,1.29601554215e-05,91.2,10000,fccee_z_full_projection_fullbg_channelaware,IDEA,invisible_upper,3.97620000000318e-05,3.976958083295112e-05,True,True,invisible,0.4403616316466303,0.0296207532086302,45.52741847418242,0.0716565912275584,/data/alice/ipardoza/Axions/results/alp_full_production/fccee_z_full_projection_fullbg_channelaware/cluster_4797476/job167_m0p410740878438_g1p29601554215em05_s91p2_IDEA/validation_plots/validation_summary.json,/data/alice/ipardoza/Axions/results/alp_full_production/fccee_z_full_projection_fullbg_channelaware/cluster_4797476/job167_m0p410740878438_g1p29601554215em05_s91p2_IDEA/alp_histograms_summary.json,/data/alice/ipardoza/Axions/results/alp_full_production/fccee_z_full_projection_fullbg_channelaware/cluster_4797476/job167_m0p410740878438_g1p29601554215em05_s91p2_IDEA/delphes.root,results/alp_full_production/fccee_z_full_projection_fullbg_channelaware/cluster_4797476/job167_m0p410740878438_g1p29601554215em05_s91p2_IDEA/full_point_summary.csv
4797476,75,0.431889752465,4.79143124228e-07,91.2,10000,fccee_z_full_projection_fullbg_channelaware,IDEA,invisible_lower,5.4347000000113466e-08,5.4357355899966285e-08,True,True,invisible,0.3709175625099585,0.0609721899550414,45.58292902904264,0.0160483352211571,/data/alice/ipardoza/Axions/results/alp_full_production/fccee_z_full_projection_fullbg_channelaware/cluster_4797476/job75_m0p431889752465_g4p79143124228em07_s91p2_IDEA/validation_plots/validation_summary.json,/data/alice/ipardoza/Axions/results/alp_full_production/fccee_z_full_projection_fullbg_channelaware/cluster_4797476/job75_m0p431889752465_g4p79143124228em07_s91p2_IDEA/alp_histograms_summary.json,/data/alice/ipardoza/Axions/results/alp_full_production/fccee_z_full_projection_fullbg_channelaware/cluster_4797476/job75_m0p431889752465_g4p79143124228em07_s91p2_IDEA/delphes.root,results/alp_full_production/fccee_z_full_projection_fullbg_channelaware/cluster_4797476/job75_m0p431889752465_g4p79143124228em07_s91p2_IDEA/full_point_summary.csv
4797476,168,0.431889752465,1.15093576363e-05,91.2,10000,fccee_z_full_projection_fullbg_channelaware,IDEA,invisible_upper,3.1358000000003056e-05,3.136389369671689e-05,True,True,invisible,0.4516078082155501,0.0197180557505501,45.52119132477033,0.0777860394934677,/data/alice/ipardoza/Axions/results/alp_full_production/fccee_z_full_projection_fullbg_channelaware/cluster_4797476/job168_m0p431889752465_g1p15093576363em05_s91p2_IDEA/validation_plots/validation_summary.json,/data/alice/ipardoza/Axions/results/alp_full_production/fccee_z_full_projection_fullbg_channelaware/cluster_4797476/job168_m0p431889752465_g1p15093576363em05_s91p2_IDEA/alp_histograms_summary.json,/data/alice/ipardoza/Axions/results/alp_full_production/fccee_z_full_projection_fullbg_channelaware/cluster_4797476/job168_m0p431889752465_g1p15093576363em05_s91p2_IDEA/delphes.root,results/alp_full_production/fccee_z_full_projection_fullbg_channelaware/cluster_4797476/job168_m0p431889752465_g1p15093576363em05_s91p2_IDEA/full_point_summary.csv
4797476,76,0.454127573068,4.79743932797e-07,91.2,10000,fccee_z_full_projection_fullbg_channelaware,IDEA,invisible_lower,5.448300000018124e-08,5.44933739646661e-08,True,True,invisible,0.3733495863802407,0.0807779866877593,45.59959311026056,0.0007237673472957,/data/alice/ipardoza/Axions/results/alp_full_production/fccee_z_full_projection_fullbg_channelaware/cluster_4797476/job76_m0p454127573068_g4p79743932797em07_s91p2_IDEA/validation_plots/validation_summary.json,/data/alice/ipardoza/Axions/results/alp_full_production/fccee_z_full_projection_fullbg_channelaware/cluster_4797476/job76_m0p454127573068_g4p79743932797em07_s91p2_IDEA/alp_histograms_summary.json,/data/alice/ipardoza/Axions/results/alp_full_production/fccee_z_full_projection_fullbg_channelaware/cluster_4797476/job76_m0p454127573068_g4p79743932797em07_s91p2_IDEA/delphes.root,results/alp_full_production/fccee_z_full_projection_fullbg_channelaware/cluster_4797476/job76_m0p454127573068_g4p79743932797em07_s91p2_IDEA/full_point_summary.csv
4797476,169,0.454127573068,1.02124725409e-05,91.2,10000,fccee_z_full_projection_fullbg_channelaware,IDEA,invisible_upper,2.4689000000009843e-05,2.4693720017873312e-05,True,True,invisible,0.4648815143587235,0.0107539412907235,45.50085185775814,0.0980174851551254,/data/alice/ipardoza/Axions/results/alp_full_production/fccee_z_full_projection_fullbg_channelaware/cluster_4797476/job169_m0p454127573068_g1p02124725409em05_s91p2_IDEA/validation_plots/validation_summary.json,/data/alice/ipardoza/Axions/results/alp_full_production/fccee_z_full_projection_fullbg_channelaware/cluster_4797476/job169_m0p454127573068_g1p02124725409em05_s91p2_IDEA/alp_histograms_summary.json,/data/alice/ipardoza/Axions/results/alp_full_production/fccee_z_full_projection_fullbg_channelaware/cluster_4797476/job169_m0p454127573068_g1p02124725409em05_s91p2_IDEA/delphes.root,results/alp_full_production/fccee_z_full_projection_fullbg_channelaware/cluster_4797476/job169_m0p454127573068_g1p02124725409em05_s91p2_IDEA/full_point_summary.csv
4797476,77,0.477510409643,4.80482740386e-07,91.2,10000,fccee_z_full_projection_fullbg_channelaware,IDEA,invisible_lower,5.465000000008201e-08,5.4660913729965474e-08,True,True,invisible,0.3942636791265236,0.0832467305164764,45.60213182393357,0.003381912701748,/data/alice/ipardoza/Axions/results/alp_full_production/fccee_z_full_projection_fullbg_channelaware/cluster_4797476/job77_m0p477510409643_g4p80482740386em07_s91p2_IDEA/validation_plots/validation_summary.json,/data/alice/ipardoza/Axions/results/alp_full_production/fccee_z_full_projection_fullbg_channelaware/cluster_4797476/job77_m0p477510409643_g4p80482740386em07_s91p2_IDEA/alp_histograms_summary.json,/data/alice/ipardoza/Axions/results/alp_full_production/fccee_z_full_projection_fullbg_channelaware/cluster_4797476/job77_m0p477510409643_g4p80482740386em07_s91p2_IDEA/delphes.root,results/alp_full_production/fccee_z_full_projection_fullbg_channelaware/cluster_4797476/job77_m0p477510409643_g4p80482740386em07_s91p2_IDEA/full_point_summary.csv
4797476,170,0.477510409643,9.05341141115e-06,91.2,10000,fccee_z_full_projection_fullbg_channelaware,IDEA,invisible_upper,1.9403000000039564e-05,1.9406437424480277e-05,True,True,invisible,0.4782373639065693,0.0007269542635692,45.48689093363882,0.1118589775930019,/data/alice/ipardoza/Axions/results/alp_full_production/fccee_z_full_projection_fullbg_channelaware/cluster_4797476/job170_m0p477510409643_g9p05341141115em06_s91p2_IDEA/validation_plots/validation_summary.json,/data/alice/ipardoza/Axions/results/alp_full_production/fccee_z_full_projection_fullbg_channelaware/cluster_4797476/job170_m0p477510409643_g9p05341141115em06_s91p2_IDEA/alp_histograms_summary.json,/data/alice/ipardoza/Axions/results/alp_full_production/fccee_z_full_projection_fullbg_channelaware/cluster_4797476/job170_m0p477510409643_g9p05341141115em06_s91p2_IDEA/delphes.root,results/alp_full_production/fccee_z_full_projection_fullbg_channelaware/cluster_4797476/job170_m0p477510409643_g9p05341141115em06_s91p2_IDEA/full_point_summary.csv
4797476,78,0.502097218579,4.81393264095e-07,91.2,10000,fccee_z_full_projection_fullbg_channelaware,IDEA,invisible_lower,5.485700000002703e-08,5.4867800244101284e-08,True,True,invisible,0.3984673445778233,0.1036298740011766,45.60058592628316,0.0019680623407509,/data/alice/ipardoza/Axions/results/alp_full_production/fccee_z_full_projection_fullbg_channelaware/cluster_4797476/job78_m0p502097218579_g4p81393264095em07_s91p2_IDEA/validation_plots/validation_summary.json,/data/alice/ipardoza/Axions/results/alp_full_production/fccee_z_full_projection_fullbg_channelaware/cluster_4797476/job78_m0p502097218579_g4p81393264095em07_s91p2_IDEA/alp_histograms_summary.json,/data/alice/ipardoza/Axions/results/alp_full_production/fccee_z_full_projection_fullbg_channelaware/cluster_4797476/job78_m0p502097218579_g4p81393264095em07_s91p2_IDEA/delphes.root,results/alp_full_production/fccee_z_full_projection_fullbg_channelaware/cluster_4797476/job78_m0p502097218579_g4p81393264095em07_s91p2_IDEA/full_point_summary.csv
4797476,171,0.502097218579,8.0177269369e-06,91.2,10000,fccee_z_full_projection_fullbg_channelaware,IDEA,invisible_upper,1.5217000000008848e-05,1.522018926797762e-05,True,True,invisible,0.4902308735060205,0.0118663450729794,45.49049320254041,0.1081246614020017,/data/alice/ipardoza/Axions/results/alp_full_production/fccee_z_full_projection_fullbg_channelaware/cluster_4797476/job171_m0p502097218579_g8p0177269369em06_s91p2_IDEA/validation_plots/validation_summary.json,/data/alice/ipardoza/Axions/results/alp_full_production/fccee_z_full_projection_fullbg_channelaware/cluster_4797476/job171_m0p502097218579_g8p0177269369em06_s91p2_IDEA/alp_histograms_summary.json,/data/alice/ipardoza/Axions/results/alp_full_production/fccee_z_full_projection_fullbg_channelaware/cluster_4797476/job171_m0p502097218579_g8p0177269369em06_s91p2_IDEA/delphes.root,results/alp_full_production/fccee_z_full_projection_fullbg_channelaware/cluster_4797476/job171_m0p502097218579_g8p0177269369em06_s91p2_IDEA/full_point_summary.csv
4797476,79,0.527949991904,4.82517375405e-07,91.2,10000,fccee_z_full_projection_fullbg_channelaware,IDEA,invisible_lower,5.5113000000182726e-08,5.5123815801973774e-08,True,True,invisible,0.4294730349956603,0.0984769569083396,45.58250203490464,0.0159698335495761,/data/alice/ipardoza/Axions/results/alp_full_production/fccee_z_full_projection_fullbg_channelaware/cluster_4797476/job79_m0p527949991904_g4p82517375405em07_s91p2_IDEA/validation_plots/validation_summary.json,/data/alice/ipardoza/Axions/results/alp_full_production/fccee_z_full_projection_fullbg_channelaware/cluster_4797476/job79_m0p527949991904_g4p82517375405em07_s91p2_IDEA/alp_histograms_summary.json,/data/alice/ipardoza/Axions/results/alp_full_production/fccee_z_full_projection_fullbg_channelaware/cluster_4797476/job79_m0p527949991904_g4p82517375405em07_s91p2_IDEA/delphes.root,results/alp_full_production/fccee_z_full_projection_fullbg_channelaware/cluster_4797476/job79_m0p527949991904_g4p82517375405em07_s91p2_IDEA/full_point_summary.csv
4797476,172,0.527949991904,7.09244613333e-06,91.2,10000,fccee_z_full_projection_fullbg_channelaware,IDEA,invisible_upper,1.1908000000003592e-05,1.1909826949243812e-05,True,True,invisible,0.5071526113823281,0.0207973805216719,45.46672514955283,0.1317467189013825,/data/alice/ipardoza/Axions/results/alp_full_production/fccee_z_full_projection_fullbg_channelaware/cluster_4797476/job172_m0p527949991904_g7p09244613333em06_s91p2_IDEA/validation_plots/validation_summary.json,/data/alice/ipardoza/Axions/results/alp_full_production/fccee_z_full_projection_fullbg_channelaware/cluster_4797476/job172_m0p527949991904_g7p09244613333em06_s91p2_IDEA/alp_histograms_summary.json,/data/alice/ipardoza/Axions/results/alp_full_production/fccee_z_full_projection_fullbg_channelaware/cluster_4797476/job172_m0p527949991904_g7p09244613333em06_s91p2_IDEA/delphes.root,results/alp_full_production/fccee_z_full_projection_fullbg_channelaware/cluster_4797476/job172_m0p527949991904_g7p09244613333em06_s91p2_IDEA/full_point_summary.csv
4797476,80,0.555133913587,4.8390917568e-07,91.2,10000,fccee_z_full_projection_fullbg_channelaware,IDEA,invisible_lower,5.543100000004092e-08,5.5441690121346074e-08,True,True,invisible,0.4375557782222873,0.1175781353647127,45.60332106545079,0.0050106140364007,/data/alice/ipardoza/Axions/results/alp_full_production/fccee_z_full_projection_fullbg_channelaware/cluster_4797476/job80_m0p555133913587_g4p8390917568em07_s91p2_IDEA/validation_plots/validation_summary.json,/data/alice/ipardoza/Axions/results/alp_full_production/fccee_z_full_projection_fullbg_channelaware/cluster_4797476/job80_m0p555133913587_g4p8390917568em07_s91p2_IDEA/alp_histograms_summary.json,/data/alice/ipardoza/Axions/results/alp_full_production/fccee_z_full_projection_fullbg_channelaware/cluster_4797476/job80_m0p555133913587_g4p8390917568em07_s91p2_IDEA/delphes.root,results/alp_full_production/fccee_z_full_projection_fullbg_channelaware/cluster_4797476/job80_m0p555133913587_g4p8390917568em07_s91p2_IDEA/full_point_summary.csv
4797476,173,0.555133913587,6.26591188787e-06,91.2,10000,fccee_z_full_projection_fullbg_channelaware,IDEA,invisible_upper,9.293800000003104e-06,9.295597573288576e-06,True,True,invisible,0.5206669532174977,0.0344669603695023,45.46157676808348,0.1367336833309096,/data/alice/ipardoza/Axions/results/alp_full_production/fccee_z_full_projection_fullbg_channelaware/cluster_4797476/job173_m0p555133913587_g6p26591188787em06_s91p2_IDEA/validation_plots/validation_summary.json,/data/alice/ipardoza/Axions/results/alp_full_production/fccee_z_full_projection_fullbg_channelaware/cluster_4797476/job173_m0p555133913587_g6p26591188787em06_s91p2_IDEA/alp_histograms_summary.json,/data/alice/ipardoza/Axions/results/alp_full_production/fccee_z_full_projection_fullbg_channelaware/cluster_4797476/job173_m0p555133913587_g6p26591188787em06_s91p2_IDEA/delphes.root,results/alp_full_production/fccee_z_full_projection_fullbg_channelaware/cluster_4797476/job173_m0p555133913587_g6p26591188787em06_s91p2_IDEA/full_point_summary.csv
4797476,81,0.583717523896,4.85637678916e-07,91.2,10000,fccee_z_full_projection_fullbg_channelaware,IDEA,invisible_lower,5.582700000008954e-08,5.583781263177869e-08,True,True,invisible,0.4622535888243604,0.1214639350716395,45.596706755414615,0.0014252284247291,/data/alice/ipardoza/Axions/results/alp_full_production/fccee_z_full_projection_fullbg_channelaware/cluster_4797476/job81_m0p583717523896_g4p85637678916em07_s91p2_IDEA/validation_plots/validation_summary.json,/data/alice/ipardoza/Axions/results/alp_full_production/fccee_z_full_projection_fullbg_channelaware/cluster_4797476/job81_m0p583717523896_g4p85637678916em07_s91p2_IDEA/alp_histograms_summary.json,/data/alice/ipardoza/Axions/results/alp_full_production/fccee_z_full_projection_fullbg_channelaware/cluster_4797476/job81_m0p583717523896_g4p85637678916em07_s91p2_IDEA/delphes.root,results/alp_full_production/fccee_z_full_projection_fullbg_channelaware/cluster_4797476/job81_m0p583717523896_g4p85637678916em07_s91p2_IDEA/full_point_summary.csv
4797476,174,0.583717523896,5.52764980678e-06,91.2,10000,fccee_z_full_projection_fullbg_channelaware,IDEA,invisible_upper,7.232700000000613e-06,7.2341030385479856e-06,True,True,invisible,0.5392516435102687,0.0444658803857312,45.46402178858848,0.1341101952508694,/data/alice/ipardoza/Axions/results/alp_full_production/fccee_z_full_projection_fullbg_channelaware/cluster_4797476/job174_m0p583717523896_g5p52764980678em06_s91p2_IDEA/validation_plots/validation_summary.json,/data/alice/ipardoza/Axions/results/alp_full_production/fccee_z_full_projection_fullbg_channelaware/cluster_4797476/job174_m0p583717523896_g5p52764980678em06_s91p2_IDEA/alp_histograms_summary.json,/data/alice/ipardoza/Axions/results/alp_full_production/fccee_z_full_projection_fullbg_channelaware/cluster_4797476/job174_m0p583717523896_g5p52764980678em06_s91p2_IDEA/delphes.root,results/alp_full_production/fccee_z_full_projection_fullbg_channelaware/cluster_4797476/job174_m0p583717523896_g5p52764980678em06_s91p2_IDEA/full_point_summary.csv
4797476,82,0.613772892204,4.87793081041e-07,91.2,10000,fccee_z_full_projection_fullbg_channelaware,IDEA,invisible_lower,5.6323000000136194e-08,5.633383031753666e-08,True,True,invisible,0.4464615047404385,0.1673113874635614,45.57483251012889,0.023102154546521,/data/alice/ipardoza/Axions/results/alp_full_production/fccee_z_full_projection_fullbg_channelaware/cluster_4797476/job82_m0p613772892204_g4p87793081041em07_s91p2_IDEA/validation_plots/validation_summary.json,/data/alice/ipardoza/Axions/results/alp_full_production/fccee_z_full_projection_fullbg_channelaware/cluster_4797476/job82_m0p613772892204_g4p87793081041em07_s91p2_IDEA/alp_histograms_summary.json,/data/alice/ipardoza/Axions/results/alp_full_production/fccee_z_full_projection_fullbg_channelaware/cluster_4797476/job82_m0p613772892204_g4p87793081041em07_s91p2_IDEA/delphes.root,results/alp_full_production/fccee_z_full_projection_fullbg_channelaware/cluster_4797476/job82_m0p613772892204_g4p87793081041em07_s91p2_IDEA/full_point_summary.csv
4797476,175,0.613772892204,4.86823648727e-06,91.2,10000,fccee_z_full_projection_fullbg_channelaware,IDEA,invisible_upper,5.60990000002069e-06,5.611013887848471e-06,True,True,invisible,0.5579688494536585,0.0558040427503414,45.444706922013474,0.1532277426619401,/data/alice/ipardoza/Axions/results/alp_full_production/fccee_z_full_projection_fullbg_channelaware/cluster_4797476/job175_m0p613772892204_g4p86823648727em06_s91p2_IDEA/validation_plots/validation_summary.json,/data/alice/ipardoza/Axions/results/alp_full_production/fccee_z_full_projection_fullbg_channelaware/cluster_4797476/job175_m0p613772892204_g4p86823648727em06_s91p2_IDEA/alp_histograms_summary.json,/data/alice/ipardoza/Axions/results/alp_full_production/fccee_z_full_projection_fullbg_channelaware/cluster_4797476/job175_m0p613772892204_g4p86823648727em06_s91p2_IDEA/delphes.root,results/alp_full_production/fccee_z_full_projection_fullbg_channelaware/cluster_4797476/job175_m0p613772892204_g4p86823648727em06_s91p2_IDEA/full_point_summary.csv
4797476,186,0.613772892204,1.64234412574e-05,91.2,10000,fccee_z_full_projection_fullbg_channelaware,IDEA,resolved_prompt,6.384700000004951e-05,6.385962037094453e-05,True,True,resolved_prompt,0.6383193220902209,0.0245464298862209,45.426725952417904,0.1712087122575099,/data/alice/ipardoza/Axions/results/alp_full_production/fccee_z_full_projection_fullbg_channelaware/cluster_4797476/job186_m0p613772892204_g1p64234412574em05_s91p2_IDEA/validation_plots/validation_summary.json,/data/alice/ipardoza/Axions/results/alp_full_production/fccee_z_full_projection_fullbg_channelaware/cluster_4797476/job186_m0p613772892204_g1p64234412574em05_s91p2_IDEA/alp_histograms_summary.json,/data/alice/ipardoza/Axions/results/alp_full_production/fccee_z_full_projection_fullbg_channelaware/cluster_4797476/job186_m0p613772892204_g1p64234412574em05_s91p2_IDEA/delphes.root,results/alp_full_production/fccee_z_full_projection_fullbg_channelaware/cluster_4797476/job186_m0p613772892204_g1p64234412574em05_s91p2_IDEA/full_point_summary.csv
4797476,83,0.645375798708,4.90494514574e-07,91.2,10000,fccee_z_full_projection_fullbg_channelaware,IDEA,invisible_lower,5.694800000009879e-08,5.69587022230063e-08,True,True,invisible,0.4778050649911165,0.1675707337168834,45.58378860728922,0.0139278953338148,/data/alice/ipardoza/Axions/results/alp_full_production/fccee_z_full_projection_fullbg_channelaware/cluster_4797476/job83_m0p645375798708_g4p90494514574em07_s91p2_IDEA/validation_plots/validation_summary.json,/data/alice/ipardoza/Axions/results/alp_full_production/fccee_z_full_projection_fullbg_channelaware/cluster_4797476/job83_m0p645375798708_g4p90494514574em07_s91p2_IDEA/alp_histograms_summary.json,/data/alice/ipardoza/Axions/results/alp_full_production/fccee_z_full_projection_fullbg_channelaware/cluster_4797476/job83_m0p645375798708_g4p90494514574em07_s91p2_IDEA/delphes.root,results/alp_full_production/fccee_z_full_projection_fullbg_channelaware/cluster_4797476/job83_m0p645375798708_g4p90494514574em07_s91p2_IDEA/full_point_summary.csv
4797476,176,0.645375798708,4.2791829878e-06,91.2,10000,fccee_z_full_projection_fullbg_channelaware,IDEA,invisible_upper,4.33440000000091e-06,4.335243467867794e-06,True,True,invisible,0.5750802960956061,0.0702955026123939,45.46402508102528,0.13369142159776,/data/alice/ipardoza/Axions/results/alp_full_production/fccee_z_full_projection_fullbg_channelaware/cluster_4797476/job176_m0p645375798708_g4p2791829878em06_s91p2_IDEA/validation_plots/validation_summary.json,/data/alice/ipardoza/Axions/results/alp_full_production/fccee_z_full_projection_fullbg_channelaware/cluster_4797476/job176_m0p645375798708_g4p2791829878em06_s91p2_IDEA/alp_histograms_summary.json,/data/alice/ipardoza/Axions/results/alp_full_production/fccee_z_full_projection_fullbg_channelaware/cluster_4797476/job176_m0p645375798708_g4p2791829878em06_s91p2_IDEA/delphes.root,results/alp_full_production/fccee_z_full_projection_fullbg_channelaware/cluster_4797476/job176_m0p645375798708_g4p2791829878em06_s91p2_IDEA/full_point_summary.csv
4797476,187,0.645375798708,1.57508504264e-05,91.2,10000,fccee_z_full_projection_fullbg_channelaware,IDEA,resolved_prompt,5.872400000017571e-05,5.873538105107268e-05,True,True,resolved_prompt,0.6684128899314978,0.0230370912234978,45.43921247876772,0.1585040238553219,/data/alice/ipardoza/Axions/results/alp_full_production/fccee_z_full_projection_fullbg_channelaware/cluster_4797476/job187_m0p645375798708_g1p57508504264em05_s91p2_IDEA/validation_plots/validation_summary.json,/data/alice/ipardoza/Axions/results/alp_full_production/fccee_z_full_projection_fullbg_channelaware/cluster_4797476/job187_m0p645375798708_g1p57508504264em05_s91p2_IDEA/alp_histograms_summary.json,/data/alice/ipardoza/Axions/results/alp_full_production/fccee_z_full_projection_fullbg_channelaware/cluster_4797476/job187_m0p645375798708_g1p57508504264em05_s91p2_IDEA/delphes.root,results/alp_full_production/fccee_z_full_projection_fullbg_channelaware/cluster_4797476/job187_m0p645375798708_g1p57508504264em05_s91p2_IDEA/full_point_summary.csv
4797476,84,0.678605925496,4.93902529471e-07,91.2,10000,fccee_z_full_projection_fullbg_channelaware,IDEA,invisible_lower,5.774100000003423e-08,5.775204729942556e-08,True,True,invisible,0.4862820654819274,0.1923238600140725,45.58499486127616,0.0124804347648606,/data/alice/ipardoza/Axions/results/alp_full_production/fccee_z_full_projection_fullbg_channelaware/cluster_4797476/job84_m0p678605925496_g4p93902529471em07_s91p2_IDEA/validation_plots/validation_summary.json,/data/alice/ipardoza/Axions/results/alp_full_production/fccee_z_full_projection_fullbg_channelaware/cluster_4797476/job84_m0p678605925496_g4p93902529471em07_s91p2_IDEA/alp_histograms_summary.json,/data/alice/ipardoza/Axions/results/alp_full_production/fccee_z_full_projection_fullbg_channelaware/cluster_4797476/job84_m0p678605925496_g4p93902529471em07_s91p2_IDEA/delphes.root,results/alp_full_production/fccee_z_full_projection_fullbg_channelaware/cluster_4797476/job84_m0p678605925496_g4p93902529471em07_s91p2_IDEA/full_point_summary.csv
4797476,177,0.678605925496,3.75282601898e-06,91.2,10000,fccee_z_full_projection_fullbg_channelaware,IDEA,invisible_upper,3.3336000000339797e-06,3.3342775305018484e-06,True,True,invisible,0.5919173256419716,0.0866885998540283,45.44284886871679,0.1546264273242314,/data/alice/ipardoza/Axions/results/alp_full_production/fccee_z_full_projection_fullbg_channelaware/cluster_4797476/job177_m0p678605925496_g3p75282601898em06_s91p2_IDEA/validation_plots/validation_summary.json,/data/alice/ipardoza/Axions/results/alp_full_production/fccee_z_full_projection_fullbg_channelaware/cluster_4797476/job177_m0p678605925496_g3p75282601898em06_s91p2_IDEA/alp_histograms_summary.json,/data/alice/ipardoza/Axions/results/alp_full_production/fccee_z_full_projection_fullbg_channelaware/cluster_4797476/job177_m0p678605925496_g3p75282601898em06_s91p2_IDEA/delphes.root,results/alp_full_production/fccee_z_full_projection_fullbg_channelaware/cluster_4797476/job177_m0p678605925496_g3p75282601898em06_s91p2_IDEA/full_point_summary.csv
4797476,188,0.678605925496,1.52543094844e-05,91.2,10000,fccee_z_full_projection_fullbg_channelaware,IDEA,resolved_prompt,5.507900000000577e-05,5.5089647093318464e-05,True,True,resolved_prompt,0.7015029318587185,0.0228970063627185,45.42119032160722,0.1762849744337984,/data/alice/ipardoza/Axions/results/alp_full_production/fccee_z_full_projection_fullbg_channelaware/cluster_4797476/job188_m0p678605925496_g1p52543094844em05_s91p2_IDEA/validation_plots/validation_summary.json,/data/alice/ipardoza/Axions/results/alp_full_production/fccee_z_full_projection_fullbg_channelaware/cluster_4797476/job188_m0p678605925496_g1p52543094844em05_s91p2_IDEA/alp_histograms_summary.json,/data/alice/ipardoza/Axions/results/alp_full_production/fccee_z_full_projection_fullbg_channelaware/cluster_4797476/job188_m0p678605925496_g1p52543094844em05_s91p2_IDEA/delphes.root,results/alp_full_production/fccee_z_full_projection_fullbg_channelaware/cluster_4797476/job188_m0p678605925496_g1p52543094844em05_s91p2_IDEA/full_point_summary.csv
4797476,85,0.713547057451,4.98238907826e-07,91.2,10000,fccee_z_full_projection_fullbg_channelaware,IDEA,invisible_lower,5.875800000002543e-08,5.8769573822474195e-08,True,True,invisible,0.4938372504108715,0.2197098070401285,45.58559648174944,0.0116121289786477,/data/alice/ipardoza/Axions/results/alp_full_production/fccee_z_full_projection_fullbg_channelaware/cluster_4797476/job85_m0p713547057451_g4p98238907826em07_s91p2_IDEA/validation_plots/validation_summary.json,/data/alice/ipardoza/Axions/results/alp_full_production/fccee_z_full_projection_fullbg_channelaware/cluster_4797476/job85_m0p713547057451_g4p98238907826em07_s91p2_IDEA/alp_histograms_summary.json,/data/alice/ipardoza/Axions/results/alp_full_production/fccee_z_full_projection_fullbg_channelaware/cluster_4797476/job85_m0p713547057451_g4p98238907826em07_s91p2_IDEA/delphes.root,results/alp_full_production/fccee_z_full_projection_fullbg_channelaware/cluster_4797476/job85_m0p713547057451_g4p98238907826em07_s91p2_IDEA/full_point_summary.csv
4797476,178,0.713547057451,3.28221927344e-06,91.2,10000,fccee_z_full_projection_fullbg_channelaware,IDEA,invisible_upper,2.549900000021577e-06,2.5504243510907207e-06,True,True,invisible,0.6115977882642437,0.1019492691867562,45.47483817157684,0.122370439151247,/data/alice/ipardoza/Axions/results/alp_full_production/fccee_z_full_projection_fullbg_channelaware/cluster_4797476/job178_m0p713547057451_g3p28221927344em06_s91p2_IDEA/validation_plots/validation_summary.json,/data/alice/ipardoza/Axions/results/alp_full_production/fccee_z_full_projection_fullbg_channelaware/cluster_4797476/job178_m0p713547057451_g3p28221927344em06_s91p2_IDEA/alp_histograms_summary.json,/data/alice/ipardoza/Axions/results/alp_full_production/fccee_z_full_projection_fullbg_channelaware/cluster_4797476/job178_m0p713547057451_g3p28221927344em06_s91p2_IDEA/delphes.root,results/alp_full_production/fccee_z_full_projection_fullbg_channelaware/cluster_4797476/job178_m0p713547057451_g3p28221927344em06_s91p2_IDEA/full_point_summary.csv
4797476,189,0.713547057451,1.5139972114e-05,91.2,10000,fccee_z_full_projection_fullbg_channelaware,IDEA,resolved_prompt,5.425500000030834e-05,5.426595046906428e-05,True,True,resolved_prompt,0.7359935303125764,0.0224464728615764,45.40006868121205,0.1971399295160409,/data/alice/ipardoza/Axions/results/alp_full_production/fccee_z_full_projection_fullbg_channelaware/cluster_4797476/job189_m0p713547057451_g1p5139972114em05_s91p2_IDEA/validation_plots/validation_summary.json,/data/alice/ipardoza/Axions/results/alp_full_production/fccee_z_full_projection_fullbg_channelaware/cluster_4797476/job189_m0p713547057451_g1p5139972114em05_s91p2_IDEA/alp_histograms_summary.json,/data/alice/ipardoza/Axions/results/alp_full_production/fccee_z_full_projection_fullbg_channelaware/cluster_4797476/job189_m0p713547057451_g1p5139972114em05_s91p2_IDEA/delphes.root,results/alp_full_production/fccee_z_full_projection_fullbg_channelaware/cluster_4797476/job189_m0p713547057451_g1p5139972114em05_s91p2_IDEA/full_point_summary.csv
4797476,86,0.750287293505,5.03818650024e-07,91.2,10000,fccee_z_full_projection_fullbg_channelaware,IDEA,invisible_lower,6.008000000003792e-08,6.00920912720823e-08,True,True,invisible,0.5101088336154049,0.240178459889595,45.58948885970225,0.0074248956552267,/data/alice/ipardoza/Axions/results/alp_full_production/fccee_z_full_projection_fullbg_channelaware/cluster_4797476/job86_m0p750287293505_g5p03818650024em07_s91p2_IDEA/validation_plots/validation_summary.json,/data/alice/ipardoza/Axions/results/alp_full_production/fccee_z_full_projection_fullbg_channelaware/cluster_4797476/job86_m0p750287293505_g5p03818650024em07_s91p2_IDEA/alp_histograms_summary.json,/data/alice/ipardoza/Axions/results/alp_full_production/fccee_z_full_projection_fullbg_channelaware/cluster_4797476/job86_m0p750287293505_g5p03818650024em07_s91p2_IDEA/delphes.root,results/alp_full_production/fccee_z_full_projection_fullbg_channelaware/cluster_4797476/job86_m0p750287293505_g5p03818650024em07_s91p2_IDEA/full_point_summary.csv
4797476,179,0.750287293505,2.86101847964e-06,91.2,10000,fccee_z_full_projection_fullbg_channelaware,IDEA,invisible_upper,1.9374000000025143e-06,1.9378054115252715e-06,True,True,invisible,0.632147734391445,0.118139559113555,45.42126484930191,0.1756489060555637,/data/alice/ipardoza/Axions/results/alp_full_production/fccee_z_full_projection_fullbg_channelaware/cluster_4797476/job179_m0p750287293505_g2p86101847964em06_s91p2_IDEA/validation_plots/validation_summary.json,/data/alice/ipardoza/Axions/results/alp_full_production/fccee_z_full_projection_fullbg_channelaware/cluster_4797476/job179_m0p750287293505_g2p86101847964em06_s91p2_IDEA/alp_histograms_summary.json,/data/alice/ipardoza/Axions/results/alp_full_production/fccee_z_full_projection_fullbg_channelaware/cluster_4797476/job179_m0p750287293505_g2p86101847964em06_s91p2_IDEA/delphes.root,results/alp_full_production/fccee_z_full_projection_fullbg_channelaware/cluster_4797476/job179_m0p750287293505_g2p86101847964em06_s91p2_IDEA/full_point_summary.csv
4797476,190,0.750287293505,1.52829745106e-05,91.2,10000,fccee_z_full_projection_fullbg_channelaware,IDEA,resolved_prompt,5.528400000009886e-05,5.529484130814251e-05,True,True,resolved_prompt,0.7703266233173416,0.0200393298123415,45.40109864062644,0.1958151147310403,/data/alice/ipardoza/Axions/results/alp_full_production/fccee_z_full_projection_fullbg_channelaware/cluster_4797476/job190_m0p750287293505_g1p52829745106em05_s91p2_IDEA/validation_plots/validation_summary.json,/data/alice/ipardoza/Axions/results/alp_full_production/fccee_z_full_projection_fullbg_channelaware/cluster_4797476/job190_m0p750287293505_g1p52829745106em05_s91p2_IDEA/alp_histograms_summary.json,/data/alice/ipardoza/Axions/results/alp_full_production/fccee_z_full_projection_fullbg_channelaware/cluster_4797476/job190_m0p750287293505_g1p52829745106em05_s91p2_IDEA/delphes.root,results/alp_full_production/fccee_z_full_projection_fullbg_channelaware/cluster_4797476/job190_m0p750287293505_g1p52829745106em05_s91p2_IDEA/full_point_summary.csv
4797476,87,0.788919268767,5.11109332982e-07,91.2,10000,fccee_z_full_projection_fullbg_channelaware,IDEA,invisible_lower,6.183000000002982e-08,6.184251541307055e-08,True,True,invisible,0.5515631395963656,0.2373561291706344,45.58189445516276,0.0146932991539543,/data/alice/ipardoza/Axions/results/alp_full_production/fccee_z_full_projection_fullbg_channelaware/cluster_4797476/job87_m0p788919268767_g5p11109332982em07_s91p2_IDEA/validation_plots/validation_summary.json,/data/alice/ipardoza/Axions/results/alp_full_production/fccee_z_full_projection_fullbg_channelaware/cluster_4797476/job87_m0p788919268767_g5p11109332982em07_s91p2_IDEA/alp_histograms_summary.json,/data/alice/ipardoza/Axions/results/alp_full_production/fccee_z_full_projection_fullbg_channelaware/cluster_4797476/job87_m0p788919268767_g5p11109332982em07_s91p2_IDEA/delphes.root,results/alp_full_production/fccee_z_full_projection_fullbg_channelaware/cluster_4797476/job87_m0p788919268767_g5p11109332982em07_s91p2_IDEA/full_point_summary.csv
4797476,180,0.788919268767,2.48335598193e-06,91.2,10000,fccee_z_full_projection_fullbg_channelaware,IDEA,invisible_upper,1.4597000000012657e-06,1.4599483144822856e-06,True,True,invisible,0.6483135439356377,0.1406057248313623,45.46872905653111,0.1278586977856051,/data/alice/ipardoza/Axions/results/alp_full_production/fccee_z_full_projection_fullbg_channelaware/cluster_4797476/job180_m0p788919268767_g2p48335598193em06_s91p2_IDEA/validation_plots/validation_summary.json,/data/alice/ipardoza/Axions/results/alp_full_production/fccee_z_full_projection_fullbg_channelaware/cluster_4797476/job180_m0p788919268767_g2p48335598193em06_s91p2_IDEA/alp_histograms_summary.json,/data/alice/ipardoza/Axions/results/alp_full_production/fccee_z_full_projection_fullbg_channelaware/cluster_4797476/job180_m0p788919268767_g2p48335598193em06_s91p2_IDEA/delphes.root,results/alp_full_production/fccee_z_full_projection_fullbg_channelaware/cluster_4797476/job180_m0p788919268767_g2p48335598193em06_s91p2_IDEA/full_point_summary.csv
4797476,191,0.788919268767,1.43958782417e-05,91.2,10000,fccee_z_full_projection_fullbg_channelaware,IDEA,resolved_prompt,4.905100000023293e-05,4.906093863313755e-05,True,True,resolved_prompt,0.8099984874012528,0.0210792186342527,45.421951365784686,0.1746363885320292,/data/alice/ipardoza/Axions/results/alp_full_production/fccee_z_full_projection_fullbg_channelaware/cluster_4797476/job191_m0p788919268767_g1p43958782417em05_s91p2_IDEA/validation_plots/validation_summary.json,/data/alice/ipardoza/Axions/results/alp_full_production/fccee_z_full_projection_fullbg_channelaware/cluster_4797476/job191_m0p788919268767_g1p43958782417em05_s91p2_IDEA/alp_histograms_summary.json,/data/alice/ipardoza/Axions/results/alp_full_production/fccee_z_full_projection_fullbg_channelaware/cluster_4797476/job191_m0p788919268767_g1p43958782417em05_s91p2_IDEA/delphes.root,results/alp_full_production/fccee_z_full_projection_fullbg_channelaware/cluster_4797476/job191_m0p788919268767_g1p43958782417em05_s91p2_IDEA/full_point_summary.csv
4797476,88,0.829540388089,5.20843590254e-07,91.2,10000,fccee_z_full_projection_fullbg_channelaware,IDEA,invisible_lower,6.420600000006584e-08,6.421904928349026e-08,True,True,invisible,0.5606929049823596,0.2688474831066404,45.5825144895102,0.0137128281681384,/data/alice/ipardoza/Axions/results/alp_full_production/fccee_z_full_projection_fullbg_channelaware/cluster_4797476/job88_m0p829540388089_g5p20843590254em07_s91p2_IDEA/validation_plots/validation_summary.json,/data/alice/ipardoza/Axions/results/alp_full_production/fccee_z_full_projection_fullbg_channelaware/cluster_4797476/job88_m0p829540388089_g5p20843590254em07_s91p2_IDEA/alp_histograms_summary.json,/data/alice/ipardoza/Axions/results/alp_full_production/fccee_z_full_projection_fullbg_channelaware/cluster_4797476/job88_m0p829540388089_g5p20843590254em07_s91p2_IDEA/delphes.root,results/alp_full_production/fccee_z_full_projection_fullbg_channelaware/cluster_4797476/job88_m0p829540388089_g5p20843590254em07_s91p2_IDEA/full_point_summary.csv
4797476,181,0.829540388089,2.14366142747e-06,91.2,10000,fccee_z_full_projection_fullbg_channelaware,IDEA,invisible_upper,1.087600000018246e-06,1.0878314512450524e-06,True,True,invisible,0.6699525874410592,0.1595878006479407,45.45006081880973,0.1461664988686095,/data/alice/ipardoza/Axions/results/alp_full_production/fccee_z_full_projection_fullbg_channelaware/cluster_4797476/job181_m0p829540388089_g2p14366142747em06_s91p2_IDEA/validation_plots/validation_summary.json,/data/alice/ipardoza/Axions/results/alp_full_production/fccee_z_full_projection_fullbg_channelaware/cluster_4797476/job181_m0p829540388089_g2p14366142747em06_s91p2_IDEA/alp_histograms_summary.json,/data/alice/ipardoza/Axions/results/alp_full_production/fccee_z_full_projection_fullbg_channelaware/cluster_4797476/job181_m0p829540388089_g2p14366142747em06_s91p2_IDEA/delphes.root,results/alp_full_production/fccee_z_full_projection_fullbg_channelaware/cluster_4797476/job181_m0p829540388089_g2p14366142747em06_s91p2_IDEA/full_point_summary.csv
4797476,192,0.829540388089,1.31223495336e-05,91.2,10000,fccee_z_full_projection_fullbg_channelaware,IDEA,resolved_prompt,4.075600000004394e-05,4.076359024291182e-05,True,True,resolved_prompt,0.8507185128218369,0.0211781247328368,45.40909052740648,0.1871367902718574,/data/alice/ipardoza/Axions/results/alp_full_production/fccee_z_full_projection_fullbg_channelaware/cluster_4797476/job192_m0p829540388089_g1p31223495336em05_s91p2_IDEA/validation_plots/validation_summary.json,/data/alice/ipardoza/Axions/results/alp_full_production/fccee_z_full_projection_fullbg_channelaware/cluster_4797476/job192_m0p829540388089_g1p31223495336em05_s91p2_IDEA/alp_histograms_summary.json,/data/alice/ipardoza/Axions/results/alp_full_production/fccee_z_full_projection_fullbg_channelaware/cluster_4797476/job192_m0p829540388089_g1p31223495336em05_s91p2_IDEA/delphes.root,results/alp_full_production/fccee_z_full_projection_fullbg_channelaware/cluster_4797476/job192_m0p829540388089_g1p31223495336em05_s91p2_IDEA/full_point_summary.csv
4797476,89,0.872253071655,5.34262266463e-07,91.2,10000,fccee_z_full_projection_fullbg_channelaware,IDEA,invisible_lower,6.755600000028755e-08,6.756889882168844e-08,True,True,invisible,0.5766444806045787,0.2956085910504212,45.55380179368905,0.0420270143097951,/data/alice/ipardoza/Axions/results/alp_full_production/fccee_z_full_projection_fullbg_channelaware/cluster_4797476/job89_m0p872253071655_g5p34262266463em07_s91p2_IDEA/validation_plots/validation_summary.json,/data/alice/ipardoza/Axions/results/alp_full_production/fccee_z_full_projection_fullbg_channelaware/cluster_4797476/job89_m0p872253071655_g5p34262266463em07_s91p2_IDEA/alp_histograms_summary.json,/data/alice/ipardoza/Axions/results/alp_full_production/fccee_z_full_projection_fullbg_channelaware/cluster_4797476/job89_m0p872253071655_g5p34262266463em07_s91p2_IDEA/delphes.root,results/alp_full_production/fccee_z_full_projection_fullbg_channelaware/cluster_4797476/job89_m0p872253071655_g5p34262266463em07_s91p2_IDEA/full_point_summary.csv
4797476,182,0.872253071655,1.83636205548e-06,91.2,10000,fccee_z_full_projection_fullbg_channelaware,IDEA,invisible_upper,7.981200000021095e-07,7.982785461129308e-07,True,True,invisible,0.6882868188770439,0.183966252777956,45.4246890120146,0.1711397959842386,/data/alice/ipardoza/Axions/results/alp_full_production/fccee_z_full_projection_fullbg_channelaware/cluster_4797476/job182_m0p872253071655_g1p83636205548em06_s91p2_IDEA/validation_plots/validation_summary.json,/data/alice/ipardoza/Axions/results/alp_full_production/fccee_z_full_projection_fullbg_channelaware/cluster_4797476/job182_m0p872253071655_g1p83636205548em06_s91p2_IDEA/alp_histograms_summary.json,/data/alice/ipardoza/Axions/results/alp_full_production/fccee_z_full_projection_fullbg_channelaware/cluster_4797476/job182_m0p872253071655_g1p83636205548em06_s91p2_IDEA/delphes.root,results/alp_full_production/fccee_z_full_projection_fullbg_channelaware/cluster_4797476/job182_m0p872253071655_g1p83636205548em06_s91p2_IDEA/full_point_summary.csv
4797476,193,0.872253071655,1.23661456864e-05,91.2,10000,fccee_z_full_projection_fullbg_channelaware,IDEA,resolved_prompt,3.6193000000320704e-05,3.6199831927205005e-05,True,True,resolved_prompt,0.8899835881525818,0.0177305164975818,45.405642899569465,0.1901859084293775,/data/alice/ipardoza/Axions/results/alp_full_production/fccee_z_full_projection_fullbg_channelaware/cluster_4797476/job193_m0p872253071655_g1p23661456864em05_s91p2_IDEA/validation_plots/validation_summary.json,/data/alice/ipardoza/Axions/results/alp_full_production/fccee_z_full_projection_fullbg_channelaware/cluster_4797476/job193_m0p872253071655_g1p23661456864em05_s91p2_IDEA/alp_histograms_summary.json,/data/alice/ipardoza/Axions/results/alp_full_production/fccee_z_full_projection_fullbg_channelaware/cluster_4797476/job193_m0p872253071655_g1p23661456864em05_s91p2_IDEA/delphes.root,results/alp_full_production/fccee_z_full_projection_fullbg_channelaware/cluster_4797476/job193_m0p872253071655_g1p23661456864em05_s91p2_IDEA/full_point_summary.csv
4797476,90,0.917165013225,5.53725335747e-07,91.2,10000,fccee_z_full_projection_fullbg_channelaware,IDEA,invisible_lower,7.25650000000523e-08,7.25795108560388e-08,True,True,invisible,0.603949934334313,0.313215078890687,45.57052160548931,0.0248665981209725,/data/alice/ipardoza/Axions/results/alp_full_production/fccee_z_full_projection_fullbg_channelaware/cluster_4797476/job90_m0p917165013225_g5p53725335747em07_s91p2_IDEA/validation_plots/validation_summary.json,/data/alice/ipardoza/Axions/results/alp_full_production/fccee_z_full_projection_fullbg_channelaware/cluster_4797476/job90_m0p917165013225_g5p53725335747em07_s91p2_IDEA/alp_histograms_summary.json,/data/alice/ipardoza/Axions/results/alp_full_production/fccee_z_full_projection_fullbg_channelaware/cluster_4797476/job90_m0p917165013225_g5p53725335747em07_s91p2_IDEA/delphes.root,results/alp_full_production/fccee_z_full_projection_fullbg_channelaware/cluster_4797476/job90_m0p917165013225_g5p53725335747em07_s91p2_IDEA/full_point_summary.csv
4797476,183,0.917165013225,1.55521800203e-06,91.2,10000,fccee_z_full_projection_fullbg_channelaware,IDEA,invisible_upper,5.724300000000001e-07,5.725425870438688e-07,True,True,invisible,0.7100393863830763,0.2071256268419237,45.44905315805695,0.1463350455533358,/data/alice/ipardoza/Axions/results/alp_full_production/fccee_z_full_projection_fullbg_channelaware/cluster_4797476/job183_m0p917165013225_g1p55521800203em06_s91p2_IDEA/validation_plots/validation_summary.json,/data/alice/ipardoza/Axions/results/alp_full_production/fccee_z_full_projection_fullbg_channelaware/cluster_4797476/job183_m0p917165013225_g1p55521800203em06_s91p2_IDEA/alp_histograms_summary.json,/data/alice/ipardoza/Axions/results/alp_full_production/fccee_z_full_projection_fullbg_channelaware/cluster_4797476/job183_m0p917165013225_g1p55521800203em06_s91p2_IDEA/delphes.root,results/alp_full_production/fccee_z_full_projection_fullbg_channelaware/cluster_4797476/job183_m0p917165013225_g1p55521800203em06_s91p2_IDEA/full_point_summary.csv
4797476,194,0.917165013225,1.18804309575e-05,91.2,10000,fccee_z_full_projection_fullbg_channelaware,IDEA,resolved_prompt,3.3404000000425963e-05,3.3411012452216324e-05,True,True,resolved_prompt,0.9339290709089342,0.0167640576839341,45.33792615118773,0.2574620524225537,/data/alice/ipardoza/Axions/results/alp_full_production/fccee_z_full_projection_fullbg_channelaware/cluster_4797476/job194_m0p917165013225_g1p18804309575em05_s91p2_IDEA/validation_plots/validation_summary.json,/data/alice/ipardoza/Axions/results/alp_full_production/fccee_z_full_projection_fullbg_channelaware/cluster_4797476/job194_m0p917165013225_g1p18804309575em05_s91p2_IDEA/alp_histograms_summary.json,/data/alice/ipardoza/Axions/results/alp_full_production/fccee_z_full_projection_fullbg_channelaware/cluster_4797476/job194_m0p917165013225_g1p18804309575em05_s91p2_IDEA/delphes.root,results/alp_full_production/fccee_z_full_projection_fullbg_channelaware/cluster_4797476/job194_m0p917165013225_g1p18804309575em05_s91p2_IDEA/full_point_summary.csv
4797476,91,0.964389451662,5.84728686638e-07,91.2,10000,fccee_z_full_projection_fullbg_channelaware,IDEA,invisible_lower,8.091600000000055e-08,8.093197299670427e-08,True,True,invisible,0.6325150753841395,0.3318743762778604,45.54912967164937,0.0457713863852973,/data/alice/ipardoza/Axions/results/alp_full_production/fccee_z_full_projection_fullbg_channelaware/cluster_4797476/job91_m0p964389451662_g5p84728686638em07_s91p2_IDEA/validation_plots/validation_summary.json,/data/alice/ipardoza/Axions/results/alp_full_production/fccee_z_full_projection_fullbg_channelaware/cluster_4797476/job91_m0p964389451662_g5p84728686638em07_s91p2_IDEA/alp_histograms_summary.json,/data/alice/ipardoza/Axions/results/alp_full_production/fccee_z_full_projection_fullbg_channelaware/cluster_4797476/job91_m0p964389451662_g5p84728686638em07_s91p2_IDEA/delphes.root,results/alp_full_production/fccee_z_full_projection_fullbg_channelaware/cluster_4797476/job91_m0p964389451662_g5p84728686638em07_s91p2_IDEA/full_point_summary.csv
4797476,184,0.964389451662,1.29126049441e-06,91.2,10000,fccee_z_full_projection_fullbg_channelaware,IDEA,invisible_upper,3.946000000000073e-07,3.946744885199364e-07,True,True,invisible,0.7173781609542265,0.2470112907077735,45.45972544026864,0.1351756177660235,/data/alice/ipardoza/Axions/results/alp_full_production/fccee_z_full_projection_fullbg_channelaware/cluster_4797476/job184_m0p964389451662_g1p29126049441em06_s91p2_IDEA/validation_plots/validation_summary.json,/data/alice/ipardoza/Axions/results/alp_full_production/fccee_z_full_projection_fullbg_channelaware/cluster_4797476/job184_m0p964389451662_g1p29126049441em06_s91p2_IDEA/alp_histograms_summary.json,/data/alice/ipardoza/Axions/results/alp_full_production/fccee_z_full_projection_fullbg_channelaware/cluster_4797476/job184_m0p964389451662_g1p29126049441em06_s91p2_IDEA/delphes.root,results/alp_full_production/fccee_z_full_projection_fullbg_channelaware/cluster_4797476/job184_m0p964389451662_g1p29126049441em06_s91p2_IDEA/full_point_summary.csv
4797476,195,0.964389451662,1.14753250872e-05,91.2,10000,fccee_z_full_projection_fullbg_channelaware,IDEA,resolved_prompt,3.1164000000088086e-05,3.11703243686233e-05,True,True,resolved_prompt,0.9802614659341028,0.0158720142721029,45.40377507112581,0.191125986908851,/data/alice/ipardoza/Axions/results/alp_full_production/fccee_z_full_projection_fullbg_channelaware/cluster_4797476/job195_m0p964389451662_g1p14753250872em05_s91p2_IDEA/validation_plots/validation_summary.json,/data/alice/ipardoza/Axions/results/alp_full_production/fccee_z_full_projection_fullbg_channelaware/cluster_4797476/job195_m0p964389451662_g1p14753250872em05_s91p2_IDEA/alp_histograms_summary.json,/data/alice/ipardoza/Axions/results/alp_full_production/fccee_z_full_projection_fullbg_channelaware/cluster_4797476/job195_m0p964389451662_g1p14753250872em05_s91p2_IDEA/delphes.root,results/alp_full_production/fccee_z_full_projection_fullbg_channelaware/cluster_4797476/job195_m0p964389451662_g1p14753250872em05_s91p2_IDEA/full_point_summary.csv
4797476,92,1.01404545645,6.4756893371e-07,91.2,10000,fccee_z_full_projection_fullbg_channelaware,IDEA,invisible_lower,9.923900000015292e-08,9.92585547597789e-08,True,True,invisible,0.6733860989053516,0.3406593575446485,45.55311087828008,0.0412515768309589,/data/alice/ipardoza/Axions/results/alp_full_production/fccee_z_full_projection_fullbg_channelaware/cluster_4797476/job92_m1p01404545645_g6p4756893371em07_s91p2_IDEA/validation_plots/validation_summary.json,/data/alice/ipardoza/Axions/results/alp_full_production/fccee_z_full_projection_fullbg_channelaware/cluster_4797476/job92_m1p01404545645_g6p4756893371em07_s91p2_IDEA/alp_histograms_summary.json,/data/alice/ipardoza/Axions/results/alp_full_production/fccee_z_full_projection_fullbg_channelaware/cluster_4797476/job92_m1p01404545645_g6p4756893371em07_s91p2_IDEA/delphes.root,results/alp_full_production/fccee_z_full_projection_fullbg_channelaware/cluster_4797476/job92_m1p01404545645_g6p4756893371em07_s91p2_IDEA/full_point_summary.csv
4797476,185,1.01404545645,1.02108773312e-06,91.2,10000,fccee_z_full_projection_fullbg_channelaware,IDEA,invisible_upper,2.467400000001022e-07,2.4678687196835044e-07,True,True,invisible,0.726241685536138,0.2878037709138621,45.489053530586816,0.1053089245242233,/data/alice/ipardoza/Axions/results/alp_full_production/fccee_z_full_projection_fullbg_channelaware/cluster_4797476/job185_m1p01404545645_g1p02108773312em06_s91p2_IDEA/validation_plots/validation_summary.json,/data/alice/ipardoza/Axions/results/alp_full_production/fccee_z_full_projection_fullbg_channelaware/cluster_4797476/job185_m1p01404545645_g1p02108773312em06_s91p2_IDEA/alp_histograms_summary.json,/data/alice/ipardoza/Axions/results/alp_full_production/fccee_z_full_projection_fullbg_channelaware/cluster_4797476/job185_m1p01404545645_g1p02108773312em06_s91p2_IDEA/delphes.root,results/alp_full_production/fccee_z_full_projection_fullbg_channelaware/cluster_4797476/job185_m1p01404545645_g1p02108773312em06_s91p2_IDEA/full_point_summary.csv
4797476,196,1.01404545645,1.11354650489e-05,91.2,10000,fccee_z_full_projection_fullbg_channelaware,IDEA,resolved_prompt,2.934500000010488e-05,2.9350307385101664e-05,True,True,resolved_prompt,1.02900847602216,0.0149630195721599,45.3766195129264,0.2177429421846426,/data/alice/ipardoza/Axions/results/alp_full_production/fccee_z_full_projection_fullbg_channelaware/cluster_4797476/job196_m1p01404545645_g1p11354650489em05_s91p2_IDEA/validation_plots/validation_summary.json,/data/alice/ipardoza/Axions/results/alp_full_production/fccee_z_full_projection_fullbg_channelaware/cluster_4797476/job196_m1p01404545645_g1p11354650489em05_s91p2_IDEA/alp_histograms_summary.json,/data/alice/ipardoza/Axions/results/alp_full_production/fccee_z_full_projection_fullbg_channelaware/cluster_4797476/job196_m1p01404545645_g1p11354650489em05_s91p2_IDEA/delphes.root,results/alp_full_production/fccee_z_full_projection_fullbg_channelaware/cluster_4797476/job196_m1p01404545645_g1p11354650489em05_s91p2_IDEA/full_point_summary.csv
4797476,197,1.06625822792,1.11229993073e-05,91.2,10000,fccee_z_full_projection_fullbg_channelaware,IDEA,resolved_prompt,2.92780000001393e-05,2.928348357681229e-05,True,True,resolved_prompt,1.0821389345147736,0.0158807065947736,45.3340435362724,0.2597234231102447,/data/alice/ipardoza/Axions/results/alp_full_production/fccee_z_full_projection_fullbg_channelaware/cluster_4797476/job197_m1p06625822792_g1p11229993073em05_s91p2_IDEA/validation_plots/validation_summary.json,/data/alice/ipardoza/Axions/results/alp_full_production/fccee_z_full_projection_fullbg_channelaware/cluster_4797476/job197_m1p06625822792_g1p11229993073em05_s91p2_IDEA/alp_histograms_summary.json,/data/alice/ipardoza/Axions/results/alp_full_production/fccee_z_full_projection_fullbg_channelaware/cluster_4797476/job197_m1p06625822792_g1p11229993073em05_s91p2_IDEA/delphes.root,results/alp_full_production/fccee_z_full_projection_fullbg_channelaware/cluster_4797476/job197_m1p06625822792_g1p11229993073em05_s91p2_IDEA/full_point_summary.csv
4797476,198,1.12115941289,1.21410890866e-05,91.2,10000,fccee_z_full_projection_fullbg_channelaware,IDEA,resolved_prompt,3.488100000004162e-05,3.4887945572198666e-05,True,True,resolved_prompt,1.135395845136722,0.0142364322467221,45.37212750427885,0.2209810569650585,/data/alice/ipardoza/Axions/results/alp_full_production/fccee_z_full_projection_fullbg_channelaware/cluster_4797476/job198_m1p12115941289_g1p21410890866em05_s91p2_IDEA/validation_plots/validation_summary.json,/data/alice/ipardoza/Axions/results/alp_full_production/fccee_z_full_projection_fullbg_channelaware/cluster_4797476/job198_m1p12115941289_g1p21410890866em05_s91p2_IDEA/alp_histograms_summary.json,/data/alice/ipardoza/Axions/results/alp_full_production/fccee_z_full_projection_fullbg_channelaware/cluster_4797476/job198_m1p12115941289_g1p21410890866em05_s91p2_IDEA/delphes.root,results/alp_full_production/fccee_z_full_projection_fullbg_channelaware/cluster_4797476/job198_m1p12115941289_g1p21410890866em05_s91p2_IDEA/full_point_summary.csv
4797476,199,1.17888743664,1.24800709541e-05,91.2,10000,fccee_z_full_projection_fullbg_channelaware,IDEA,resolved_prompt,3.685400000000013e-05,3.686153457961773e-05,True,True,resolved_prompt,1.190044973316006,0.0111575366760059,45.381629299289415,0.2107513170029733,/data/alice/ipardoza/Axions/results/alp_full_production/fccee_z_full_projection_fullbg_channelaware/cluster_4797476/job199_m1p17888743664_g1p24800709541em05_s91p2_IDEA/validation_plots/validation_summary.json,/data/alice/ipardoza/Axions/results/alp_full_production/fccee_z_full_projection_fullbg_channelaware/cluster_4797476/job199_m1p17888743664_g1p24800709541em05_s91p2_IDEA/alp_histograms_summary.json,/data/alice/ipardoza/Axions/results/alp_full_production/fccee_z_full_projection_fullbg_channelaware/cluster_4797476/job199_m1p17888743664_g1p24800709541em05_s91p2_IDEA/delphes.root,results/alp_full_production/fccee_z_full_projection_fullbg_channelaware/cluster_4797476/job199_m1p17888743664_g1p24800709541em05_s91p2_IDEA/full_point_summary.csv
4797476,200,1.23958785192,1.15410140067e-05,91.2,10000,fccee_z_full_projection_fullbg_channelaware,IDEA,resolved_prompt,3.151500000001662e-05,3.1521308590132646e-05,True,True,resolved_prompt,1.251709311699581,0.0121214597795809,45.384878733636576,0.2066970446384957,/data/alice/ipardoza/Axions/results/alp_full_production/fccee_z_full_projection_fullbg_channelaware/cluster_4797476/job200_m1p23958785192_g1p15410140067em05_s91p2_IDEA/validation_plots/validation_summary.json,/data/alice/ipardoza/Axions/results/alp_full_production/fccee_z_full_projection_fullbg_channelaware/cluster_4797476/job200_m1p23958785192_g1p15410140067em05_s91p2_IDEA/alp_histograms_summary.json,/data/alice/ipardoza/Axions/results/alp_full_production/fccee_z_full_projection_fullbg_channelaware/cluster_4797476/job200_m1p23958785192_g1p15410140067em05_s91p2_IDEA/delphes.root,results/alp_full_production/fccee_z_full_projection_fullbg_channelaware/cluster_4797476/job200_m1p23958785192_g1p15410140067em05_s91p2_IDEA/full_point_summary.csv
4797476,201,1.30341370589,1.12040636095e-05,91.2,10000,fccee_z_full_projection_fullbg_channelaware,IDEA,resolved_prompt,2.970000000027092e-05,2.970585140243085e-05,True,True,resolved_prompt,1.3156079135685732,0.0121942076785732,45.36457334131795,0.2261125836343467,/data/alice/ipardoza/Axions/results/alp_full_production/fccee_z_full_projection_fullbg_channelaware/cluster_4797476/job201_m1p30341370589_g1p12040636095em05_s91p2_IDEA/validation_plots/validation_summary.json,/data/alice/ipardoza/Axions/results/alp_full_production/fccee_z_full_projection_fullbg_channelaware/cluster_4797476/job201_m1p30341370589_g1p12040636095em05_s91p2_IDEA/alp_histograms_summary.json,/data/alice/ipardoza/Axions/results/alp_full_production/fccee_z_full_projection_fullbg_channelaware/cluster_4797476/job201_m1p30341370589_g1p12040636095em05_s91p2_IDEA/delphes.root,results/alp_full_production/fccee_z_full_projection_fullbg_channelaware/cluster_4797476/job201_m1p30341370589_g1p12040636095em05_s91p2_IDEA/full_point_summary.csv
4797476,202,1.37052592607,1.11914495615e-05,91.2,10000,fccee_z_full_projection_fullbg_channelaware,IDEA,resolved_prompt,2.9631000000001906e-05,2.9637081848109827e-05,True,True,resolved_prompt,1.381162090483917,0.010636164413917,45.37142362336208,0.2182784527671373,/data/alice/ipardoza/Axions/results/alp_full_production/fccee_z_full_projection_fullbg_channelaware/cluster_4797476/job202_m1p37052592607_g1p11914495615em05_s91p2_IDEA/validation_plots/validation_summary.json,/data/alice/ipardoza/Axions/results/alp_full_production/fccee_z_full_projection_fullbg_channelaware/cluster_4797476/job202_m1p37052592607_g1p11914495615em05_s91p2_IDEA/alp_histograms_summary.json,/data/alice/ipardoza/Axions/results/alp_full_production/fccee_z_full_projection_fullbg_channelaware/cluster_4797476/job202_m1p37052592607_g1p11914495615em05_s91p2_IDEA/delphes.root,results/alp_full_production/fccee_z_full_projection_fullbg_channelaware/cluster_4797476/job202_m1p37052592607_g1p11914495615em05_s91p2_IDEA/full_point_summary.csv
4797476,203,1.44109372607,1.18582263363e-05,91.2,10000,fccee_z_full_projection_fullbg_channelaware,IDEA,resolved_prompt,3.326500000025234e-05,3.327140490661192e-05,True,True,resolved_prompt,1.4563064672229302,0.0152127411529301,45.36902285272903,0.2195914503010172,/data/alice/ipardoza/Axions/results/alp_full_production/fccee_z_full_projection_fullbg_channelaware/cluster_4797476/job203_m1p44109372607_g1p18582263363em05_s91p2_IDEA/validation_plots/validation_summary.json,/data/alice/ipardoza/Axions/results/alp_full_production/fccee_z_full_projection_fullbg_channelaware/cluster_4797476/job203_m1p44109372607_g1p18582263363em05_s91p2_IDEA/alp_histograms_summary.json,/data/alice/ipardoza/Axions/results/alp_full_production/fccee_z_full_projection_fullbg_channelaware/cluster_4797476/job203_m1p44109372607_g1p18582263363em05_s91p2_IDEA/delphes.root,results/alp_full_production/fccee_z_full_projection_fullbg_channelaware/cluster_4797476/job203_m1p44109372607_g1p18582263363em05_s91p2_IDEA/full_point_summary.csv
4797476,204,1.51529503223,1.34532950578e-05,91.2,10000,fccee_z_full_projection_fullbg_channelaware,IDEA,resolved_prompt,4.281200000004248e-05,4.282078567310912e-05,True,True,resolved_prompt,1.5234509734903117,0.0081559412603116,45.37327228566523,0.2141393424339952,/data/alice/ipardoza/Axions/results/alp_full_production/fccee_z_full_projection_fullbg_channelaware/cluster_4797476/job204_m1p51529503223_g1p34532950578em05_s91p2_IDEA/validation_plots/validation_summary.json,/data/alice/ipardoza/Axions/results/alp_full_production/fccee_z_full_projection_fullbg_channelaware/cluster_4797476/job204_m1p51529503223_g1p34532950578em05_s91p2_IDEA/alp_histograms_summary.json,/data/alice/ipardoza/Axions/results/alp_full_production/fccee_z_full_projection_fullbg_channelaware/cluster_4797476/job204_m1p51529503223_g1p34532950578em05_s91p2_IDEA/delphes.root,results/alp_full_production/fccee_z_full_projection_fullbg_channelaware/cluster_4797476/job204_m1p51529503223_g1p34532950578em05_s91p2_IDEA/full_point_summary.csv
4797476,205,1.59331693225,1.26981874539e-05,91.2,10000,fccee_z_full_projection_fullbg_channelaware,IDEA,resolved_prompt,3.8138000000068033e-05,3.814545163321143e-05,True,True,resolved_prompt,1.603882104480034,0.0105651722300339,45.35783512455728,0.2282467896609503,/data/alice/ipardoza/Axions/results/alp_full_production/fccee_z_full_projection_fullbg_channelaware/cluster_4797476/job205_m1p59331693225_g1p26981874539em05_s91p2_IDEA/validation_plots/validation_summary.json,/data/alice/ipardoza/Axions/results/alp_full_production/fccee_z_full_projection_fullbg_channelaware/cluster_4797476/job205_m1p59331693225_g1p26981874539em05_s91p2_IDEA/alp_histograms_summary.json,/data/alice/ipardoza/Axions/results/alp_full_production/fccee_z_full_projection_fullbg_channelaware/cluster_4797476/job205_m1p59331693225_g1p26981874539em05_s91p2_IDEA/delphes.root,results/alp_full_production/fccee_z_full_projection_fullbg_channelaware/cluster_4797476/job205_m1p59331693225_g1p26981874539em05_s91p2_IDEA/full_point_summary.csv
4797476,206,1.67535614689,1.18816185226e-05,91.2,10000,fccee_z_full_projection_fullbg_channelaware,IDEA,resolved_prompt,3.338700000004144e-05,3.3394003104069863e-05,True,True,resolved_prompt,1.6887045793056488,0.0133484324156487,45.3505862963958,0.2340254458250257,/data/alice/ipardoza/Axions/results/alp_full_production/fccee_z_full_projection_fullbg_channelaware/cluster_4797476/job206_m1p67535614689_g1p18816185226em05_s91p2_IDEA/validation_plots/validation_summary.json,/data/alice/ipardoza/Axions/results/alp_full_production/fccee_z_full_projection_fullbg_channelaware/cluster_4797476/job206_m1p67535614689_g1p18816185226em05_s91p2_IDEA/alp_histograms_summary.json,/data/alice/ipardoza/Axions/results/alp_full_production/fccee_z_full_projection_fullbg_channelaware/cluster_4797476/job206_m1p67535614689_g1p18816185226em05_s91p2_IDEA/delphes.root,results/alp_full_production/fccee_z_full_projection_fullbg_channelaware/cluster_4797476/job206_m1p67535614689_g1p18816185226em05_s91p2_IDEA/full_point_summary.csv
4797476,207,1.76161952598,1.20370624119e-05,91.2,10000,fccee_z_full_projection_fullbg_channelaware,IDEA,resolved_prompt,3.4263000000016446e-05,3.426982126526931e-05,True,True,resolved_prompt,1.7720602648680812,0.0104407388880811,45.37463116339657,0.2083551120731996,/data/alice/ipardoza/Axions/results/alp_full_production/fccee_z_full_projection_fullbg_channelaware/cluster_4797476/job207_m1p76161952598_g1p20370624119em05_s91p2_IDEA/validation_plots/validation_summary.json,/data/alice/ipardoza/Axions/results/alp_full_production/fccee_z_full_projection_fullbg_channelaware/cluster_4797476/job207_m1p76161952598_g1p20370624119em05_s91p2_IDEA/alp_histograms_summary.json,/data/alice/ipardoza/Axions/results/alp_full_production/fccee_z_full_projection_fullbg_channelaware/cluster_4797476/job207_m1p76161952598_g1p20370624119em05_s91p2_IDEA/delphes.root,results/alp_full_production/fccee_z_full_projection_fullbg_channelaware/cluster_4797476/job207_m1p76161952598_g1p20370624119em05_s91p2_IDEA/full_point_summary.csv
4797476,208,1.85232456995,1.34473049971e-05,91.2,10000,fccee_z_full_projection_fullbg_channelaware,IDEA,resolved_prompt,4.2757000000086354e-05,4.276514572486927e-05,True,True,resolved_prompt,1.8632889836786752,0.0109644137286752,45.351306242721805,0.2298828674073618,/data/alice/ipardoza/Axions/results/alp_full_production/fccee_z_full_projection_fullbg_channelaware/cluster_4797476/job208_m1p85232456995_g1p34473049971em05_s91p2_IDEA/validation_plots/validation_summary.json,/data/alice/ipardoza/Axions/results/alp_full_production/fccee_z_full_projection_fullbg_channelaware/cluster_4797476/job208_m1p85232456995_g1p34473049971em05_s91p2_IDEA/alp_histograms_summary.json,/data/alice/ipardoza/Axions/results/alp_full_production/fccee_z_full_projection_fullbg_channelaware/cluster_4797476/job208_m1p85232456995_g1p34473049971em05_s91p2_IDEA/delphes.root,results/alp_full_production/fccee_z_full_projection_fullbg_channelaware/cluster_4797476/job208_m1p85232456995_g1p34473049971em05_s91p2_IDEA/full_point_summary.csv
4797476,209,1.94769997825,1.37256839079e-05,91.2,10000,fccee_z_full_projection_fullbg_channelaware,IDEA,resolved_prompt,4.454000000013487e-05,4.45482486478357e-05,True,True,resolved_prompt,1.955234164907624,0.0075341866576237,45.32803496558783,0.2511671440323724,/data/alice/ipardoza/Axions/results/alp_full_production/fccee_z_full_projection_fullbg_channelaware/cluster_4797476/job209_m1p94769997825_g1p37256839079em05_s91p2_IDEA/validation_plots/validation_summary.json,/data/alice/ipardoza/Axions/results/alp_full_production/fccee_z_full_projection_fullbg_channelaware/cluster_4797476/job209_m1p94769997825_g1p37256839079em05_s91p2_IDEA/alp_histograms_summary.json,/data/alice/ipardoza/Axions/results/alp_full_production/fccee_z_full_projection_fullbg_channelaware/cluster_4797476/job209_m1p94769997825_g1p37256839079em05_s91p2_IDEA/delphes.root,results/alp_full_production/fccee_z_full_projection_fullbg_channelaware/cluster_4797476/job209_m1p94769997825_g1p37256839079em05_s91p2_IDEA/full_point_summary.csv
4797476,210,2.04798622597,1.25106342845e-05,91.2,10000,fccee_z_full_projection_fullbg_channelaware,IDEA,resolved_prompt,3.699700000010652e-05,3.700483794286072e-05,True,True,resolved_prompt,2.057318870693654,0.0093326447236541,45.34944589887319,0.2275593227180223,/data/alice/ipardoza/Axions/results/alp_full_production/fccee_z_full_projection_fullbg_channelaware/cluster_4797476/job210_m2p04798622597_g1p25106342845em05_s91p2_IDEA/validation_plots/validation_summary.json,/data/alice/ipardoza/Axions/results/alp_full_production/fccee_z_full_projection_fullbg_channelaware/cluster_4797476/job210_m2p04798622597_g1p25106342845em05_s91p2_IDEA/alp_histograms_summary.json,/data/alice/ipardoza/Axions/results/alp_full_production/fccee_z_full_projection_fullbg_channelaware/cluster_4797476/job210_m2p04798622597_g1p25106342845em05_s91p2_IDEA/delphes.root,results/alp_full_production/fccee_z_full_projection_fullbg_channelaware/cluster_4797476/job210_m2p04798622597_g1p25106342845em05_s91p2_IDEA/full_point_summary.csv
4797476,211,2.15343617015,1.27866888282e-05,91.2,10000,fccee_z_full_projection_fullbg_channelaware,IDEA,resolved_prompt,3.8642000000026624e-05,3.864974253655289e-05,True,True,resolved_prompt,2.1658182416670817,0.0123820715170817,45.33965013352623,0.2349261420279944,/data/alice/ipardoza/Axions/results/alp_full_production/fccee_z_full_projection_fullbg_channelaware/cluster_4797476/job211_m2p15343617015_g1p27866888282em05_s91p2_IDEA/validation_plots/validation_summary.json,/data/alice/ipardoza/Axions/results/alp_full_production/fccee_z_full_projection_fullbg_channelaware/cluster_4797476/job211_m2p15343617015_g1p27866888282em05_s91p2_IDEA/alp_histograms_summary.json,/data/alice/ipardoza/Axions/results/alp_full_production/fccee_z_full_projection_fullbg_channelaware/cluster_4797476/job211_m2p15343617015_g1p27866888282em05_s91p2_IDEA/delphes.root,results/alp_full_production/fccee_z_full_projection_fullbg_channelaware/cluster_4797476/job211_m2p15343617015_g1p27866888282em05_s91p2_IDEA/full_point_summary.csv
4797476,212,2.26431568734,1.43294358404e-05,91.2,10000,fccee_z_full_projection_fullbg_channelaware,IDEA,resolved_prompt,4.852100000001472e-05,4.853017094911157e-05,True,True,resolved_prompt,2.2735445282750613,0.0092288409350613,45.34049857071509,0.2313921884300143,/data/alice/ipardoza/Axions/results/alp_full_production/fccee_z_full_projection_fullbg_channelaware/cluster_4797476/job212_m2p26431568734_g1p43294358404em05_s91p2_IDEA/validation_plots/validation_summary.json,/data/alice/ipardoza/Axions/results/alp_full_production/fccee_z_full_projection_fullbg_channelaware/cluster_4797476/job212_m2p26431568734_g1p43294358404em05_s91p2_IDEA/alp_histograms_summary.json,/data/alice/ipardoza/Axions/results/alp_full_production/fccee_z_full_projection_fullbg_channelaware/cluster_4797476/job212_m2p26431568734_g1p43294358404em05_s91p2_IDEA/delphes.root,results/alp_full_production/fccee_z_full_projection_fullbg_channelaware/cluster_4797476/job212_m2p26431568734_g1p43294358404em05_s91p2_IDEA/full_point_summary.csv
4797476,213,2.38090434394,1.35246108864e-05,91.2,10000,fccee_z_full_projection_fullbg_channelaware,IDEA,resolved_prompt,4.321500000023304e-05,4.322333807596096e-05,True,True,resolved_prompt,2.3875868831773395,0.0066825392373393,45.33517305225125,0.2337485184998868,/data/alice/ipardoza/Axions/results/alp_full_production/fccee_z_full_projection_fullbg_channelaware/cluster_4797476/job213_m2p38090434394_g1p35246108864em05_s91p2_IDEA/validation_plots/validation_summary.json,/data/alice/ipardoza/Axions/results/alp_full_production/fccee_z_full_projection_fullbg_channelaware/cluster_4797476/job213_m2p38090434394_g1p35246108864em05_s91p2_IDEA/alp_histograms_summary.json,/data/alice/ipardoza/Axions/results/alp_full_production/fccee_z_full_projection_fullbg_channelaware/cluster_4797476/job213_m2p38090434394_g1p35246108864em05_s91p2_IDEA/delphes.root,results/alp_full_production/fccee_z_full_projection_fullbg_channelaware/cluster_4797476/job213_m2p38090434394_g1p35246108864em05_s91p2_IDEA/full_point_summary.csv
4797476,214,2.50349610114,1.31720205075e-05,91.2,10000,fccee_z_full_projection_fullbg_channelaware,IDEA,resolved_prompt,4.098200000007348e-05,4.099016608361914e-05,True,True,resolved_prompt,2.5101243486150637,0.0066282474750631,45.30827865796042,0.2573600880460347,/data/alice/ipardoza/Axions/results/alp_full_production/fccee_z_full_projection_fullbg_channelaware/cluster_4797476/job214_m2p50349610114_g1p31720205075em05_s91p2_IDEA/validation_plots/validation_summary.json,/data/alice/ipardoza/Axions/results/alp_full_production/fccee_z_full_projection_fullbg_channelaware/cluster_4797476/job214_m2p50349610114_g1p31720205075em05_s91p2_IDEA/alp_histograms_summary.json,/data/alice/ipardoza/Axions/results/alp_full_production/fccee_z_full_projection_fullbg_channelaware/cluster_4797476/job214_m2p50349610114_g1p31720205075em05_s91p2_IDEA/delphes.root,results/alp_full_production/fccee_z_full_projection_fullbg_channelaware/cluster_4797476/job214_m2p50349610114_g1p31720205075em05_s91p2_IDEA/full_point_summary.csv
4797476,215,2.63240005605,1.47609100785e-05,91.2,10000,fccee_z_full_projection_fullbg_channelaware,IDEA,resolved_prompt,5.145300000013066e-05,5.14632683079103e-05,True,True,resolved_prompt,2.638659253750756,0.0062591977007562,45.31308949272025,0.2489196626794694,/data/alice/ipardoza/Axions/results/alp_full_production/fccee_z_full_projection_fullbg_channelaware/cluster_4797476/job215_m2p63240005605_g1p47609100785em05_s91p2_IDEA/validation_plots/validation_summary.json,/data/alice/ipardoza/Axions/results/alp_full_production/fccee_z_full_projection_fullbg_channelaware/cluster_4797476/job215_m2p63240005605_g1p47609100785em05_s91p2_IDEA/alp_histograms_summary.json,/data/alice/ipardoza/Axions/results/alp_full_production/fccee_z_full_projection_fullbg_channelaware/cluster_4797476/job215_m2p63240005605_g1p47609100785em05_s91p2_IDEA/delphes.root,results/alp_full_production/fccee_z_full_projection_fullbg_channelaware/cluster_4797476/job215_m2p63240005605_g1p47609100785em05_s91p2_IDEA/full_point_summary.csv
4797476,216,2.76794122105,1.45375595891e-05,91.2,10000,fccee_z_full_projection_fullbg_channelaware,IDEA,resolved_prompt,4.989500000000568e-05,4.990445886218031e-05,True,True,resolved_prompt,2.775798427152978,0.0078572061029777,45.33009152333579,0.2279046466028802,/data/alice/ipardoza/Axions/results/alp_full_production/fccee_z_full_projection_fullbg_channelaware/cluster_4797476/job216_m2p76794122105_g1p45375595891em05_s91p2_IDEA/validation_plots/validation_summary.json,/data/alice/ipardoza/Axions/results/alp_full_production/fccee_z_full_projection_fullbg_channelaware/cluster_4797476/job216_m2p76794122105_g1p45375595891em05_s91p2_IDEA/alp_histograms_summary.json,/data/alice/ipardoza/Axions/results/alp_full_production/fccee_z_full_projection_fullbg_channelaware/cluster_4797476/job216_m2p76794122105_g1p45375595891em05_s91p2_IDEA/delphes.root,results/alp_full_production/fccee_z_full_projection_fullbg_channelaware/cluster_4797476/job216_m2p76794122105_g1p45375595891em05_s91p2_IDEA/full_point_summary.csv
4797476,217,2.91046134328,1.45668650419e-05,91.2,10000,fccee_z_full_projection_fullbg_channelaware,IDEA,resolved_prompt,5.008100000007367e-05,5.00912229120222e-05,True,True,resolved_prompt,2.917936726634022,0.0074753833540217,45.28884968449992,0.2647096069982808,/data/alice/ipardoza/Axions/results/alp_full_production/fccee_z_full_projection_fullbg_channelaware/cluster_4797476/job217_m2p91046134328_g1p45668650419em05_s91p2_IDEA/validation_plots/validation_summary.json,/data/alice/ipardoza/Axions/results/alp_full_production/fccee_z_full_projection_fullbg_channelaware/cluster_4797476/job217_m2p91046134328_g1p45668650419em05_s91p2_IDEA/alp_histograms_summary.json,/data/alice/ipardoza/Axions/results/alp_full_production/fccee_z_full_projection_fullbg_channelaware/cluster_4797476/job217_m2p91046134328_g1p45668650419em05_s91p2_IDEA/delphes.root,results/alp_full_production/fccee_z_full_projection_fullbg_channelaware/cluster_4797476/job217_m2p91046134328_g1p45668650419em05_s91p2_IDEA/full_point_summary.csv
4797476,218,3.06031976629,1.56016261291e-05,91.2,10000,fccee_z_full_projection_fullbg_channelaware,IDEA,resolved_prompt,5.743100000002397e-05,5.744190870614723e-05,True,True,resolved_prompt,3.069960314872044,0.0096405485820438,45.28009594925704,0.2685577948660693,/data/alice/ipardoza/Axions/results/alp_full_production/fccee_z_full_projection_fullbg_channelaware/cluster_4797476/job218_m3p06031976629_g1p56016261291em05_s91p2_IDEA/validation_plots/validation_summary.json,/data/alice/ipardoza/Axions/results/alp_full_production/fccee_z_full_projection_fullbg_channelaware/cluster_4797476/job218_m3p06031976629_g1p56016261291em05_s91p2_IDEA/alp_histograms_summary.json,/data/alice/ipardoza/Axions/results/alp_full_production/fccee_z_full_projection_fullbg_channelaware/cluster_4797476/job218_m3p06031976629_g1p56016261291em05_s91p2_IDEA/delphes.root,results/alp_full_production/fccee_z_full_projection_fullbg_channelaware/cluster_4797476/job218_m3p06031976629_g1p56016261291em05_s91p2_IDEA/full_point_summary.csv
4797476,219,3.2178943361,1.48646612158e-05,91.2,10000,fccee_z_full_projection_fullbg_channelaware,IDEA,resolved_prompt,5.2114000000324776e-05,5.212475300589256e-05,True,True,resolved_prompt,3.225234110940126,0.0073397748401258,45.25937223606316,0.2838577860952611,/data/alice/ipardoza/Axions/results/alp_full_production/fccee_z_full_projection_fullbg_channelaware/cluster_4797476/job219_m3p2178943361_g1p48646612158em05_s91p2_IDEA/validation_plots/validation_summary.json,/data/alice/ipardoza/Axions/results/alp_full_production/fccee_z_full_projection_fullbg_channelaware/cluster_4797476/job219_m3p2178943361_g1p48646612158em05_s91p2_IDEA/alp_histograms_summary.json,/data/alice/ipardoza/Axions/results/alp_full_production/fccee_z_full_projection_fullbg_channelaware/cluster_4797476/job219_m3p2178943361_g1p48646612158em05_s91p2_IDEA/delphes.root,results/alp_full_production/fccee_z_full_projection_fullbg_channelaware/cluster_4797476/job219_m3p2178943361_g1p48646612158em05_s91p2_IDEA/full_point_summary.csv
4797476,220,3.38358235383,1.58964467999e-05,91.2,10000,fccee_z_full_projection_fullbg_channelaware,IDEA,resolved_prompt,5.957700000003636e-05,5.958851193853839e-05,True,True,resolved_prompt,3.392197243079234,0.0086148892492339,45.282114180681965,0.255119209969628,/data/alice/ipardoza/Axions/results/alp_full_production/fccee_z_full_projection_fullbg_channelaware/cluster_4797476/job220_m3p38358235383_g1p58964467999em05_s91p2_IDEA/validation_plots/validation_summary.json,/data/alice/ipardoza/Axions/results/alp_full_production/fccee_z_full_projection_fullbg_channelaware/cluster_4797476/job220_m3p38358235383_g1p58964467999em05_s91p2_IDEA/alp_histograms_summary.json,/data/alice/ipardoza/Axions/results/alp_full_production/fccee_z_full_projection_fullbg_channelaware/cluster_4797476/job220_m3p38358235383_g1p58964467999em05_s91p2_IDEA/delphes.root,results/alp_full_production/fccee_z_full_projection_fullbg_channelaware/cluster_4797476/job220_m3p38358235383_g1p58964467999em05_s91p2_IDEA/full_point_summary.csv
4797476,221,3.55780157748,1.57956940872e-05,91.2,10000,fccee_z_full_projection_fullbg_channelaware,IDEA,resolved_prompt,5.879800000001133e-05,5.880985895701323e-05,True,True,resolved_prompt,3.564996944609823,0.0071953671298232,45.23435029960137,0.2962530333771482,/data/alice/ipardoza/Axions/results/alp_full_production/fccee_z_full_projection_fullbg_channelaware/cluster_4797476/job221_m3p55780157748_g1p57956940872em05_s91p2_IDEA/validation_plots/validation_summary.json,/data/alice/ipardoza/Axions/results/alp_full_production/fccee_z_full_projection_fullbg_channelaware/cluster_4797476/job221_m3p55780157748_g1p57956940872em05_s91p2_IDEA/alp_histograms_summary.json,/data/alice/ipardoza/Axions/results/alp_full_production/fccee_z_full_projection_fullbg_channelaware/cluster_4797476/job221_m3p55780157748_g1p57956940872em05_s91p2_IDEA/delphes.root,results/alp_full_production/fccee_z_full_projection_fullbg_channelaware/cluster_4797476/job221_m3p55780157748_g1p57956940872em05_s91p2_IDEA/full_point_summary.csv
4797476,222,3.74099127524,1.6329223627e-05,91.2,10000,fccee_z_full_projection_fullbg_channelaware,IDEA,resolved_prompt,6.280700000000727e-05,6.281943161590942e-05,True,True,resolved_prompt,3.7433010473772166,0.0023097721372167,45.23361054224219,0.2896623978815924,/data/alice/ipardoza/Axions/results/alp_full_production/fccee_z_full_projection_fullbg_channelaware/cluster_4797476/job222_m3p74099127524_g1p6329223627em05_s91p2_IDEA/validation_plots/validation_summary.json,/data/alice/ipardoza/Axions/results/alp_full_production/fccee_z_full_projection_fullbg_channelaware/cluster_4797476/job222_m3p74099127524_g1p6329223627em05_s91p2_IDEA/alp_histograms_summary.json,/data/alice/ipardoza/Axions/results/alp_full_production/fccee_z_full_projection_fullbg_channelaware/cluster_4797476/job222_m3p74099127524_g1p6329223627em05_s91p2_IDEA/delphes.root,results/alp_full_production/fccee_z_full_projection_fullbg_channelaware/cluster_4797476/job222_m3p74099127524_g1p6329223627em05_s91p2_IDEA/full_point_summary.csv
4797476,223,3.93361333302,1.61827615012e-05,91.2,10000,fccee_z_full_projection_fullbg_channelaware,IDEA,resolved_prompt,6.165200000001676e-05,6.166464247639867e-05,True,True,resolved_prompt,3.9373211326838695,0.0037077996638696,45.23826267411193,0.2769055613392126,/data/alice/ipardoza/Axions/results/alp_full_production/fccee_z_full_projection_fullbg_channelaware/cluster_4797476/job223_m3p93361333302_g1p61827615012em05_s91p2_IDEA/validation_plots/validation_summary.json,/data/alice/ipardoza/Axions/results/alp_full_production/fccee_z_full_projection_fullbg_channelaware/cluster_4797476/job223_m3p93361333302_g1p61827615012em05_s91p2_IDEA/alp_histograms_summary.json,/data/alice/ipardoza/Axions/results/alp_full_production/fccee_z_full_projection_fullbg_channelaware/cluster_4797476/job223_m3p93361333302_g1p61827615012em05_s91p2_IDEA/delphes.root,results/alp_full_production/fccee_z_full_projection_fullbg_channelaware/cluster_4797476/job223_m3p93361333302_g1p61827615012em05_s91p2_IDEA/full_point_summary.csv
4797476,224,4.13615341905,1.66911436839e-05,91.2,10000,fccee_z_full_projection_fullbg_channelaware,IDEA,resolved_prompt,6.554800000004692e-05,6.55611573279073e-05,True,True,resolved_prompt,4.143037147375288,0.0068837283252873,45.23918180772042,0.2670256204269563,/data/alice/ipardoza/Axions/results/alp_full_production/fccee_z_full_projection_fullbg_channelaware/cluster_4797476/job224_m4p13615341905_g1p66911436839em05_s91p2_IDEA/validation_plots/validation_summary.json,/data/alice/ipardoza/Axions/results/alp_full_production/fccee_z_full_projection_fullbg_channelaware/cluster_4797476/job224_m4p13615341905_g1p66911436839em05_s91p2_IDEA/alp_histograms_summary.json,/data/alice/ipardoza/Axions/results/alp_full_production/fccee_z_full_projection_fullbg_channelaware/cluster_4797476/job224_m4p13615341905_g1p66911436839em05_s91p2_IDEA/delphes.root,results/alp_full_production/fccee_z_full_projection_fullbg_channelaware/cluster_4797476/job224_m4p13615341905_g1p66911436839em05_s91p2_IDEA/full_point_summary.csv
4797476,225,4.3491222084,1.68235802997e-05,91.2,10000,fccee_z_full_projection_fullbg_channelaware,IDEA,resolved_prompt,6.654900000040643e-05,6.656218714517406e-05,True,True,resolved_prompt,4.352067618463683,0.0029454100636829,45.18580076006,0.3104993277492198,/data/alice/ipardoza/Axions/results/alp_full_production/fccee_z_full_projection_fullbg_channelaware/cluster_4797476/job225_m4p3491222084_g1p68235802997em05_s91p2_IDEA/validation_plots/validation_summary.json,/data/alice/ipardoza/Axions/results/alp_full_production/fccee_z_full_projection_fullbg_channelaware/cluster_4797476/job225_m4p3491222084_g1p68235802997em05_s91p2_IDEA/alp_histograms_summary.json,/data/alice/ipardoza/Axions/results/alp_full_production/fccee_z_full_projection_fullbg_channelaware/cluster_4797476/job225_m4p3491222084_g1p68235802997em05_s91p2_IDEA/delphes.root,results/alp_full_production/fccee_z_full_projection_fullbg_channelaware/cluster_4797476/job225_m4p3491222084_g1p68235802997em05_s91p2_IDEA/full_point_summary.csv
4797476,226,4.5730566706,1.73595374942e-05,91.2,10000,fccee_z_full_projection_fullbg_channelaware,IDEA,resolved_prompt,7.080600000011465e-05,7.081957377997949e-05,True,True,resolved_prompt,4.579516587764636,0.0064599171646362,45.21273347209131,0.2726127597479575,/data/alice/ipardoza/Axions/results/alp_full_production/fccee_z_full_projection_fullbg_channelaware/cluster_4797476/job226_m4p5730566706_g1p73595374942em05_s91p2_IDEA/validation_plots/validation_summary.json,/data/alice/ipardoza/Axions/results/alp_full_production/fccee_z_full_projection_fullbg_channelaware/cluster_4797476/job226_m4p5730566706_g1p73595374942em05_s91p2_IDEA/alp_histograms_summary.json,/data/alice/ipardoza/Axions/results/alp_full_production/fccee_z_full_projection_fullbg_channelaware/cluster_4797476/job226_m4p5730566706_g1p73595374942em05_s91p2_IDEA/delphes.root,results/alp_full_production/fccee_z_full_projection_fullbg_channelaware/cluster_4797476/job226_m4p5730566706_g1p73595374942em05_s91p2_IDEA/full_point_summary.csv
4797476,227,4.8085214235,1.74338814747e-05,91.2,10000,fccee_z_full_projection_fullbg_channelaware,IDEA,resolved_prompt,7.135600000000286e-05,7.137041710489173e-05,True,True,resolved_prompt,4.810896093945451,0.0023746704454508,45.19879124036712,0.2744440760788293,/data/alice/ipardoza/Axions/results/alp_full_production/fccee_z_full_projection_fullbg_channelaware/cluster_4797476/job227_m4p8085214235_g1p74338814747em05_s91p2_IDEA/validation_plots/validation_summary.json,/data/alice/ipardoza/Axions/results/alp_full_production/fccee_z_full_projection_fullbg_channelaware/cluster_4797476/job227_m4p8085214235_g1p74338814747em05_s91p2_IDEA/alp_histograms_summary.json,/data/alice/ipardoza/Axions/results/alp_full_production/fccee_z_full_projection_fullbg_channelaware/cluster_4797476/job227_m4p8085214235_g1p74338814747em05_s91p2_IDEA/delphes.root,results/alp_full_production/fccee_z_full_projection_fullbg_channelaware/cluster_4797476/job227_m4p8085214235_g1p74338814747em05_s91p2_IDEA/full_point_summary.csv
4797476,228,5.05611015689,1.73645892574e-05,91.2,10000,fccee_z_full_projection_fullbg_channelaware,IDEA,resolved_prompt,7.072800000005703e-05,7.07416815432459e-05,True,True,resolved_prompt,5.061709913729255,0.0055997568392553,45.17675974198716,0.2830853790731069,/data/alice/ipardoza/Axions/results/alp_full_production/fccee_z_full_projection_fullbg_channelaware/cluster_4797476/job228_m5p05611015689_g1p73645892574em05_s91p2_IDEA/validation_plots/validation_summary.json,/data/alice/ipardoza/Axions/results/alp_full_production/fccee_z_full_projection_fullbg_channelaware/cluster_4797476/job228_m5p05611015689_g1p73645892574em05_s91p2_IDEA/alp_histograms_summary.json,/data/alice/ipardoza/Axions/results/alp_full_production/fccee_z_full_projection_fullbg_channelaware/cluster_4797476/job228_m5p05611015689_g1p73645892574em05_s91p2_IDEA/delphes.root,results/alp_full_production/fccee_z_full_projection_fullbg_channelaware/cluster_4797476/job228_m5p05611015689_g1p73645892574em05_s91p2_IDEA/full_point_summary.csv
4797476,229,5.3164471294,1.76103955047e-05,91.2,10000,fccee_z_full_projection_fullbg_channelaware,IDEA,resolved_prompt,7.267300000001224e-05,7.268757796322992e-05,True,True,resolved_prompt,5.314859478910359,0.0015876504896414,45.15693123487308,0.2881092800408211,/data/alice/ipardoza/Axions/results/alp_full_production/fccee_z_full_projection_fullbg_channelaware/cluster_4797476/job229_m5p3164471294_g1p76103955047em05_s91p2_IDEA/validation_plots/validation_summary.json,/data/alice/ipardoza/Axions/results/alp_full_production/fccee_z_full_projection_fullbg_channelaware/cluster_4797476/job229_m5p3164471294_g1p76103955047em05_s91p2_IDEA/alp_histograms_summary.json,/data/alice/ipardoza/Axions/results/alp_full_production/fccee_z_full_projection_fullbg_channelaware/cluster_4797476/job229_m5p3164471294_g1p76103955047em05_s91p2_IDEA/delphes.root,results/alp_full_production/fccee_z_full_projection_fullbg_channelaware/cluster_4797476/job229_m5p3164471294_g1p76103955047em05_s91p2_IDEA/full_point_summary.csv
4797476,230,5.59018874247,1.80460465925e-05,91.2,10000,fccee_z_full_projection_fullbg_channelaware,IDEA,resolved_prompt,7.623100000029007e-05,7.624594811669923e-05,True,True,resolved_prompt,5.595532651920251,0.0053439094502509,45.14117308931985,0.2874990040110816,/data/alice/ipardoza/Axions/results/alp_full_production/fccee_z_full_projection_fullbg_channelaware/cluster_4797476/job230_m5p59018874247_g1p80460465925em05_s91p2_IDEA/validation_plots/validation_summary.json,/data/alice/ipardoza/Axions/results/alp_full_production/fccee_z_full_projection_fullbg_channelaware/cluster_4797476/job230_m5p59018874247_g1p80460465925em05_s91p2_IDEA/alp_histograms_summary.json,/data/alice/ipardoza/Axions/results/alp_full_production/fccee_z_full_projection_fullbg_channelaware/cluster_4797476/job230_m5p59018874247_g1p80460465925em05_s91p2_IDEA/delphes.root,results/alp_full_production/fccee_z_full_projection_fullbg_channelaware/cluster_4797476/job230_m5p59018874247_g1p80460465925em05_s91p2_IDEA/full_point_summary.csv
4797476,231,5.87802519536,1.8505438461e-05,91.2,10000,fccee_z_full_projection_fullbg_channelaware,IDEA,resolved_prompt,8.006600000041154e-05,8.008150871334096e-05,True,True,resolved_prompt,5.8796769181408886,0.0016517227808883,45.13452051925087,0.2760541507201495,/data/alice/ipardoza/Axions/results/alp_full_production/fccee_z_full_projection_fullbg_channelaware/cluster_4797476/job231_m5p87802519536_g1p8505438461em05_s91p2_IDEA/validation_plots/validation_summary.json,/data/alice/ipardoza/Axions/results/alp_full_production/fccee_z_full_projection_fullbg_channelaware/cluster_4797476/job231_m5p87802519536_g1p8505438461em05_s91p2_IDEA/alp_histograms_summary.json,/data/alice/ipardoza/Axions/results/alp_full_production/fccee_z_full_projection_fullbg_channelaware/cluster_4797476/job231_m5p87802519536_g1p8505438461em05_s91p2_IDEA/delphes.root,results/alp_full_production/fccee_z_full_projection_fullbg_channelaware/cluster_4797476/job231_m5p87802519536_g1p8505438461em05_s91p2_IDEA/full_point_summary.csv
4797476,232,6.18068222541,1.83256901051e-05,91.2,10000,fccee_z_full_projection_fullbg_channelaware,IDEA,resolved_prompt,7.841400000000705e-05,7.84295915949568e-05,True,True,resolved_prompt,6.186421251171786,0.0057390257617857,45.14201658314738,0.2485490266579972,/data/alice/ipardoza/Axions/results/alp_full_production/fccee_z_full_projection_fullbg_channelaware/cluster_4797476/job232_m6p18068222541_g1p83256901051em05_s91p2_IDEA/validation_plots/validation_summary.json,/data/alice/ipardoza/Axions/results/alp_full_production/fccee_z_full_projection_fullbg_channelaware/cluster_4797476/job232_m6p18068222541_g1p83256901051em05_s91p2_IDEA/alp_histograms_summary.json,/data/alice/ipardoza/Axions/results/alp_full_production/fccee_z_full_projection_fullbg_channelaware/cluster_4797476/job232_m6p18068222541_g1p83256901051em05_s91p2_IDEA/delphes.root,results/alp_full_production/fccee_z_full_projection_fullbg_channelaware/cluster_4797476/job232_m6p18068222541_g1p83256901051em05_s91p2_IDEA/full_point_summary.csv
4797476,233,6.49892293787,1.84631721006e-05,91.2,10000,fccee_z_full_projection_fullbg_channelaware,IDEA,resolved_prompt,7.947900000000155e-05,7.949443993059531e-05,True,True,resolved_prompt,6.501306012208002,0.0023830743380024,45.0918667653457,0.2765762206610276,/data/alice/ipardoza/Axions/results/alp_full_production/fccee_z_full_projection_fullbg_channelaware/cluster_4797476/job233_m6p49892293787_g1p84631721006em05_s91p2_IDEA/validation_plots/validation_summary.json,/data/alice/ipardoza/Axions/results/alp_full_production/fccee_z_full_projection_fullbg_channelaware/cluster_4797476/job233_m6p49892293787_g1p84631721006em05_s91p2_IDEA/alp_histograms_summary.json,/data/alice/ipardoza/Axions/results/alp_full_production/fccee_z_full_projection_fullbg_channelaware/cluster_4797476/job233_m6p49892293787_g1p84631721006em05_s91p2_IDEA/delphes.root,results/alp_full_production/fccee_z_full_projection_fullbg_channelaware/cluster_4797476/job233_m6p49892293787_g1p84631721006em05_s91p2_IDEA/full_point_summary.csv
4797476,234,6.83354972995,1.88911612139e-05,91.2,10000,fccee_z_full_projection_fullbg_channelaware,IDEA,resolved_prompt,8.307200000000417e-05,8.3088097506221e-05,True,True,resolved_prompt,6.837554535775815,0.004004805825815,45.09085299371182,0.2531305484389463,/data/alice/ipardoza/Axions/results/alp_full_production/fccee_z_full_projection_fullbg_channelaware/cluster_4797476/job234_m6p83354972995_g1p88911612139em05_s91p2_IDEA/validation_plots/validation_summary.json,/data/alice/ipardoza/Axions/results/alp_full_production/fccee_z_full_projection_fullbg_channelaware/cluster_4797476/job234_m6p83354972995_g1p88911612139em05_s91p2_IDEA/alp_histograms_summary.json,/data/alice/ipardoza/Axions/results/alp_full_production/fccee_z_full_projection_fullbg_channelaware/cluster_4797476/job234_m6p83354972995_g1p88911612139em05_s91p2_IDEA/delphes.root,results/alp_full_production/fccee_z_full_projection_fullbg_channelaware/cluster_4797476/job234_m6p83354972995_g1p88911612139em05_s91p2_IDEA/full_point_summary.csv
4797476,235,7.18540631396,1.93160134624e-05,91.2,10000,fccee_z_full_projection_fullbg_channelaware,IDEA,resolved_prompt,8.669500000014894e-05,8.671200636932943e-05,True,True,resolved_prompt,7.190348822096276,0.0049425081362759,45.07944517944264,0.2374952597202124,/data/alice/ipardoza/Axions/results/alp_full_production/fccee_z_full_projection_fullbg_channelaware/cluster_4797476/job235_m7p18540631396_g1p93160134624em05_s91p2_IDEA/validation_plots/validation_summary.json,/data/alice/ipardoza/Axions/results/alp_full_production/fccee_z_full_projection_fullbg_channelaware/cluster_4797476/job235_m7p18540631396_g1p93160134624em05_s91p2_IDEA/alp_histograms_summary.json,/data/alice/ipardoza/Axions/results/alp_full_production/fccee_z_full_projection_fullbg_channelaware/cluster_4797476/job235_m7p18540631396_g1p93160134624em05_s91p2_IDEA/delphes.root,results/alp_full_production/fccee_z_full_projection_fullbg_channelaware/cluster_4797476/job235_m7p18540631396_g1p93160134624em05_s91p2_IDEA/full_point_summary.csv
4797476,236,7.55537984459,1.92530467842e-05,91.2,10000,fccee_z_full_projection_fullbg_channelaware,IDEA,resolved_prompt,8.596000000031783e-05,8.597719163026203e-05,True,True,resolved_prompt,7.557520245892669,0.0021404013026691,45.05485627234966,0.2321844919264606,/data/alice/ipardoza/Axions/results/alp_full_production/fccee_z_full_projection_fullbg_channelaware/cluster_4797476/job236_m7p55537984459_g1p92530467842em05_s91p2_IDEA/validation_plots/validation_summary.json,/data/alice/ipardoza/Axions/results/alp_full_production/fccee_z_full_projection_fullbg_channelaware/cluster_4797476/job236_m7p55537984459_g1p92530467842em05_s91p2_IDEA/alp_histograms_summary.json,/data/alice/ipardoza/Axions/results/alp_full_production/fccee_z_full_projection_fullbg_channelaware/cluster_4797476/job236_m7p55537984459_g1p92530467842em05_s91p2_IDEA/delphes.root,results/alp_full_production/fccee_z_full_projection_fullbg_channelaware/cluster_4797476/job236_m7p55537984459_g1p92530467842em05_s91p2_IDEA/full_point_summary.csv
4797476,237,7.94440315577,1.91502375071e-05,91.2,10000,fccee_z_full_projection_fullbg_channelaware,IDEA,resolved_prompt,8.48590000000025e-05,8.487528478650524e-05,True,True,resolved_prompt,7.948140596636237,0.0037374408662369,45.00902939975715,0.2449533770991649,/data/alice/ipardoza/Axions/results/alp_full_production/fccee_z_full_projection_fullbg_channelaware/cluster_4797476/job237_m7p94440315577_g1p91502375071em05_s91p2_IDEA/validation_plots/validation_summary.json,/data/alice/ipardoza/Axions/results/alp_full_production/fccee_z_full_projection_fullbg_channelaware/cluster_4797476/job237_m7p94440315577_g1p91502375071em05_s91p2_IDEA/alp_histograms_summary.json,/data/alice/ipardoza/Axions/results/alp_full_production/fccee_z_full_projection_fullbg_channelaware/cluster_4797476/job237_m7p94440315577_g1p91502375071em05_s91p2_IDEA/delphes.root,results/alp_full_production/fccee_z_full_projection_fullbg_channelaware/cluster_4797476/job237_m7p94440315577_g1p91502375071em05_s91p2_IDEA/full_point_summary.csv
4797476,238,8.35345711262,1.94584964083e-05,91.2,10000,fccee_z_full_projection_fullbg_channelaware,IDEA,resolved_prompt,8.740000000004114e-05,8.741757564799744e-05,True,True,resolved_prompt,8.358612808053515,0.0051556954335154,45.00616688196393,0.2112659813453845,/data/alice/ipardoza/Axions/results/alp_full_production/fccee_z_full_projection_fullbg_channelaware/cluster_4797476/job238_m8p35345711262_g1p94584964083em05_s91p2_IDEA/validation_plots/validation_summary.json,/data/alice/ipardoza/Axions/results/alp_full_production/fccee_z_full_projection_fullbg_channelaware/cluster_4797476/job238_m8p35345711262_g1p94584964083em05_s91p2_IDEA/alp_histograms_summary.json,/data/alice/ipardoza/Axions/results/alp_full_production/fccee_z_full_projection_fullbg_channelaware/cluster_4797476/job238_m8p35345711262_g1p94584964083em05_s91p2_IDEA/delphes.root,results/alp_full_production/fccee_z_full_projection_fullbg_channelaware/cluster_4797476/job238_m8p35345711262_g1p94584964083em05_s91p2_IDEA/full_point_summary.csv
4797476,239,8.78357308462,1.9896447151e-05,91.2,10000,fccee_z_full_projection_fullbg_channelaware,IDEA,resolved_prompt,9.113400000021376e-05,9.115203363857074e-05,True,True,resolved_prompt,8.787028326970967,0.0034552423509666,44.92906788280991,0.2479542875143181,/data/alice/ipardoza/Axions/results/alp_full_production/fccee_z_full_projection_fullbg_channelaware/cluster_4797476/job239_m8p78357308462_g1p9896447151em05_s91p2_IDEA/validation_plots/validation_summary.json,/data/alice/ipardoza/Axions/results/alp_full_production/fccee_z_full_projection_fullbg_channelaware/cluster_4797476/job239_m8p78357308462_g1p9896447151em05_s91p2_IDEA/alp_histograms_summary.json,/data/alice/ipardoza/Axions/results/alp_full_production/fccee_z_full_projection_fullbg_channelaware/cluster_4797476/job239_m8p78357308462_g1p9896447151em05_s91p2_IDEA/delphes.root,results/alp_full_production/fccee_z_full_projection_fullbg_channelaware/cluster_4797476/job239_m8p78357308462_g1p9896447151em05_s91p2_IDEA/full_point_summary.csv
4797476,240,9.23583554602,2.01873497403e-05,91.2,10000,fccee_z_full_projection_fullbg_channelaware,IDEA,resolved_prompt,9.35400000001974e-05,9.355882193724728e-05,True,True,resolved_prompt,9.236297069998097,0.0004615239780942,44.874772544549245,0.2575703379445784,/data/alice/ipardoza/Axions/results/alp_full_production/fccee_z_full_projection_fullbg_channelaware/cluster_4797476/job240_m9p23583554602_g2p01873497403em05_s91p2_IDEA/validation_plots/validation_summary.json,/data/alice/ipardoza/Axions/results/alp_full_production/fccee_z_full_projection_fullbg_channelaware/cluster_4797476/job240_m9p23583554602_g2p01873497403em05_s91p2_IDEA/alp_histograms_summary.json,/data/alice/ipardoza/Axions/results/alp_full_production/fccee_z_full_projection_fullbg_channelaware/cluster_4797476/job240_m9p23583554602_g2p01873497403em05_s91p2_IDEA/delphes.root,results/alp_full_production/fccee_z_full_projection_fullbg_channelaware/cluster_4797476/job240_m9p23583554602_g2p01873497403em05_s91p2_IDEA/full_point_summary.csv
4797476,241,9.71138481019,2.02940556334e-05,91.2,10000,fccee_z_full_projection_fullbg_channelaware,IDEA,resolved_prompt,9.4222000000022e-05,9.424037281705217e-05,True,True,resolved_prompt,9.710858128331614,0.0005266818583855,44.82873944266982,0.2542046640648863,/data/alice/ipardoza/Axions/results/alp_full_production/fccee_z_full_projection_fullbg_channelaware/cluster_4797476/job241_m9p71138481019_g2p02940556334em05_s91p2_IDEA/validation_plots/validation_summary.json,/data/alice/ipardoza/Axions/results/alp_full_production/fccee_z_full_projection_fullbg_channelaware/cluster_4797476/job241_m9p71138481019_g2p02940556334em05_s91p2_IDEA/alp_histograms_summary.json,/data/alice/ipardoza/Axions/results/alp_full_production/fccee_z_full_projection_fullbg_channelaware/cluster_4797476/job241_m9p71138481019_g2p02940556334em05_s91p2_IDEA/delphes.root,results/alp_full_production/fccee_z_full_projection_fullbg_channelaware/cluster_4797476/job241_m9p71138481019_g2p02940556334em05_s91p2_IDEA/full_point_summary.csv
4797476,242,10.2114199047,2.03778953531e-05,91.2,10000,fccee_z_full_projection_fullbg_channelaware,IDEA,resolved_prompt,9.465700000047076e-05,9.467571469525714e-05,True,True,resolved_prompt,10.217242271495724,0.0058223667957229,44.81477923065087,0.2135480913332088,/data/alice/ipardoza/Axions/results/alp_full_production/fccee_z_full_projection_fullbg_channelaware/cluster_4797476/job242_m10p2114199047_g2p03778953531em05_s91p2_IDEA/validation_plots/validation_summary.json,/data/alice/ipardoza/Axions/results/alp_full_production/fccee_z_full_projection_fullbg_channelaware/cluster_4797476/job242_m10p2114199047_g2p03778953531em05_s91p2_IDEA/alp_histograms_summary.json,/data/alice/ipardoza/Axions/results/alp_full_production/fccee_z_full_projection_fullbg_channelaware/cluster_4797476/job242_m10p2114199047_g2p03778953531em05_s91p2_IDEA/delphes.root,results/alp_full_production/fccee_z_full_projection_fullbg_channelaware/cluster_4797476/job242_m10p2114199047_g2p03778953531em05_s91p2_IDEA/full_point_summary.csv
4797476,243,10.7372015947,2.06575707487e-05,91.2,10000,fccee_z_full_projection_fullbg_channelaware,IDEA,resolved_prompt,9.688200000007764e-05,9.690139043351888e-05,True,True,resolved_prompt,10.745317405459591,0.0081158107595928,44.76680245866439,0.2011388895525669,/data/alice/ipardoza/Axions/results/alp_full_production/fccee_z_full_projection_fullbg_channelaware/cluster_4797476/job243_m10p7372015947_g2p06575707487em05_s91p2_IDEA/validation_plots/validation_summary.json,/data/alice/ipardoza/Axions/results/alp_full_production/fccee_z_full_projection_fullbg_channelaware/cluster_4797476/job243_m10p7372015947_g2p06575707487em05_s91p2_IDEA/alp_histograms_summary.json,/data/alice/ipardoza/Axions/results/alp_full_production/fccee_z_full_projection_fullbg_channelaware/cluster_4797476/job243_m10p7372015947_g2p06575707487em05_s91p2_IDEA/delphes.root,results/alp_full_production/fccee_z_full_projection_fullbg_channelaware/cluster_4797476/job243_m10p7372015947_g2p06575707487em05_s91p2_IDEA/full_point_summary.csv
4797476,244,11.2900555614,2.10377149214e-05,91.2,10000,fccee_z_full_projection_fullbg_channelaware,IDEA,resolved_prompt,0.0001000300000009,0.000100053617396,True,True,resolved_prompt,11.290337808825493,0.0002822474254902,44.69130482899734,0.2098719551062871,/data/alice/ipardoza/Axions/results/alp_full_production/fccee_z_full_projection_fullbg_channelaware/cluster_4797476/job244_m11p2900555614_g2p10377149214em05_s91p2_IDEA/validation_plots/validation_summary.json,/data/alice/ipardoza/Axions/results/alp_full_production/fccee_z_full_projection_fullbg_channelaware/cluster_4797476/job244_m11p2900555614_g2p10377149214em05_s91p2_IDEA/alp_histograms_summary.json,/data/alice/ipardoza/Axions/results/alp_full_production/fccee_z_full_projection_fullbg_channelaware/cluster_4797476/job244_m11p2900555614_g2p10377149214em05_s91p2_IDEA/delphes.root,results/alp_full_production/fccee_z_full_projection_fullbg_channelaware/cluster_4797476/job244_m11p2900555614_g2p10377149214em05_s91p2_IDEA/full_point_summary.csv
4797476,245,11.871375745,2.16055716418e-05,91.2,10000,fccee_z_full_projection_fullbg_channelaware,IDEA,resolved_prompt,0.0001049900000016,0.0001050082693564,True,True,resolved_prompt,11.877918361881717,0.006542616881715,44.62153262051374,0.2058272365094282,/data/alice/ipardoza/Axions/results/alp_full_production/fccee_z_full_projection_fullbg_channelaware/cluster_4797476/job245_m11p871375745_g2p16055716418em05_s91p2_IDEA/validation_plots/validation_summary.json,/data/alice/ipardoza/Axions/results/alp_full_production/fccee_z_full_projection_fullbg_channelaware/cluster_4797476/job245_m11p871375745_g2p16055716418em05_s91p2_IDEA/alp_histograms_summary.json,/data/alice/ipardoza/Axions/results/alp_full_production/fccee_z_full_projection_fullbg_channelaware/cluster_4797476/job245_m11p871375745_g2p16055716418em05_s91p2_IDEA/delphes.root,results/alp_full_production/fccee_z_full_projection_fullbg_channelaware/cluster_4797476/job245_m11p871375745_g2p16055716418em05_s91p2_IDEA/full_point_summary.csv
4797476,246,12.4826278588,2.17187984487e-05,91.2,10000,fccee_z_full_projection_fullbg_channelaware,IDEA,resolved_prompt,0.000105510000001,0.0001055332546178,True,True,resolved_prompt,12.483233736063514,0.0006058772635135,44.53681778793312,0.2089278356343697,/data/alice/ipardoza/Axions/results/alp_full_production/fccee_z_full_projection_fullbg_channelaware/cluster_4797476/job246_m12p4826278588_g2p17187984487em05_s91p2_IDEA/validation_plots/validation_summary.json,/data/alice/ipardoza/Axions/results/alp_full_production/fccee_z_full_projection_fullbg_channelaware/cluster_4797476/job246_m12p4826278588_g2p17187984487em05_s91p2_IDEA/alp_histograms_summary.json,/data/alice/ipardoza/Axions/results/alp_full_production/fccee_z_full_projection_fullbg_channelaware/cluster_4797476/job246_m12p4826278588_g2p17187984487em05_s91p2_IDEA/delphes.root,results/alp_full_production/fccee_z_full_projection_fullbg_channelaware/cluster_4797476/job246_m12p4826278588_g2p17187984487em05_s91p2_IDEA/full_point_summary.csv
4797476,247,13.1253530852,2.1720660894e-05,91.2,10000,fccee_z_full_projection_fullbg_channelaware,IDEA,resolved_prompt,0.0001048900000001,0.0001049140708384,True,True,resolved_prompt,13.129725577124598,0.004372491924597,44.44906338877048,0.2064470629226775,/data/alice/ipardoza/Axions/results/alp_full_production/fccee_z_full_projection_fullbg_channelaware/cluster_4797476/job247_m13p1253530852_g2p1720660894em05_s91p2_IDEA/validation_plots/validation_summary.json,/data/alice/ipardoza/Axions/results/alp_full_production/fccee_z_full_projection_fullbg_channelaware/cluster_4797476/job247_m13p1253530852_g2p1720660894em05_s91p2_IDEA/alp_histograms_summary.json,/data/alice/ipardoza/Axions/results/alp_full_production/fccee_z_full_projection_fullbg_channelaware/cluster_4797476/job247_m13p1253530852_g2p1720660894em05_s91p2_IDEA/delphes.root,results/alp_full_production/fccee_z_full_projection_fullbg_channelaware/cluster_4797476/job247_m13p1253530852_g2p1720660894em05_s91p2_IDEA/full_point_summary.csv
4797476,248,13.8011719617,2.22634156092e-05,91.2,10000,fccee_z_full_projection_fullbg_channelaware,IDEA,resolved_prompt,0.0001094600000015,0.0001094856428058,True,True,resolved_prompt,13.798776187610668,0.0023957740893312,44.3885327754056,0.1672109333859879,/data/alice/ipardoza/Axions/results/alp_full_production/fccee_z_full_projection_fullbg_channelaware/cluster_4797476/job248_m13p8011719617_g2p22634156092em05_s91p2_IDEA/validation_plots/validation_summary.json,/data/alice/ipardoza/Axions/results/alp_full_production/fccee_z_full_projection_fullbg_channelaware/cluster_4797476/job248_m13p8011719617_g2p22634156092em05_s91p2_IDEA/alp_histograms_summary.json,/data/alice/ipardoza/Axions/results/alp_full_production/fccee_z_full_projection_fullbg_channelaware/cluster_4797476/job248_m13p8011719617_g2p22634156092em05_s91p2_IDEA/delphes.root,results/alp_full_production/fccee_z_full_projection_fullbg_channelaware/cluster_4797476/job248_m13p8011719617_g2p22634156092em05_s91p2_IDEA/full_point_summary.csv
4797476,249,14.5117884661,2.22899947461e-05,91.2,10000,fccee_z_full_projection_fullbg_channelaware,IDEA,resolved_prompt,0.0001089100000007,0.0001089341411999,True,True,resolved_prompt,14.510616166221164,0.001172299878835,44.2764961446946,0.1689424272087336,/data/alice/ipardoza/Axions/results/alp_full_production/fccee_z_full_projection_fullbg_channelaware/cluster_4797476/job249_m14p5117884661_g2p22899947461em05_s91p2_IDEA/validation_plots/validation_summary.json,/data/alice/ipardoza/Axions/results/alp_full_production/fccee_z_full_projection_fullbg_channelaware/cluster_4797476/job249_m14p5117884661_g2p22899947461em05_s91p2_IDEA/alp_histograms_summary.json,/data/alice/ipardoza/Axions/results/alp_full_production/fccee_z_full_projection_fullbg_channelaware/cluster_4797476/job249_m14p5117884661_g2p22899947461em05_s91p2_IDEA/delphes.root,results/alp_full_production/fccee_z_full_projection_fullbg_channelaware/cluster_4797476/job249_m14p5117884661_g2p22899947461em05_s91p2_IDEA/full_point_summary.csv
4797476,250,15.2589943136,2.26259363996e-05,91.2,10000,fccee_z_full_projection_fullbg_channelaware,IDEA,resolved_prompt,0.0001113000000002,0.0001113210325372,True,True,resolved_prompt,15.266139178321913,0.0071448647219103,44.15950887872964,0.1639729882523966,/data/alice/ipardoza/Axions/results/alp_full_production/fccee_z_full_projection_fullbg_channelaware/cluster_4797476/job250_m15p2589943136_g2p26259363996em05_s91p2_IDEA/validation_plots/validation_summary.json,/data/alice/ipardoza/Axions/results/alp_full_production/fccee_z_full_projection_fullbg_channelaware/cluster_4797476/job250_m15p2589943136_g2p26259363996em05_s91p2_IDEA/alp_histograms_summary.json,/data/alice/ipardoza/Axions/results/alp_full_production/fccee_z_full_projection_fullbg_channelaware/cluster_4797476/job250_m15p2589943136_g2p26259363996em05_s91p2_IDEA/delphes.root,results/alp_full_production/fccee_z_full_projection_fullbg_channelaware/cluster_4797476/job250_m15p2589943136_g2p26259363996em05_s91p2_IDEA/full_point_summary.csv
4797476,251,16.044673474,2.32356511977e-05,91.2,10000,fccee_z_full_projection_fullbg_channelaware,IDEA,resolved_prompt,0.0001163100000008,0.000116333335511,True,True,resolved_prompt,16.04816427664793,0.0034908026479314,44.08013060809422,0.1085122269535929,/data/alice/ipardoza/Axions/results/alp_full_production/fccee_z_full_projection_fullbg_channelaware/cluster_4797476/job251_m16p044673474_g2p32356511977em05_s91p2_IDEA/validation_plots/validation_summary.json,/data/alice/ipardoza/Axions/results/alp_full_production/fccee_z_full_projection_fullbg_channelaware/cluster_4797476/job251_m16p044673474_g2p32356511977em05_s91p2_IDEA/alp_histograms_summary.json,/data/alice/ipardoza/Axions/results/alp_full_production/fccee_z_full_projection_fullbg_channelaware/cluster_4797476/job251_m16p044673474_g2p32356511977em05_s91p2_IDEA/delphes.root,results/alp_full_production/fccee_z_full_projection_fullbg_channelaware/cluster_4797476/job251_m16p044673474_g2p32356511977em05_s91p2_IDEA/full_point_summary.csv
4797476,252,16.870806922,2.37126235256e-05,91.2,10000,fccee_z_full_projection_fullbg_channelaware,IDEA,resolved_prompt,0.0001199100000003,0.0001199362983963,True,True,resolved_prompt,16.86926406480933,0.001542857190671,43.93576689336585,0.1037938182602289,/data/alice/ipardoza/Axions/results/alp_full_production/fccee_z_full_projection_fullbg_channelaware/cluster_4797476/job252_m16p870806922_g2p37126235256em05_s91p2_IDEA/validation_plots/validation_summary.json,/data/alice/ipardoza/Axions/results/alp_full_production/fccee_z_full_projection_fullbg_channelaware/cluster_4797476/job252_m16p870806922_g2p37126235256em05_s91p2_IDEA/alp_histograms_summary.json,/data/alice/ipardoza/Axions/results/alp_full_production/fccee_z_full_projection_fullbg_channelaware/cluster_4797476/job252_m16p870806922_g2p37126235256em05_s91p2_IDEA/delphes.root,results/alp_full_production/fccee_z_full_projection_fullbg_channelaware/cluster_4797476/job252_m16p870806922_g2p37126235256em05_s91p2_IDEA/full_point_summary.csv
4797476,253,17.7394776316,2.44928136838e-05,91.2,10000,fccee_z_full_projection_fullbg_channelaware,IDEA,resolved_prompt,0.0001265000000011,0.0001265270118313,True,True,resolved_prompt,17.743034788742367,0.0035571571423673,43.7556625738886,0.1190684203984773,/data/alice/ipardoza/Axions/results/alp_full_production/fccee_z_full_projection_fullbg_channelaware/cluster_4797476/job253_m17p7394776316_g2p44928136838em05_s91p2_IDEA/validation_plots/validation_summary.json,/data/alice/ipardoza/Axions/results/alp_full_production/fccee_z_full_projection_fullbg_channelaware/cluster_4797476/job253_m17p7394776316_g2p44928136838em05_s91p2_IDEA/alp_histograms_summary.json,/data/alice/ipardoza/Axions/results/alp_full_production/fccee_z_full_projection_fullbg_channelaware/cluster_4797476/job253_m17p7394776316_g2p44928136838em05_s91p2_IDEA/delphes.root,results/alp_full_production/fccee_z_full_projection_fullbg_channelaware/cluster_4797476/job253_m17p7394776316_g2p44928136838em05_s91p2_IDEA/full_point_summary.csv
4797476,254,18.6528758285,2.58103831661e-05,91.2,10000,fccee_z_full_projection_fullbg_channelaware,IDEA,resolved_prompt,0.0001387400000004,0.0001387623964751,True,True,resolved_prompt,18.64939674416951,0.0034790843304897,43.58899975409508,0.1034905053707149,/data/alice/ipardoza/Axions/results/alp_full_production/fccee_z_full_projection_fullbg_channelaware/cluster_4797476/job254_m18p6528758285_g2p58103831661em05_s91p2_IDEA/validation_plots/validation_summary.json,/data/alice/ipardoza/Axions/results/alp_full_production/fccee_z_full_projection_fullbg_channelaware/cluster_4797476/job254_m18p6528758285_g2p58103831661em05_s91p2_IDEA/alp_histograms_summary.json,/data/alice/ipardoza/Axions/results/alp_full_production/fccee_z_full_projection_fullbg_channelaware/cluster_4797476/job254_m18p6528758285_g2p58103831661em05_s91p2_IDEA/delphes.root,results/alp_full_production/fccee_z_full_projection_fullbg_channelaware/cluster_4797476/job254_m18p6528758285_g2p58103831661em05_s91p2_IDEA/full_point_summary.csv
4797476,255,19.613304512,2.65108136589e-05,91.2,10000,fccee_z_full_projection_fullbg_channelaware,IDEA,resolved_prompt,0.0001443500000014,0.000144379911097,True,True,resolved_prompt,19.60077360866952,0.0125309033304787,43.43678456280232,0.0542148128531678,/data/alice/ipardoza/Axions/results/alp_full_production/fccee_z_full_projection_fullbg_channelaware/cluster_4797476/job255_m19p613304512_g2p65108136589em05_s91p2_IDEA/validation_plots/validation_summary.json,/data/alice/ipardoza/Axions/results/alp_full_production/fccee_z_full_projection_fullbg_channelaware/cluster_4797476/job255_m19p613304512_g2p65108136589em05_s91p2_IDEA/alp_histograms_summary.json,/data/alice/ipardoza/Axions/results/alp_full_production/fccee_z_full_projection_fullbg_channelaware/cluster_4797476/job255_m19p613304512_g2p65108136589em05_s91p2_IDEA/delphes.root,results/alp_full_production/fccee_z_full_projection_fullbg_channelaware/cluster_4797476/job255_m19p613304512_g2p65108136589em05_s91p2_IDEA/full_point_summary.csv
4797476,256,20.623185262,2.65447968167e-05,91.2,10000,fccee_z_full_projection_fullbg_channelaware,IDEA,resolved_prompt,0.0001425100000002,0.0001425373043111,True,True,resolved_prompt,20.618739058300783,0.0044462036992136,43.22256652478374,0.0456584184685979,/data/alice/ipardoza/Axions/results/alp_full_production/fccee_z_full_projection_fullbg_channelaware/cluster_4797476/job256_m20p623185262_g2p65447968167em05_s91p2_IDEA/validation_plots/validation_summary.json,/data/alice/ipardoza/Axions/results/alp_full_production/fccee_z_full_projection_fullbg_channelaware/cluster_4797476/job256_m20p623185262_g2p65447968167em05_s91p2_IDEA/alp_histograms_summary.json,/data/alice/ipardoza/Axions/results/alp_full_production/fccee_z_full_projection_fullbg_channelaware/cluster_4797476/job256_m20p623185262_g2p65447968167em05_s91p2_IDEA/delphes.root,results/alp_full_production/fccee_z_full_projection_fullbg_channelaware/cluster_4797476/job256_m20p623185262_g2p65447968167em05_s91p2_IDEA/full_point_summary.csv
4797476,257,21.6850643446,2.69454115608e-05,91.2,10000,fccee_z_full_projection_fullbg_channelaware,IDEA,resolved_prompt,0.00014435,0.0001443781472102,True,True,resolved_prompt,21.681458852674727,0.0036054919252741,43.019840829467775,0.0020779444936209,/data/alice/ipardoza/Axions/results/alp_full_production/fccee_z_full_projection_fullbg_channelaware/cluster_4797476/job257_m21p6850643446_g2p69454115608em05_s91p2_IDEA/validation_plots/validation_summary.json,/data/alice/ipardoza/Axions/results/alp_full_production/fccee_z_full_projection_fullbg_channelaware/cluster_4797476/job257_m21p6850643446_g2p69454115608em05_s91p2_IDEA/alp_histograms_summary.json,/data/alice/ipardoza/Axions/results/alp_full_production/fccee_z_full_projection_fullbg_channelaware/cluster_4797476/job257_m21p6850643446_g2p69454115608em05_s91p2_IDEA/delphes.root,results/alp_full_production/fccee_z_full_projection_fullbg_channelaware/cluster_4797476/job257_m21p6850643446_g2p69454115608em05_s91p2_IDEA/full_point_summary.csv
4797476,258,22.8016191317,2.75010385908e-05,91.2,10000,fccee_z_full_projection_fullbg_channelaware,IDEA,resolved_prompt,0.0001475300000018,0.0001475559426204,True,True,resolved_prompt,22.798456706105004,0.0031624255949971,42.804734846448895,0.0551396437466351,/data/alice/ipardoza/Axions/results/alp_full_production/fccee_z_full_projection_fullbg_channelaware/cluster_4797476/job258_m22p8016191317_g2p75010385908em05_s91p2_IDEA/validation_plots/validation_summary.json,/data/alice/ipardoza/Axions/results/alp_full_production/fccee_z_full_projection_fullbg_channelaware/cluster_4797476/job258_m22p8016191317_g2p75010385908em05_s91p2_IDEA/alp_histograms_summary.json,/data/alice/ipardoza/Axions/results/alp_full_production/fccee_z_full_projection_fullbg_channelaware/cluster_4797476/job258_m22p8016191317_g2p75010385908em05_s91p2_IDEA/delphes.root,results/alp_full_production/fccee_z_full_projection_fullbg_channelaware/cluster_4797476/job258_m22p8016191317_g2p75010385908em05_s91p2_IDEA/full_point_summary.csv
4797476,259,23.9756648524,2.80909516024e-05,91.2,10000,fccee_z_full_projection_fullbg_channelaware,IDEA,resolved_prompt,0.0001506900000005,0.0001507240743989,True,True,resolved_prompt,23.97414880615337,0.0015160462466354,42.53389304792277,0.0853870452616263,/data/alice/ipardoza/Axions/results/alp_full_production/fccee_z_full_projection_fullbg_channelaware/cluster_4797476/job259_m23p9756648524_g2p80909516024em05_s91p2_IDEA/validation_plots/validation_summary.json,/data/alice/ipardoza/Axions/results/alp_full_production/fccee_z_full_projection_fullbg_channelaware/cluster_4797476/job259_m23p9756648524_g2p80909516024em05_s91p2_IDEA/alp_histograms_summary.json,/data/alice/ipardoza/Axions/results/alp_full_production/fccee_z_full_projection_fullbg_channelaware/cluster_4797476/job259_m23p9756648524_g2p80909516024em05_s91p2_IDEA/delphes.root,results/alp_full_production/fccee_z_full_projection_fullbg_channelaware/cluster_4797476/job259_m23p9756648524_g2p80909516024em05_s91p2_IDEA/full_point_summary.csv
4797476,260,25.2101616905,2.82273493064e-05,91.2,10000,fccee_z_full_projection_fullbg_channelaware,IDEA,resolved_prompt,0.0001486100000005,0.0001486387542749,True,True,resolved_prompt,25.21133970038786,0.0011780098878588,42.278699741649625,0.1630870906691086,/data/alice/ipardoza/Axions/results/alp_full_production/fccee_z_full_projection_fullbg_channelaware/cluster_4797476/job260_m25p2101616905_g2p82273493064em05_s91p2_IDEA/validation_plots/validation_summary.json,/data/alice/ipardoza/Axions/results/alp_full_production/fccee_z_full_projection_fullbg_channelaware/cluster_4797476/job260_m25p2101616905_g2p82273493064em05_s91p2_IDEA/alp_histograms_summary.json,/data/alice/ipardoza/Axions/results/alp_full_production/fccee_z_full_projection_fullbg_channelaware/cluster_4797476/job260_m25p2101616905_g2p82273493064em05_s91p2_IDEA/delphes.root,results/alp_full_production/fccee_z_full_projection_fullbg_channelaware/cluster_4797476/job260_m25p2101616905_g2p82273493064em05_s91p2_IDEA/full_point_summary.csv
4797476,261,26.5082222484,2.85372140562e-05,91.2,10000,fccee_z_full_projection_fullbg_channelaware,IDEA,resolved_prompt,0.0001479400000022,0.0001479717454665,True,True,resolved_prompt,26.503486901128056,0.0047353472719429,41.94728563589887,0.199729971263828,/data/alice/ipardoza/Axions/results/alp_full_production/fccee_z_full_projection_fullbg_channelaware/cluster_4797476/job261_m26p5082222484_g2p85372140562em05_s91p2_IDEA/validation_plots/validation_summary.json,/data/alice/ipardoza/Axions/results/alp_full_production/fccee_z_full_projection_fullbg_channelaware/cluster_4797476/job261_m26p5082222484_g2p85372140562em05_s91p2_IDEA/alp_histograms_summary.json,/data/alice/ipardoza/Axions/results/alp_full_production/fccee_z_full_projection_fullbg_channelaware/cluster_4797476/job261_m26p5082222484_g2p85372140562em05_s91p2_IDEA/delphes.root,results/alp_full_production/fccee_z_full_projection_fullbg_channelaware/cluster_4797476/job261_m26p5082222484_g2p85372140562em05_s91p2_IDEA/full_point_summary.csv
4797476,262,27.8731193951,2.88808633795e-05,91.2,10000,fccee_z_full_projection_fullbg_channelaware,IDEA,resolved_prompt,0.0001471400000002,0.0001471681452969,True,True,resolved_prompt,27.863084977635204,0.0100344174647979,41.614436802339554,0.2738161050451424,/data/alice/ipardoza/Axions/results/alp_full_production/fccee_z_full_projection_fullbg_channelaware/cluster_4797476/job262_m27p8731193951_g2p88808633795em05_s91p2_IDEA/validation_plots/validation_summary.json,/data/alice/ipardoza/Axions/results/alp_full_production/fccee_z_full_projection_fullbg_channelaware/cluster_4797476/job262_m27p8731193951_g2p88808633795em05_s91p2_IDEA/alp_histograms_summary.json,/data/alice/ipardoza/Axions/results/alp_full_production/fccee_z_full_projection_fullbg_channelaware/cluster_4797476/job262_m27p8731193951_g2p88808633795em05_s91p2_IDEA/delphes.root,results/alp_full_production/fccee_z_full_projection_fullbg_channelaware/cluster_4797476/job262_m27p8731193951_g2p88808633795em05_s91p2_IDEA/full_point_summary.csv
4797476,263,29.3082945184,2.92807337116e-05,91.2,10000,fccee_z_full_projection_fullbg_channelaware,IDEA,resolved_prompt,0.0001463600000004,0.0001463861783298,True,True,resolved_prompt,29.28363541447592,0.0246591039240797,41.294602683734894,0.4039016287857464,/data/alice/ipardoza/Axions/results/alp_full_production/fccee_z_full_projection_fullbg_channelaware/cluster_4797476/job263_m29p3082945184_g2p92807337116em05_s91p2_IDEA/validation_plots/validation_summary.json,/data/alice/ipardoza/Axions/results/alp_full_production/fccee_z_full_projection_fullbg_channelaware/cluster_4797476/job263_m29p3082945184_g2p92807337116em05_s91p2_IDEA/alp_histograms_summary.json,/data/alice/ipardoza/Axions/results/alp_full_production/fccee_z_full_projection_fullbg_channelaware/cluster_4797476/job263_m29p3082945184_g2p92807337116em05_s91p2_IDEA/delphes.root,results/alp_full_production/fccee_z_full_projection_fullbg_channelaware/cluster_4797476/job263_m29p3082945184_g2p92807337116em05_s91p2_IDEA/full_point_summary.csv
4797476,264,30.8173662015,2.99671662289e-05,91.2,10000,fccee_z_full_projection_fullbg_channelaware,IDEA,resolved_prompt,0.00014777,0.0001478020444824,True,True,resolved_prompt,30.80139939181648,0.0159668096835225,40.962885628248266,0.5696293760407798,/data/alice/ipardoza/Axions/results/alp_full_production/fccee_z_full_projection_fullbg_channelaware/cluster_4797476/job264_m30p8173662015_g2p99671662289em05_s91p2_IDEA/validation_plots/validation_summary.json,/data/alice/ipardoza/Axions/results/alp_full_production/fccee_z_full_projection_fullbg_channelaware/cluster_4797476/job264_m30p8173662015_g2p99671662289em05_s91p2_IDEA/alp_histograms_summary.json,/data/alice/ipardoza/Axions/results/alp_full_production/fccee_z_full_projection_fullbg_channelaware/cluster_4797476/job264_m30p8173662015_g2p99671662289em05_s91p2_IDEA/delphes.root,results/alp_full_production/fccee_z_full_projection_fullbg_channelaware/cluster_4797476/job264_m30p8173662015_g2p99671662289em05_s91p2_IDEA/full_point_summary.csv
4797476,265,32.404139347,3.02724660456e-05,91.2,10000,fccee_z_full_projection_fullbg_channelaware,IDEA,resolved_prompt,0.00014472,0.0001447514403631,True,True,resolved_prompt,32.395268503116874,0.0088708438831233,40.54340849661827,0.7001423059373053,/data/alice/ipardoza/Axions/results/alp_full_production/fccee_z_full_projection_fullbg_channelaware/cluster_4797476/job265_m32p404139347_g3p02724660456em05_s91p2_IDEA/validation_plots/validation_summary.json,/data/alice/ipardoza/Axions/results/alp_full_production/fccee_z_full_projection_fullbg_channelaware/cluster_4797476/job265_m32p404139347_g3p02724660456em05_s91p2_IDEA/alp_histograms_summary.json,/data/alice/ipardoza/Axions/results/alp_full_production/fccee_z_full_projection_fullbg_channelaware/cluster_4797476/job265_m32p404139347_g3p02724660456em05_s91p2_IDEA/delphes.root,results/alp_full_production/fccee_z_full_projection_fullbg_channelaware/cluster_4797476/job265_m32p404139347_g3p02724660456em05_s91p2_IDEA/full_point_summary.csv
4797476,266,34.0726147703,3.08960434322e-05,91.2,10000,fccee_z_full_projection_fullbg_channelaware,IDEA,resolved_prompt,0.00014395,0.0001439776869353,True,True,resolved_prompt,34.06559789610542,0.0070168741945764,40.12367835183144,0.8884978544918809,/data/alice/ipardoza/Axions/results/alp_full_production/fccee_z_full_projection_fullbg_channelaware/cluster_4797476/job266_m34p0726147703_g3p08960434322em05_s91p2_IDEA/validation_plots/validation_summary.json,/data/alice/ipardoza/Axions/results/alp_full_production/fccee_z_full_projection_fullbg_channelaware/cluster_4797476/job266_m34p0726147703_g3p08960434322em05_s91p2_IDEA/alp_histograms_summary.json,/data/alice/ipardoza/Axions/results/alp_full_production/fccee_z_full_projection_fullbg_channelaware/cluster_4797476/job266_m34p0726147703_g3p08960434322em05_s91p2_IDEA/delphes.root,results/alp_full_production/fccee_z_full_projection_fullbg_channelaware/cluster_4797476/job266_m34p0726147703_g3p08960434322em05_s91p2_IDEA/full_point_summary.csv
4797476,267,35.8269992872,3.14680674063e-05,91.2,10000,fccee_z_full_projection_fullbg_channelaware,IDEA,resolved_prompt,0.0001417800000006,0.0001418111664191,True,True,resolved_prompt,35.811098009043846,0.0159012781561571,39.75403832149506,1.1911758101191268,/data/alice/ipardoza/Axions/results/alp_full_production/fccee_z_full_projection_fullbg_channelaware/cluster_4797476/job267_m35p8269992872_g3p14680674063em05_s91p2_IDEA/validation_plots/validation_summary.json,/data/alice/ipardoza/Axions/results/alp_full_production/fccee_z_full_projection_fullbg_channelaware/cluster_4797476/job267_m35p8269992872_g3p14680674063em05_s91p2_IDEA/alp_histograms_summary.json,/data/alice/ipardoza/Axions/results/alp_full_production/fccee_z_full_projection_fullbg_channelaware/cluster_4797476/job267_m35p8269992872_g3p14680674063em05_s91p2_IDEA/delphes.root,results/alp_full_production/fccee_z_full_projection_fullbg_channelaware/cluster_4797476/job267_m35p8269992872_g3p14680674063em05_s91p2_IDEA/full_point_summary.csv
4797476,268,37.6717163204,3.17193912361e-05,91.2,10000,fccee_z_full_projection_fullbg_channelaware,IDEA,resolved_prompt,0.0001358900000022,0.0001359128351455,True,True,resolved_prompt,37.6488313675989,0.0228849528010997,39.31373382959366,1.494206475014117,/data/alice/ipardoza/Axions/results/alp_full_production/fccee_z_full_projection_fullbg_channelaware/cluster_4797476/job268_m37p6717163204_g3p17193912361em05_s91p2_IDEA/validation_plots/validation_summary.json,/data/alice/ipardoza/Axions/results/alp_full_production/fccee_z_full_projection_fullbg_channelaware/cluster_4797476/job268_m37p6717163204_g3p17193912361em05_s91p2_IDEA/alp_histograms_summary.json,/data/alice/ipardoza/Axions/results/alp_full_production/fccee_z_full_projection_fullbg_channelaware/cluster_4797476/job268_m37p6717163204_g3p17193912361em05_s91p2_IDEA/delphes.root,results/alp_full_production/fccee_z_full_projection_fullbg_channelaware/cluster_4797476/job268_m37p6717163204_g3p17193912361em05_s91p2_IDEA/full_point_summary.csv
4797476,269,39.6114170532,3.29220242026e-05,91.2,10000,fccee_z_full_projection_fullbg_channelaware,IDEA,resolved_prompt,0.00013705,0.0001370751716328,True,True,resolved_prompt,39.57649803119348,0.0349190220065196,38.832392026386536,1.834718566751356,/data/alice/ipardoza/Axions/results/alp_full_production/fccee_z_full_projection_fullbg_channelaware/cluster_4797476/job269_m39p6114170532_g3p29220242026em05_s91p2_IDEA/validation_plots/validation_summary.json,/data/alice/ipardoza/Axions/results/alp_full_production/fccee_z_full_projection_fullbg_channelaware/cluster_4797476/job269_m39p6114170532_g3p29220242026em05_s91p2_IDEA/alp_histograms_summary.json,/data/alice/ipardoza/Axions/results/alp_full_production/fccee_z_full_projection_fullbg_channelaware/cluster_4797476/job269_m39p6114170532_g3p29220242026em05_s91p2_IDEA/delphes.root,results/alp_full_production/fccee_z_full_projection_fullbg_channelaware/cluster_4797476/job269_m39p6114170532_g3p29220242026em05_s91p2_IDEA/full_point_summary.csv
4797476,270,41.6509921558,3.45946831989e-05,91.2,10000,fccee_z_full_projection_fullbg_channelaware,IDEA,resolved_prompt,0.00014045,0.0001404772516849,True,True,resolved_prompt,41.62694365054109,0.0240485052589107,38.42590866832733,2.336901801893738,/data/alice/ipardoza/Axions/results/alp_full_production/fccee_z_full_projection_fullbg_channelaware/cluster_4797476/job270_m41p6509921558_g3p45946831989em05_s91p2_IDEA/validation_plots/validation_summary.json,/data/alice/ipardoza/Axions/results/alp_full_production/fccee_z_full_projection_fullbg_channelaware/cluster_4797476/job270_m41p6509921558_g3p45946831989em05_s91p2_IDEA/alp_histograms_summary.json,/data/alice/ipardoza/Axions/results/alp_full_production/fccee_z_full_projection_fullbg_channelaware/cluster_4797476/job270_m41p6509921558_g3p45946831989em05_s91p2_IDEA/delphes.root,results/alp_full_production/fccee_z_full_projection_fullbg_channelaware/cluster_4797476/job270_m41p6509921558_g3p45946831989em05_s91p2_IDEA/full_point_summary.csv
4797476,271,43.7955841175,3.60740171688e-05,91.2,10000,fccee_z_full_projection_fullbg_channelaware,IDEA,resolved_prompt,0.00014031,0.0001403434320314,True,True,resolved_prompt,43.754832749244464,0.0407513682555347,38.05176366853714,2.967406147665528,/data/alice/ipardoza/Axions/results/alp_full_production/fccee_z_full_projection_fullbg_channelaware/cluster_4797476/job271_m43p7955841175_g3p60740171688em05_s91p2_IDEA/validation_plots/validation_summary.json,/data/alice/ipardoza/Axions/results/alp_full_production/fccee_z_full_projection_fullbg_channelaware/cluster_4797476/job271_m43p7955841175_g3p60740171688em05_s91p2_IDEA/alp_histograms_summary.json,/data/alice/ipardoza/Axions/results/alp_full_production/fccee_z_full_projection_fullbg_channelaware/cluster_4797476/job271_m43p7955841175_g3p60740171688em05_s91p2_IDEA/delphes.root,results/alp_full_production/fccee_z_full_projection_fullbg_channelaware/cluster_4797476/job271_m43p7955841175_g3p60740171688em05_s91p2_IDEA/full_point_summary.csv
4797476,272,46.0506002118,3.75279453707e-05,91.2,10000,fccee_z_full_projection_fullbg_channelaware,IDEA,resolved_prompt,0.0001378800000005,0.0001379101617431,True,True,resolved_prompt,46.01862969456207,0.0319705172379372,37.79029676990509,3.816710036719975,/data/alice/ipardoza/Axions/results/alp_full_production/fccee_z_full_projection_fullbg_channelaware/cluster_4797476/job272_m46p0506002118_g3p75279453707em05_s91p2_IDEA/validation_plots/validation_summary.json,/data/alice/ipardoza/Axions/results/alp_full_production/fccee_z_full_projection_fullbg_channelaware/cluster_4797476/job272_m46p0506002118_g3p75279453707em05_s91p2_IDEA/alp_histograms_summary.json,/data/alice/ipardoza/Axions/results/alp_full_production/fccee_z_full_projection_fullbg_channelaware/cluster_4797476/job272_m46p0506002118_g3p75279453707em05_s91p2_IDEA/delphes.root,results/alp_full_production/fccee_z_full_projection_fullbg_channelaware/cluster_4797476/job272_m46p0506002118_g3p75279453707em05_s91p2_IDEA/full_point_summary.csv
4797476,273,48.4217261307,3.9364217708e-05,91.2,10000,fccee_z_full_projection_fullbg_channelaware,IDEA,resolved_prompt,0.0001358400000008,0.000135868887654,True,True,resolved_prompt,48.42018138891895,0.0015447417810534,37.56111339931488,4.815628538988754,/data/alice/ipardoza/Axions/results/alp_full_production/fccee_z_full_projection_fullbg_channelaware/cluster_4797476/job273_m48p4217261307_g3p9364217708em05_s91p2_IDEA/validation_plots/validation_summary.json,/data/alice/ipardoza/Axions/results/alp_full_production/fccee_z_full_projection_fullbg_channelaware/cluster_4797476/job273_m48p4217261307_g3p9364217708em05_s91p2_IDEA/alp_histograms_summary.json,/data/alice/ipardoza/Axions/results/alp_full_production/fccee_z_full_projection_fullbg_channelaware/cluster_4797476/job273_m48p4217261307_g3p9364217708em05_s91p2_IDEA/delphes.root,results/alp_full_production/fccee_z_full_projection_fullbg_channelaware/cluster_4797476/job273_m48p4217261307_g3p9364217708em05_s91p2_IDEA/full_point_summary.csv
4797476,274,50.9149403197,4.21854952405e-05,91.2,10000,fccee_z_full_projection_fullbg_channelaware,IDEA,resolved_prompt,0.0001374000000001,0.0001374249351335,True,True,resolved_prompt,50.89136754796507,0.0235727717349334,37.48334092702866,6.095682745880701,/data/alice/ipardoza/Axions/results/alp_full_production/fccee_z_full_projection_fullbg_channelaware/cluster_4797476/job274_m50p9149403197_g4p21854952405em05_s91p2_IDEA/validation_plots/validation_summary.json,/data/alice/ipardoza/Axions/results/alp_full_production/fccee_z_full_projection_fullbg_channelaware/cluster_4797476/job274_m50p9149403197_g4p21854952405em05_s91p2_IDEA/alp_histograms_summary.json,/data/alice/ipardoza/Axions/results/alp_full_production/fccee_z_full_projection_fullbg_channelaware/cluster_4797476/job274_m50p9149403197_g4p21854952405em05_s91p2_IDEA/delphes.root,results/alp_full_production/fccee_z_full_projection_fullbg_channelaware/cluster_4797476/job274_m50p9149403197_g4p21854952405em05_s91p2_IDEA/full_point_summary.csv
4797476,275,53.5365290523,4.53957848604e-05,91.2,10000,fccee_z_full_projection_fullbg_channelaware,IDEA,resolved_prompt,0.00013735,0.0001373771596266,True,True,resolved_prompt,53.50810370081725,0.0284253514827526,37.7604341908495,7.874030369400824,/data/alice/ipardoza/Axions/results/alp_full_production/fccee_z_full_projection_fullbg_channelaware/cluster_4797476/job275_m53p5365290523_g4p53957848604em05_s91p2_IDEA/validation_plots/validation_summary.json,/data/alice/ipardoza/Axions/results/alp_full_production/fccee_z_full_projection_fullbg_channelaware/cluster_4797476/job275_m53p5365290523_g4p53957848604em05_s91p2_IDEA/alp_histograms_summary.json,/data/alice/ipardoza/Axions/results/alp_full_production/fccee_z_full_projection_fullbg_channelaware/cluster_4797476/job275_m53p5365290523_g4p53957848604em05_s91p2_IDEA/delphes.root,results/alp_full_production/fccee_z_full_projection_fullbg_channelaware/cluster_4797476/job275_m53p5365290523_g4p53957848604em05_s91p2_IDEA/full_point_summary.csv
4797476,276,56.2931022795,4.99128530387e-05,91.2,10000,fccee_z_full_projection_fullbg_channelaware,IDEA,resolved_prompt,0.00013989,0.0001399141612657,True,True,resolved_prompt,56.259246422202594,0.0338558572974037,38.12217783336639,9.895606365440116,/data/alice/ipardoza/Axions/results/alp_full_production/fccee_z_full_projection_fullbg_channelaware/cluster_4797476/job276_m56p2931022795_g4p99128530387em05_s91p2_IDEA/validation_plots/validation_summary.json,/data/alice/ipardoza/Axions/results/alp_full_production/fccee_z_full_projection_fullbg_channelaware/cluster_4797476/job276_m56p2931022795_g4p99128530387em05_s91p2_IDEA/alp_histograms_summary.json,/data/alice/ipardoza/Axions/results/alp_full_production/fccee_z_full_projection_fullbg_channelaware/cluster_4797476/job276_m56p2931022795_g4p99128530387em05_s91p2_IDEA/delphes.root,results/alp_full_production/fccee_z_full_projection_fullbg_channelaware/cluster_4797476/job276_m56p2931022795_g4p99128530387em05_s91p2_IDEA/full_point_summary.csv
4797476,277,59.1916102957,5.53966117401e-05,91.2,10000,fccee_z_full_projection_fullbg_channelaware,IDEA,resolved_prompt,0.0001408400000001,0.0001408694123987,True,True,resolved_prompt,59.14155736649536,0.0500529292046465,38.540231273841854,12.148820799050288,/data/alice/ipardoza/Axions/results/alp_full_production/fccee_z_full_projection_fullbg_channelaware/cluster_4797476/job277_m59p1916102957_g5p53966117401em05_s91p2_IDEA/validation_plots/validation_summary.json,/data/alice/ipardoza/Axions/results/alp_full_production/fccee_z_full_projection_fullbg_channelaware/cluster_4797476/job277_m59p1916102957_g5p53966117401em05_s91p2_IDEA/alp_histograms_summary.json,/data/alice/ipardoza/Axions/results/alp_full_production/fccee_z_full_projection_fullbg_channelaware/cluster_4797476/job277_m59p1916102957_g5p53966117401em05_s91p2_IDEA/delphes.root,results/alp_full_production/fccee_z_full_projection_fullbg_channelaware/cluster_4797476/job277_m59p1916102957_g5p53966117401em05_s91p2_IDEA/full_point_summary.csv
4797476,278,62.2393612632,6.28675043631e-05,91.2,10000,fccee_z_full_projection_fullbg_channelaware,IDEA,resolved_prompt,0.0001426900000002,0.0001427168288425,True,True,resolved_prompt,62.17210596676531,0.0672552964346948,38.962209949684144,14.599809129788971,/data/alice/ipardoza/Axions/results/alp_full_production/fccee_z_full_projection_fullbg_channelaware/cluster_4797476/job278_m62p2393612632_g6p28675043631em05_s91p2_IDEA/validation_plots/validation_summary.json,/data/alice/ipardoza/Axions/results/alp_full_production/fccee_z_full_projection_fullbg_channelaware/cluster_4797476/job278_m62p2393612632_g6p28675043631em05_s91p2_IDEA/alp_histograms_summary.json,/data/alice/ipardoza/Axions/results/alp_full_production/fccee_z_full_projection_fullbg_channelaware/cluster_4797476/job278_m62p2393612632_g6p28675043631em05_s91p2_IDEA/delphes.root,results/alp_full_production/fccee_z_full_projection_fullbg_channelaware/cluster_4797476/job278_m62p2393612632_g6p28675043631em05_s91p2_IDEA/full_point_summary.csv
4797476,279,65.4440396384,7.51716240346e-05,91.2,10000,fccee_z_full_projection_fullbg_channelaware,IDEA,resolved_prompt,0.00015268,0.000152711142107,True,True,resolved_prompt,65.36431888070594,0.0797207576940621,39.57284875540319,17.453782550318042,/data/alice/ipardoza/Axions/results/alp_full_production/fccee_z_full_projection_fullbg_channelaware/cluster_4797476/job279_m65p4440396384_g7p51716240346em05_s91p2_IDEA/validation_plots/validation_summary.json,/data/alice/ipardoza/Axions/results/alp_full_production/fccee_z_full_projection_fullbg_channelaware/cluster_4797476/job279_m65p4440396384_g7p51716240346em05_s91p2_IDEA/alp_histograms_summary.json,/data/alice/ipardoza/Axions/results/alp_full_production/fccee_z_full_projection_fullbg_channelaware/cluster_4797476/job279_m65p4440396384_g7p51716240346em05_s91p2_IDEA/delphes.root,results/alp_full_production/fccee_z_full_projection_fullbg_channelaware/cluster_4797476/job279_m65p4440396384_g7p51716240346em05_s91p2_IDEA/full_point_summary.csv
4797476,280,68.813725547,9.28914949594e-05,91.2,10000,fccee_z_full_projection_fullbg_channelaware,IDEA,resolved_prompt,0.0001631800000008,0.0001632138759604,True,True,resolved_prompt,68.70659505807383,0.1071304889261739,40.20734505444029,20.568577640283717,/data/alice/ipardoza/Axions/results/alp_full_production/fccee_z_full_projection_fullbg_channelaware/cluster_4797476/job280_m68p813725547_g9p28914949594em05_s91p2_IDEA/validation_plots/validation_summary.json,/data/alice/ipardoza/Axions/results/alp_full_production/fccee_z_full_projection_fullbg_channelaware/cluster_4797476/job280_m68p813725547_g9p28914949594em05_s91p2_IDEA/alp_histograms_summary.json,/data/alice/ipardoza/Axions/results/alp_full_production/fccee_z_full_projection_fullbg_channelaware/cluster_4797476/job280_m68p813725547_g9p28914949594em05_s91p2_IDEA/delphes.root,results/alp_full_production/fccee_z_full_projection_fullbg_channelaware/cluster_4797476/job280_m68p813725547_g9p28914949594em05_s91p2_IDEA/full_point_summary.csv
4797476,281,72.3569151572,0.000120419073638,91.2,10000,fccee_z_full_projection_fullbg_channelaware,IDEA,resolved_prompt,0.00017464,0.0001746792419242,True,True,resolved_prompt,72.25239492516477,0.1045202320352416,40.88587968044281,23.989405837604213,/data/alice/ipardoza/Axions/results/alp_full_production/fccee_z_full_projection_fullbg_channelaware/cluster_4797476/job281_m72p3569151572_g0p000120419073638_s91p2_IDEA/validation_plots/validation_summary.json,/data/alice/ipardoza/Axions/results/alp_full_production/fccee_z_full_projection_fullbg_channelaware/cluster_4797476/job281_m72p3569151572_g0p000120419073638_s91p2_IDEA/alp_histograms_summary.json,/data/alice/ipardoza/Axions/results/alp_full_production/fccee_z_full_projection_fullbg_channelaware/cluster_4797476/job281_m72p3569151572_g0p000120419073638_s91p2_IDEA/delphes.root,results/alp_full_production/fccee_z_full_projection_fullbg_channelaware/cluster_4797476/job281_m72p3569151572_g0p000120419073638_s91p2_IDEA/full_point_summary.csv
4797476,282,76.0825421012,0.00017235749568,91.2,10000,fccee_z_full_projection_fullbg_channelaware,IDEA,resolved_prompt,0.00019767,0.0001977135819938,True,True,resolved_prompt,75.98417247448592,0.0983696267140885,41.78462495069504,27.92011405475683,/data/alice/ipardoza/Axions/results/alp_full_production/fccee_z_full_projection_fullbg_channelaware/cluster_4797476/job282_m76p0825421012_g0p00017235749568_s91p2_IDEA/validation_plots/validation_summary.json,/data/alice/ipardoza/Axions/results/alp_full_production/fccee_z_full_projection_fullbg_channelaware/cluster_4797476/job282_m76p0825421012_g0p00017235749568_s91p2_IDEA/alp_histograms_summary.json,/data/alice/ipardoza/Axions/results/alp_full_production/fccee_z_full_projection_fullbg_channelaware/cluster_4797476/job282_m76p0825421012_g0p00017235749568_s91p2_IDEA/delphes.root,results/alp_full_production/fccee_z_full_projection_fullbg_channelaware/cluster_4797476/job282_m76p0825421012_g0p00017235749568_s91p2_IDEA/full_point_summary.csv
4797476,283,80.0,0.000283489724582,91.2,10000,fccee_z_full_projection_fullbg_channelaware,IDEA,resolved_prompt,0.0002331000000008,0.0002331460085173,True,True,resolved_prompt,79.864994321945,0.1350056780549948,42.68372097654343,32.171440274789035,/data/alice/ipardoza/Axions/results/alp_full_production/fccee_z_full_projection_fullbg_channelaware/cluster_4797476/job283_m80_g0p000283489724582_s91p2_IDEA/validation_plots/validation_summary.json,/data/alice/ipardoza/Axions/results/alp_full_production/fccee_z_full_projection_fullbg_channelaware/cluster_4797476/job283_m80_g0p000283489724582_s91p2_IDEA/alp_histograms_summary.json,/data/alice/ipardoza/Axions/results/alp_full_production/fccee_z_full_projection_fullbg_channelaware/cluster_4797476/job283_m80_g0p000283489724582_s91p2_IDEA/delphes.root,results/alp_full_production/fccee_z_full_projection_fullbg_channelaware/cluster_4797476/job283_m80_g0p000283489724582_s91p2_IDEA/full_point_summary.csv
